binsearch(arr x mid end),METHOD_INVOCATION, line no: 20,binsearch(arr x start mid),METHOD_INVOCATION, 0.6280742930213279, 0.0, 0.0, 0.7692307692307693, 0.0, 0.8164965809277261
binsearch(arr x mid end),METHOD_INVOCATION, line no: 20,binsearch(arr x 0 arr.length),METHOD_INVOCATION, 0.5631010902949836, 0.0, 0.0, 0.6896551724137931, 0.0, 0.8164965809277261
x > arr[mid],INFIX_EXPRESSION, line no: 19,x < arr[mid],INFIX_EXPRESSION, 0.529237746757157, 0.0, 0.0, 0.9166666666666666, 0.0, 0.5773502691896258
x < arr[mid],INFIX_EXPRESSION, line no: 17,x > arr[mid],INFIX_EXPRESSION, 0.4899789435061114, 0.0, 0.0, 0.9166666666666666, 0.0, 0.5345224838248488
(end - start),PARENTHESIZED_EXPRESSION, line no: 16,end - start,INFIX_EXPRESSION, 0.45228825554410285, 0.0, 0.0, 0.8461538461538461, 0.0, 0.5345224838248488
end - start,INFIX_EXPRESSION, line no: 16,(end - start),PARENTHESIZED_EXPRESSION, 0.45228825554410285, 0.0, 0.0, 0.8461538461538461, 0.0, 0.5345224838248488
(end - start) / 2,INFIX_EXPRESSION, line no: 16,(end - start),PARENTHESIZED_EXPRESSION, 0.4087524876307667, 0.0, 0.0, 0.7647058823529411, 0.0, 0.5345224838248488
(end - start),PARENTHESIZED_EXPRESSION, line no: 16,(end - start) / 2,INFIX_EXPRESSION, 0.4087524876307667, 0.0, 0.0, 0.7647058823529411, 0.0, 0.5345224838248488
x > arr[mid],INFIX_EXPRESSION, line no: 19,arr[mid],ARRAY_ACCESS, 0.3849001794597505, 0.0, 0.0, 0.6666666666666666, 0.0, 0.5773502691896258
arr[mid],ARRAY_ACCESS, line no: 19,x < arr[mid],INFIX_EXPRESSION, 0.3849001794597505, 0.0, 0.0, 0.6666666666666666, 0.0, 0.5773502691896258
arr[mid],ARRAY_ACCESS, line no: 19,x > arr[mid],INFIX_EXPRESSION, 0.3849001794597505, 0.0, 0.0, 0.6666666666666666, 0.0, 0.5773502691896258
binsearch(arr x start mid),METHOD_INVOCATION, line no: 18,binsearch(arr x mid end),METHOD_INVOCATION, 0.38461538461538464, 0.0, 0.0, 0.7692307692307693, 0.0, 0.5
binsearch(arr x 0 arr.length),METHOD_INVOCATION, line no: 27,binsearch(arr x start mid),METHOD_INVOCATION, 0.36863619574127504, 0.0, 0.0, 0.6896551724137931, 0.0, 0.5345224838248488
binsearch(arr x 0 arr.length),METHOD_INVOCATION, line no: 27,binsearch(arr x mid end),METHOD_INVOCATION, 0.36863619574127504, 0.0, 0.0, 0.6896551724137931, 0.0, 0.5345224838248488
start + (end - start) / 2,INFIX_EXPRESSION, line no: 16,(end - start) / 2,INFIX_EXPRESSION, 0.3634752890008972, 0.0, 0.0, 0.68, 0.0, 0.5345224838248488
(end - start) / 2,INFIX_EXPRESSION, line no: 16,start + (end - start) / 2,INFIX_EXPRESSION, 0.3634752890008972, 0.0, 0.0, 0.68, 0.0, 0.5345224838248488
x < arr[mid],INFIX_EXPRESSION, line no: 17,arr[mid],ARRAY_ACCESS, 0.3563483225498992, 0.0, 0.0, 0.6666666666666666, 0.0, 0.5345224838248488
arr[mid],ARRAY_ACCESS, line no: 17,x < arr[mid],INFIX_EXPRESSION, 0.3563483225498992, 0.0, 0.0, 0.6666666666666666, 0.0, 0.5345224838248488
arr[mid],ARRAY_ACCESS, line no: 17,x > arr[mid],INFIX_EXPRESSION, 0.3563483225498992, 0.0, 0.0, 0.6666666666666666, 0.0, 0.5345224838248488
(end - start) / 2,INFIX_EXPRESSION, line no: 16,end - start,INFIX_EXPRESSION, 0.3458674895337257, 0.0, 0.0, 0.6470588235294118, 0.0, 0.5345224838248488
end - start,INFIX_EXPRESSION, line no: 16,(end - start) / 2,INFIX_EXPRESSION, 0.3458674895337257, 0.0, 0.0, 0.6470588235294118, 0.0, 0.5345224838248488
binsearch(arr x start mid),METHOD_INVOCATION, line no: 18,binsearch(arr x 0 arr.length),METHOD_INVOCATION, 0.3448275862068966, 0.0, 0.0, 0.6896551724137931, 0.0, 0.5
arr,SIMPLE_NAME, line no: 20,start,SIMPLE_NAME, 0.3265986323710905, 0.0, 0.0, 0.4, 0.0, 0.8164965809277261
arr.length,QUALIFIED_NAME, line no: 27,length,SIMPLE_NAME, 0.32071349029490925, 0.0, 0.0, 0.6, 0.0, 0.5345224838248488
length,SIMPLE_NAME, line no: 27,arr.length,QUALIFIED_NAME, 0.32071349029490925, 0.0, 0.0, 0.6, 0.0, 0.5345224838248488
binsearch(arr x mid end),METHOD_INVOCATION, line no: 20,binsearch,SIMPLE_NAME, 0.3061862178478973, 0.0, 0.0, 0.375, 0.0, 0.8164965809277261
binsearch,SIMPLE_NAME, line no: 20,binsearch(arr x mid end),METHOD_INVOCATION, 0.3061862178478973, 0.0, 0.0, 0.375, 0.0, 0.8164965809277261
arr,SIMPLE_NAME, line no: 20,arr[mid],ARRAY_ACCESS, 0.3061862178478973, 0.0, 0.0, 0.375, 0.0, 0.8164965809277261
mid,SIMPLE_NAME, line no: 20,arr[mid],ARRAY_ACCESS, 0.3061862178478973, 0.0, 0.0, 0.375, 0.0, 0.8164965809277261
binsearch,SIMPLE_NAME, line no: 20,end - start,INFIX_EXPRESSION, 0.29690784761008226, 0.0, 0.0, 0.36363636363636365, 0.0, 0.8164965809277261
binsearch,SIMPLE_NAME, line no: 20,binsearch(arr x start mid),METHOD_INVOCATION, 0.2826334318595975, 0.0, 0.0, 0.34615384615384615, 0.0, 0.8164965809277261
start + (end - start) / 2,INFIX_EXPRESSION, line no: 16,(end - start),PARENTHESIZED_EXPRESSION, 0.27795169158892136, 0.0, 0.0, 0.52, 0.0, 0.5345224838248488
(end - start),PARENTHESIZED_EXPRESSION, line no: 16,start + (end - start) / 2,INFIX_EXPRESSION, 0.27795169158892136, 0.0, 0.0, 0.52, 0.0, 0.5345224838248488
binsearch,SIMPLE_NAME, line no: 20,start,SIMPLE_NAME, 0.2721655269759087, 0.0, 0.0, 0.3333333333333333, 0.0, 0.8164965809277261
mid,SIMPLE_NAME, line no: 20,end,SIMPLE_NAME, 0.2721655269759087, 0.0, 0.0, 0.3333333333333333, 0.0, 0.8164965809277261
end,SIMPLE_NAME, line no: 20,mid,SIMPLE_NAME, 0.2721655269759087, 0.0, 0.0, 0.3333333333333333, 0.0, 0.8164965809277261
end,SIMPLE_NAME, line no: 20,length,SIMPLE_NAME, 0.2721655269759087, 0.0, 0.0, 0.3333333333333333, 0.0, 0.8164965809277261
binsearch(arr x mid end),METHOD_INVOCATION, line no: 20,start + (end - start) / 2,INFIX_EXPRESSION, 0.26127890589687236, 0.0, 0.0, 0.32, 0.0, 0.8164965809277261
binsearch,SIMPLE_NAME, line no: 20,binsearch(arr x 0 arr.length),METHOD_INVOCATION, 0.2533954906327426, 0.0, 0.0, 0.3103448275862069, 0.0, 0.8164965809277261
binsearch,SIMPLE_NAME, line no: 20,(end - start),PARENTHESIZED_EXPRESSION, 0.25122971720853116, 0.0, 0.0, 0.3076923076923077, 0.0, 0.8164965809277261
binsearch,SIMPLE_NAME, line no: 20,arr.length,QUALIFIED_NAME, 0.24494897427831783, 0.0, 0.0, 0.3, 0.0, 0.8164965809277261
arr,SIMPLE_NAME, line no: 20,arr.length,QUALIFIED_NAME, 0.24494897427831783, 0.0, 0.0, 0.3, 0.0, 0.8164965809277261
start,SIMPLE_NAME, line no: 13,end - start,INFIX_EXPRESSION, 0.24296476537493125, 0.0, 0.0, 0.45454545454545453, 0.0, 0.5345224838248488
start,SIMPLE_NAME, line no: 16,end - start,INFIX_EXPRESSION, 0.24296476537493125, 0.0, 0.0, 0.45454545454545453, 0.0, 0.5345224838248488
end - start,INFIX_EXPRESSION, line no: 16,start,SIMPLE_NAME, 0.24296476537493125, 0.0, 0.0, 0.45454545454545453, 0.0, 0.5345224838248488
start,SIMPLE_NAME, line no: 16,end - start,INFIX_EXPRESSION, 0.24296476537493125, 0.0, 0.0, 0.45454545454545453, 0.0, 0.5345224838248488
start + (end - start) / 2,INFIX_EXPRESSION, line no: 16,end - start,INFIX_EXPRESSION, 0.23518989288293346, 0.0, 0.0, 0.44, 0.0, 0.5345224838248488
end - start,INFIX_EXPRESSION, line no: 16,start + (end - start) / 2,INFIX_EXPRESSION, 0.23518989288293346, 0.0, 0.0, 0.44, 0.0, 0.5345224838248488
binsearch,SIMPLE_NAME, line no: 20,find_in_sorted,SIMPLE_NAME, 0.23328473740792174, 0.0, 0.0, 0.2857142857142857, 0.0, 0.8164965809277261
arr,SIMPLE_NAME, line no: 19,start,SIMPLE_NAME, 0.23094010767585035, 0.0, 0.0, 0.4, 0.0, 0.5773502691896258
start,SIMPLE_NAME, line no: 18,end - start,INFIX_EXPRESSION, 0.22727272727272727, 0.0, 0.0, 0.45454545454545453, 0.0, 0.5
start == end,INFIX_EXPRESSION, line no: 13,start,SIMPLE_NAME, 0.222717701593687, 0.0, 0.0, 0.4166666666666667, 0.0, 0.5345224838248488
start == end,INFIX_EXPRESSION, line no: 13,end - start,INFIX_EXPRESSION, 0.222717701593687, 0.0, 0.0, 0.4166666666666667, 0.0, 0.5345224838248488
start,SIMPLE_NAME, line no: 13,start == end,INFIX_EXPRESSION, 0.222717701593687, 0.0, 0.0, 0.4166666666666667, 0.0, 0.5345224838248488
start,SIMPLE_NAME, line no: 16,start == end,INFIX_EXPRESSION, 0.222717701593687, 0.0, 0.0, 0.4166666666666667, 0.0, 0.5345224838248488
end - start,INFIX_EXPRESSION, line no: 16,start == end,INFIX_EXPRESSION, 0.222717701593687, 0.0, 0.0, 0.4166666666666667, 0.0, 0.5345224838248488
start,SIMPLE_NAME, line no: 16,start == end,INFIX_EXPRESSION, 0.222717701593687, 0.0, 0.0, 0.4166666666666667, 0.0, 0.5345224838248488
end,SIMPLE_NAME, line no: 20,end - start,INFIX_EXPRESSION, 0.22268088570756167, 0.0, 0.0, 0.2727272727272727, 0.0, 0.8164965809277261
start == end,INFIX_EXPRESSION, line no: 13,(end - start) / 2,INFIX_EXPRESSION, 0.22009749333964362, 0.0, 0.0, 0.4117647058823529, 0.0, 0.5345224838248488
(end - start) / 2,INFIX_EXPRESSION, line no: 16,start == end,INFIX_EXPRESSION, 0.22009749333964362, 0.0, 0.0, 0.4117647058823529, 0.0, 0.5345224838248488
arr[mid],ARRAY_ACCESS, line no: 19,arr,SIMPLE_NAME, 0.2165063509461097, 0.0, 0.0, 0.375, 0.0, 0.5773502691896258
arr[mid],ARRAY_ACCESS, line no: 19,mid,SIMPLE_NAME, 0.2165063509461097, 0.0, 0.0, 0.375, 0.0, 0.5773502691896258
arr,SIMPLE_NAME, line no: 19,arr[mid],ARRAY_ACCESS, 0.2165063509461097, 0.0, 0.0, 0.375, 0.0, 0.5773502691896258
mid,SIMPLE_NAME, line no: 19,arr[mid],ARRAY_ACCESS, 0.2165063509461097, 0.0, 0.0, 0.375, 0.0, 0.5773502691896258
start == end,INFIX_EXPRESSION, line no: 13,start + (end - start) / 2,INFIX_EXPRESSION, 0.21380899352993954, 0.0, 0.0, 0.4, 0.0, 0.5345224838248488
start,SIMPLE_NAME, line no: 13,arr,SIMPLE_NAME, 0.21380899352993954, 0.0, 0.0, 0.4, 0.0, 0.5345224838248488
start + (end - start) / 2,INFIX_EXPRESSION, line no: 16,start == end,INFIX_EXPRESSION, 0.21380899352993954, 0.0, 0.0, 0.4, 0.0, 0.5345224838248488
start,SIMPLE_NAME, line no: 16,arr,SIMPLE_NAME, 0.21380899352993954, 0.0, 0.0, 0.4, 0.0, 0.5345224838248488
start,SIMPLE_NAME, line no: 16,arr,SIMPLE_NAME, 0.21380899352993954, 0.0, 0.0, 0.4, 0.0, 0.5345224838248488
arr,SIMPLE_NAME, line no: 17,start,SIMPLE_NAME, 0.21380899352993954, 0.0, 0.0, 0.4, 0.0, 0.5345224838248488
arr,SIMPLE_NAME, line no: 27,start,SIMPLE_NAME, 0.21380899352993954, 0.0, 0.0, 0.4, 0.0, 0.5345224838248488
arr,SIMPLE_NAME, line no: 27,start,SIMPLE_NAME, 0.21380899352993954, 0.0, 0.0, 0.4, 0.0, 0.5345224838248488
start,SIMPLE_NAME, line no: 18,start == end,INFIX_EXPRESSION, 0.20833333333333334, 0.0, 0.0, 0.4166666666666667, 0.0, 0.5
start == end,INFIX_EXPRESSION, line no: 13,(end - start),PARENTHESIZED_EXPRESSION, 0.20558557070186492, 0.0, 0.0, 0.38461538461538464, 0.0, 0.5345224838248488
start,SIMPLE_NAME, line no: 13,(end - start),PARENTHESIZED_EXPRESSION, 0.20558557070186492, 0.0, 0.0, 0.38461538461538464, 0.0, 0.5345224838248488
start + (end - start) / 2,INFIX_EXPRESSION, line no: 16,binsearch(arr x start mid),METHOD_INVOCATION, 0.20558557070186492, 0.0, 0.0, 0.38461538461538464, 0.0, 0.5345224838248488
start,SIMPLE_NAME, line no: 16,(end - start),PARENTHESIZED_EXPRESSION, 0.20558557070186492, 0.0, 0.0, 0.38461538461538464, 0.0, 0.5345224838248488
(end - start),PARENTHESIZED_EXPRESSION, line no: 16,start,SIMPLE_NAME, 0.20558557070186492, 0.0, 0.0, 0.38461538461538464, 0.0, 0.5345224838248488
(end - start),PARENTHESIZED_EXPRESSION, line no: 16,start == end,INFIX_EXPRESSION, 0.20558557070186492, 0.0, 0.0, 0.38461538461538464, 0.0, 0.5345224838248488
start,SIMPLE_NAME, line no: 16,(end - start),PARENTHESIZED_EXPRESSION, 0.20558557070186492, 0.0, 0.0, 0.38461538461538464, 0.0, 0.5345224838248488
binsearch(arr x mid end),METHOD_INVOCATION, line no: 20,buggy_java_programs,SIMPLE_NAME, 0.20412414523193154, 0.0, 0.0, 0.25, 0.0, 0.8164965809277261
binsearch(arr x mid end),METHOD_INVOCATION, line no: 20,start == end,INFIX_EXPRESSION, 0.20412414523193154, 0.0, 0.0, 0.25, 0.0, 0.8164965809277261
binsearch(arr x mid end),METHOD_INVOCATION, line no: 20,x < arr[mid],INFIX_EXPRESSION, 0.20412414523193154, 0.0, 0.0, 0.25, 0.0, 0.8164965809277261
binsearch(arr x mid end),METHOD_INVOCATION, line no: 20,arr[mid],ARRAY_ACCESS, 0.20412414523193154, 0.0, 0.0, 0.25, 0.0, 0.8164965809277261
binsearch(arr x mid end),METHOD_INVOCATION, line no: 20,x > arr[mid],INFIX_EXPRESSION, 0.20412414523193154, 0.0, 0.0, 0.25, 0.0, 0.8164965809277261
binsearch(arr x mid end),METHOD_INVOCATION, line no: 20,find_in_sorted,SIMPLE_NAME, 0.20412414523193154, 0.0, 0.0, 0.25, 0.0, 0.8164965809277261
binsearch,SIMPLE_NAME, line no: 20,start == end,INFIX_EXPRESSION, 0.20412414523193154, 0.0, 0.0, 0.25, 0.0, 0.8164965809277261
arr,SIMPLE_NAME, line no: 20,x < arr[mid],INFIX_EXPRESSION, 0.20412414523193154, 0.0, 0.0, 0.25, 0.0, 0.8164965809277261
arr,SIMPLE_NAME, line no: 20,x > arr[mid],INFIX_EXPRESSION, 0.20412414523193154, 0.0, 0.0, 0.25, 0.0, 0.8164965809277261
mid,SIMPLE_NAME, line no: 20,x < arr[mid],INFIX_EXPRESSION, 0.20412414523193154, 0.0, 0.0, 0.25, 0.0, 0.8164965809277261
mid,SIMPLE_NAME, line no: 20,x > arr[mid],INFIX_EXPRESSION, 0.20412414523193154, 0.0, 0.0, 0.25, 0.0, 0.8164965809277261
end,SIMPLE_NAME, line no: 20,start == end,INFIX_EXPRESSION, 0.20412414523193154, 0.0, 0.0, 0.25, 0.0, 0.8164965809277261
mid,SIMPLE_NAME, line no: 16,arr[mid],ARRAY_ACCESS, 0.2004459314343183, 0.0, 0.0, 0.375, 0.0, 0.5345224838248488
arr[mid],ARRAY_ACCESS, line no: 17,arr,SIMPLE_NAME, 0.2004459314343183, 0.0, 0.0, 0.375, 0.0, 0.5345224838248488
arr[mid],ARRAY_ACCESS, line no: 17,mid,SIMPLE_NAME, 0.2004459314343183, 0.0, 0.0, 0.375, 0.0, 0.5345224838248488
arr,SIMPLE_NAME, line no: 17,arr[mid],ARRAY_ACCESS, 0.2004459314343183, 0.0, 0.0, 0.375, 0.0, 0.5345224838248488
mid,SIMPLE_NAME, line no: 17,arr[mid],ARRAY_ACCESS, 0.2004459314343183, 0.0, 0.0, 0.375, 0.0, 0.5345224838248488
binsearch,SIMPLE_NAME, line no: 27,binsearch(arr x mid end),METHOD_INVOCATION, 0.2004459314343183, 0.0, 0.0, 0.375, 0.0, 0.5345224838248488
arr,SIMPLE_NAME, line no: 27,arr[mid],ARRAY_ACCESS, 0.2004459314343183, 0.0, 0.0, 0.375, 0.0, 0.5345224838248488
arr,SIMPLE_NAME, line no: 27,arr[mid],ARRAY_ACCESS, 0.2004459314343183, 0.0, 0.0, 0.375, 0.0, 0.5345224838248488
arr,SIMPLE_NAME, line no: 18,start,SIMPLE_NAME, 0.2, 0.0, 0.0, 0.4, 0.0, 0.5
start,SIMPLE_NAME, line no: 18,arr,SIMPLE_NAME, 0.2, 0.0, 0.0, 0.4, 0.0, 0.5
end - start,INFIX_EXPRESSION, line no: 16,binsearch,SIMPLE_NAME, 0.19437181229994502, 0.0, 0.0, 0.36363636363636365, 0.0, 0.5345224838248488
binsearch,SIMPLE_NAME, line no: 27,end - start,INFIX_EXPRESSION, 0.19437181229994502, 0.0, 0.0, 0.36363636363636365, 0.0, 0.5345224838248488
x > arr[mid],INFIX_EXPRESSION, line no: 19,end - start,INFIX_EXPRESSION, 0.19245008972987526, 0.0, 0.0, 0.3333333333333333, 0.0, 0.5773502691896258
mid,SIMPLE_NAME, line no: 19,end,SIMPLE_NAME, 0.19245008972987526, 0.0, 0.0, 0.3333333333333333, 0.0, 0.5773502691896258
binsearch(arr x start mid),METHOD_INVOCATION, line no: 18,start + (end - start) / 2,INFIX_EXPRESSION, 0.19230769230769232, 0.0, 0.0, 0.38461538461538464, 0.0, 0.5
start,SIMPLE_NAME, line no: 18,(end - start),PARENTHESIZED_EXPRESSION, 0.19230769230769232, 0.0, 0.0, 0.38461538461538464, 0.0, 0.5
binsearch,SIMPLE_NAME, line no: 20,(end - start) / 2,INFIX_EXPRESSION, 0.19211684257122968, 0.0, 0.0, 0.23529411764705882, 0.0, 0.8164965809277261
start == end,INFIX_EXPRESSION, line no: 13,find_in_sorted,SIMPLE_NAME, 0.19090088708030314, 0.0, 0.0, 0.35714285714285715, 0.0, 0.5345224838248488
(end - start),PARENTHESIZED_EXPRESSION, line no: 16,find_in_sorted,SIMPLE_NAME, 0.19090088708030314, 0.0, 0.0, 0.35714285714285715, 0.0, 0.5345224838248488
end - start,INFIX_EXPRESSION, line no: 16,find_in_sorted,SIMPLE_NAME, 0.19090088708030314, 0.0, 0.0, 0.35714285714285715, 0.0, 0.5345224838248488
end,SIMPLE_NAME, line no: 20,(end - start),PARENTHESIZED_EXPRESSION, 0.18842228790639834, 0.0, 0.0, 0.23076923076923078, 0.0, 0.8164965809277261
binsearch,SIMPLE_NAME, line no: 18,binsearch(arr x mid end),METHOD_INVOCATION, 0.1875, 0.0, 0.0, 0.375, 0.0, 0.5
arr,SIMPLE_NAME, line no: 18,arr[mid],ARRAY_ACCESS, 0.1875, 0.0, 0.0, 0.375, 0.0, 0.5
mid,SIMPLE_NAME, line no: 18,arr[mid],ARRAY_ACCESS, 0.1875, 0.0, 0.0, 0.375, 0.0, 0.5
binsearch,SIMPLE_NAME, line no: 27,binsearch(arr x start mid),METHOD_INVOCATION, 0.18502701363167842, 0.0, 0.0, 0.34615384615384615, 0.0, 0.5345224838248488
binsearch(arr x 0 arr.length),METHOD_INVOCATION, line no: 27,arr.length,QUALIFIED_NAME, 0.18431809787063752, 0.0, 0.0, 0.3448275862068966, 0.0, 0.5345224838248488
arr.length,QUALIFIED_NAME, line no: 27,binsearch(arr x 0 arr.length),METHOD_INVOCATION, 0.18431809787063752, 0.0, 0.0, 0.3448275862068966, 0.0, 0.5345224838248488
binsearch,SIMPLE_NAME, line no: 18,end - start,INFIX_EXPRESSION, 0.18181818181818182, 0.0, 0.0, 0.36363636363636365, 0.0, 0.5
binsearch,SIMPLE_NAME, line no: 20,arr,SIMPLE_NAME, 0.1814436846506058, 0.0, 0.0, 0.2222222222222222, 0.0, 0.8164965809277261
binsearch,SIMPLE_NAME, line no: 20,arr[mid],ARRAY_ACCESS, 0.1814436846506058, 0.0, 0.0, 0.2222222222222222, 0.0, 0.8164965809277261
binsearch,SIMPLE_NAME, line no: 20,length,SIMPLE_NAME, 0.1814436846506058, 0.0, 0.0, 0.2222222222222222, 0.0, 0.8164965809277261
arr,SIMPLE_NAME, line no: 20,binsearch,SIMPLE_NAME, 0.1814436846506058, 0.0, 0.0, 0.2222222222222222, 0.0, 0.8164965809277261
start == end,INFIX_EXPRESSION, line no: 13,arr.length,QUALIFIED_NAME, 0.1781741612749496, 0.0, 0.0, 0.3333333333333333, 0.0, 0.5345224838248488
start,SIMPLE_NAME, line no: 13,binsearch,SIMPLE_NAME, 0.1781741612749496, 0.0, 0.0, 0.3333333333333333, 0.0, 0.5345224838248488
end,SIMPLE_NAME, line no: 13,mid,SIMPLE_NAME, 0.1781741612749496, 0.0, 0.0, 0.3333333333333333, 0.0, 0.5345224838248488
end,SIMPLE_NAME, line no: 13,length,SIMPLE_NAME, 0.1781741612749496, 0.0, 0.0, 0.3333333333333333, 0.0, 0.5345224838248488
mid,SIMPLE_NAME, line no: 16,end,SIMPLE_NAME, 0.1781741612749496, 0.0, 0.0, 0.3333333333333333, 0.0, 0.5345224838248488
start,SIMPLE_NAME, line no: 16,binsearch,SIMPLE_NAME, 0.1781741612749496, 0.0, 0.0, 0.3333333333333333, 0.0, 0.5345224838248488
end - start,INFIX_EXPRESSION, line no: 16,x < arr[mid],INFIX_EXPRESSION, 0.1781741612749496, 0.0, 0.0, 0.3333333333333333, 0.0, 0.5345224838248488
end - start,INFIX_EXPRESSION, line no: 16,x > arr[mid],INFIX_EXPRESSION, 0.1781741612749496, 0.0, 0.0, 0.3333333333333333, 0.0, 0.5345224838248488
end,SIMPLE_NAME, line no: 16,mid,SIMPLE_NAME, 0.1781741612749496, 0.0, 0.0, 0.3333333333333333, 0.0, 0.5345224838248488
end,SIMPLE_NAME, line no: 16,length,SIMPLE_NAME, 0.1781741612749496, 0.0, 0.0, 0.3333333333333333, 0.0, 0.5345224838248488
start,SIMPLE_NAME, line no: 16,binsearch,SIMPLE_NAME, 0.1781741612749496, 0.0, 0.0, 0.3333333333333333, 0.0, 0.5345224838248488
x < arr[mid],INFIX_EXPRESSION, line no: 17,end - start,INFIX_EXPRESSION, 0.1781741612749496, 0.0, 0.0, 0.3333333333333333, 0.0, 0.5345224838248488
mid,SIMPLE_NAME, line no: 17,end,SIMPLE_NAME, 0.1781741612749496, 0.0, 0.0, 0.3333333333333333, 0.0, 0.5345224838248488
binsearch,SIMPLE_NAME, line no: 27,start,SIMPLE_NAME, 0.1781741612749496, 0.0, 0.0, 0.3333333333333333, 0.0, 0.5345224838248488
arr.length,QUALIFIED_NAME, line no: 27,start == end,INFIX_EXPRESSION, 0.1781741612749496, 0.0, 0.0, 0.3333333333333333, 0.0, 0.5345224838248488
length,SIMPLE_NAME, line no: 27,end,SIMPLE_NAME, 0.1781741612749496, 0.0, 0.0, 0.3333333333333333, 0.0, 0.5345224838248488
x > arr[mid],INFIX_EXPRESSION, line no: 19,(end - start),PARENTHESIZED_EXPRESSION, 0.17764623667373103, 0.0, 0.0, 0.3076923076923077, 0.0, 0.5773502691896258
arr[mid],ARRAY_ACCESS, line no: 19,arr.length,QUALIFIED_NAME, 0.17320508075688776, 0.0, 0.0, 0.3, 0.0, 0.5773502691896258
arr,SIMPLE_NAME, line no: 19,arr.length,QUALIFIED_NAME, 0.17320508075688776, 0.0, 0.0, 0.3, 0.0, 0.5773502691896258
binsearch(arr x start mid),METHOD_INVOCATION, line no: 18,binsearch,SIMPLE_NAME, 0.17307692307692307, 0.0, 0.0, 0.34615384615384615, 0.0, 0.5
binsearch,SIMPLE_NAME, line no: 18,binsearch(arr x start mid),METHOD_INVOCATION, 0.17307692307692307, 0.0, 0.0, 0.34615384615384615, 0.0, 0.5
start + (end - start) / 2,INFIX_EXPRESSION, line no: 16,binsearch(arr x mid end),METHOD_INVOCATION, 0.17104719482395161, 0.0, 0.0, 0.32, 0.0, 0.5345224838248488
binsearch(arr x mid end),METHOD_INVOCATION, line no: 20,(end - start) / 2,INFIX_EXPRESSION, 0.17010345435994295, 0.0, 0.0, 0.20833333333333334, 0.0, 0.8164965809277261
binsearch(arr x mid end),METHOD_INVOCATION, line no: 20,(end - start),PARENTHESIZED_EXPRESSION, 0.17010345435994295, 0.0, 0.0, 0.20833333333333334, 0.0, 0.8164965809277261
binsearch(arr x mid end),METHOD_INVOCATION, line no: 20,arr.length,QUALIFIED_NAME, 0.17010345435994295, 0.0, 0.0, 0.20833333333333334, 0.0, 0.8164965809277261
binsearch,SIMPLE_NAME, line no: 18,start,SIMPLE_NAME, 0.16666666666666666, 0.0, 0.0, 0.3333333333333333, 0.0, 0.5
start,SIMPLE_NAME, line no: 18,binsearch,SIMPLE_NAME, 0.16666666666666666, 0.0, 0.0, 0.3333333333333333, 0.0, 0.5
mid,SIMPLE_NAME, line no: 18,end,SIMPLE_NAME, 0.16666666666666666, 0.0, 0.0, 0.3333333333333333, 0.0, 0.5
binsearch(arr x 0 arr.length),METHOD_INVOCATION, line no: 27,binsearch,SIMPLE_NAME, 0.16588628808357378, 0.0, 0.0, 0.3103448275862069, 0.0, 0.5345224838248488
binsearch,SIMPLE_NAME, line no: 27,binsearch(arr x 0 arr.length),METHOD_INVOCATION, 0.16588628808357378, 0.0, 0.0, 0.3103448275862069, 0.0, 0.5345224838248488
(end - start),PARENTHESIZED_EXPRESSION, line no: 16,binsearch,SIMPLE_NAME, 0.16446845656149195, 0.0, 0.0, 0.3076923076923077, 0.0, 0.5345224838248488
(end - start),PARENTHESIZED_EXPRESSION, line no: 16,x < arr[mid],INFIX_EXPRESSION, 0.16446845656149195, 0.0, 0.0, 0.3076923076923077, 0.0, 0.5345224838248488
(end - start),PARENTHESIZED_EXPRESSION, line no: 16,x > arr[mid],INFIX_EXPRESSION, 0.16446845656149195, 0.0, 0.0, 0.3076923076923077, 0.0, 0.5345224838248488
x < arr[mid],INFIX_EXPRESSION, line no: 17,(end - start),PARENTHESIZED_EXPRESSION, 0.16446845656149195, 0.0, 0.0, 0.3076923076923077, 0.0, 0.5345224838248488
binsearch,SIMPLE_NAME, line no: 27,(end - start),PARENTHESIZED_EXPRESSION, 0.16446845656149195, 0.0, 0.0, 0.3076923076923077, 0.0, 0.5345224838248488
end,SIMPLE_NAME, line no: 20,arr.length,QUALIFIED_NAME, 0.16329931618554525, 0.0, 0.0, 0.2, 0.0, 0.8164965809277261
start,SIMPLE_NAME, line no: 13,arr.length,QUALIFIED_NAME, 0.16035674514745463, 0.0, 0.0, 0.3, 0.0, 0.5345224838248488
start,SIMPLE_NAME, line no: 16,arr.length,QUALIFIED_NAME, 0.16035674514745463, 0.0, 0.0, 0.3, 0.0, 0.5345224838248488
start,SIMPLE_NAME, line no: 16,arr.length,QUALIFIED_NAME, 0.16035674514745463, 0.0, 0.0, 0.3, 0.0, 0.5345224838248488
arr[mid],ARRAY_ACCESS, line no: 17,arr.length,QUALIFIED_NAME, 0.16035674514745463, 0.0, 0.0, 0.3, 0.0, 0.5345224838248488
arr,SIMPLE_NAME, line no: 17,arr.length,QUALIFIED_NAME, 0.16035674514745463, 0.0, 0.0, 0.3, 0.0, 0.5345224838248488
binsearch,SIMPLE_NAME, line no: 27,arr.length,QUALIFIED_NAME, 0.16035674514745463, 0.0, 0.0, 0.3, 0.0, 0.5345224838248488
arr,SIMPLE_NAME, line no: 27,arr.length,QUALIFIED_NAME, 0.16035674514745463, 0.0, 0.0, 0.3, 0.0, 0.5345224838248488
arr.length,QUALIFIED_NAME, line no: 27,binsearch,SIMPLE_NAME, 0.16035674514745463, 0.0, 0.0, 0.3, 0.0, 0.5345224838248488
arr.length,QUALIFIED_NAME, line no: 27,arr,SIMPLE_NAME, 0.16035674514745463, 0.0, 0.0, 0.3, 0.0, 0.5345224838248488
arr.length,QUALIFIED_NAME, line no: 27,start,SIMPLE_NAME, 0.16035674514745463, 0.0, 0.0, 0.3, 0.0, 0.5345224838248488
arr.length,QUALIFIED_NAME, line no: 27,arr[mid],ARRAY_ACCESS, 0.16035674514745463, 0.0, 0.0, 0.3, 0.0, 0.5345224838248488
arr,SIMPLE_NAME, line no: 27,arr.length,QUALIFIED_NAME, 0.16035674514745463, 0.0, 0.0, 0.3, 0.0, 0.5345224838248488
start,SIMPLE_NAME, line no: 13,(end - start) / 2,INFIX_EXPRESSION, 0.15721249524260258, 0.0, 0.0, 0.29411764705882354, 0.0, 0.5345224838248488
start,SIMPLE_NAME, line no: 16,(end - start) / 2,INFIX_EXPRESSION, 0.15721249524260258, 0.0, 0.0, 0.29411764705882354, 0.0, 0.5345224838248488
(end - start) / 2,INFIX_EXPRESSION, line no: 16,start,SIMPLE_NAME, 0.15721249524260258, 0.0, 0.0, 0.29411764705882354, 0.0, 0.5345224838248488
(end - start) / 2,INFIX_EXPRESSION, line no: 16,find_in_sorted,SIMPLE_NAME, 0.15721249524260258, 0.0, 0.0, 0.29411764705882354, 0.0, 0.5345224838248488
start,SIMPLE_NAME, line no: 16,(end - start) / 2,INFIX_EXPRESSION, 0.15721249524260258, 0.0, 0.0, 0.29411764705882354, 0.0, 0.5345224838248488
binsearch,SIMPLE_NAME, line no: 18,binsearch(arr x 0 arr.length),METHOD_INVOCATION, 0.15517241379310345, 0.0, 0.0, 0.3103448275862069, 0.0, 0.5
binsearch,SIMPLE_NAME, line no: 18,(end - start),PARENTHESIZED_EXPRESSION, 0.15384615384615385, 0.0, 0.0, 0.3076923076923077, 0.0, 0.5
binsearch,SIMPLE_NAME, line no: 27,find_in_sorted,SIMPLE_NAME, 0.1527207096642425, 0.0, 0.0, 0.2857142857142857, 0.0, 0.5345224838248488
binsearch,SIMPLE_NAME, line no: 18,arr.length,QUALIFIED_NAME, 0.15, 0.0, 0.0, 0.3, 0.0, 0.5
arr,SIMPLE_NAME, line no: 18,arr.length,QUALIFIED_NAME, 0.15, 0.0, 0.0, 0.3, 0.0, 0.5
start,SIMPLE_NAME, line no: 18,arr.length,QUALIFIED_NAME, 0.15, 0.0, 0.0, 0.3, 0.0, 0.5
arr,SIMPLE_NAME, line no: 20,end - start,INFIX_EXPRESSION, 0.14845392380504113, 0.0, 0.0, 0.18181818181818182, 0.0, 0.8164965809277261
start + (end - start) / 2,INFIX_EXPRESSION, line no: 16,binsearch(arr x 0 arr.length),METHOD_INVOCATION, 0.14745447829651, 0.0, 0.0, 0.27586206896551724, 0.0, 0.5345224838248488
binsearch(arr x 0 arr.length),METHOD_INVOCATION, line no: 27,start + (end - start) / 2,INFIX_EXPRESSION, 0.14745447829651, 0.0, 0.0, 0.27586206896551724, 0.0, 0.5345224838248488
start,SIMPLE_NAME, line no: 18,(end - start) / 2,INFIX_EXPRESSION, 0.14705882352941177, 0.0, 0.0, 0.29411764705882354, 0.0, 0.5
end,SIMPLE_NAME, line no: 13,end - start,INFIX_EXPRESSION, 0.14577885922495876, 0.0, 0.0, 0.2727272727272727, 0.0, 0.5345224838248488
end - start,INFIX_EXPRESSION, line no: 16,end,SIMPLE_NAME, 0.14577885922495876, 0.0, 0.0, 0.2727272727272727, 0.0, 0.5345224838248488
end - start,INFIX_EXPRESSION, line no: 16,arr.length,QUALIFIED_NAME, 0.14577885922495876, 0.0, 0.0, 0.2727272727272727, 0.0, 0.5345224838248488
end - start,INFIX_EXPRESSION, line no: 16,length,SIMPLE_NAME, 0.14577885922495876, 0.0, 0.0, 0.2727272727272727, 0.0, 0.5345224838248488
end,SIMPLE_NAME, line no: 16,end - start,INFIX_EXPRESSION, 0.14577885922495876, 0.0, 0.0, 0.2727272727272727, 0.0, 0.5345224838248488
arr.length,QUALIFIED_NAME, line no: 27,end - start,INFIX_EXPRESSION, 0.14577885922495876, 0.0, 0.0, 0.2727272727272727, 0.0, 0.5345224838248488
length,SIMPLE_NAME, line no: 27,end - start,INFIX_EXPRESSION, 0.14577885922495876, 0.0, 0.0, 0.2727272727272727, 0.0, 0.5345224838248488
x > arr[mid],INFIX_EXPRESSION, line no: 19,arr,SIMPLE_NAME, 0.14433756729740646, 0.0, 0.0, 0.25, 0.0, 0.5773502691896258
x > arr[mid],INFIX_EXPRESSION, line no: 19,start == end,INFIX_EXPRESSION, 0.14433756729740646, 0.0, 0.0, 0.25, 0.0, 0.5773502691896258
x > arr[mid],INFIX_EXPRESSION, line no: 19,mid,SIMPLE_NAME, 0.14433756729740646, 0.0, 0.0, 0.25, 0.0, 0.5773502691896258
x > arr[mid],INFIX_EXPRESSION, line no: 19,binsearch(arr x mid end),METHOD_INVOCATION, 0.14433756729740646, 0.0, 0.0, 0.25, 0.0, 0.5773502691896258
x > arr[mid],INFIX_EXPRESSION, line no: 19,arr.length,QUALIFIED_NAME, 0.14433756729740646, 0.0, 0.0, 0.25, 0.0, 0.5773502691896258
arr[mid],ARRAY_ACCESS, line no: 19,start,SIMPLE_NAME, 0.14433756729740646, 0.0, 0.0, 0.25, 0.0, 0.5773502691896258
arr[mid],ARRAY_ACCESS, line no: 19,start == end,INFIX_EXPRESSION, 0.14433756729740646, 0.0, 0.0, 0.25, 0.0, 0.5773502691896258
arr[mid],ARRAY_ACCESS, line no: 19,binsearch(arr x mid end),METHOD_INVOCATION, 0.14433756729740646, 0.0, 0.0, 0.25, 0.0, 0.5773502691896258
arr,SIMPLE_NAME, line no: 19,x < arr[mid],INFIX_EXPRESSION, 0.14433756729740646, 0.0, 0.0, 0.25, 0.0, 0.5773502691896258
arr,SIMPLE_NAME, line no: 19,x > arr[mid],INFIX_EXPRESSION, 0.14433756729740646, 0.0, 0.0, 0.25, 0.0, 0.5773502691896258
mid,SIMPLE_NAME, line no: 19,x < arr[mid],INFIX_EXPRESSION, 0.14433756729740646, 0.0, 0.0, 0.25, 0.0, 0.5773502691896258
mid,SIMPLE_NAME, line no: 19,x > arr[mid],INFIX_EXPRESSION, 0.14433756729740646, 0.0, 0.0, 0.25, 0.0, 0.5773502691896258
end,SIMPLE_NAME, line no: 20,(end - start) / 2,INFIX_EXPRESSION, 0.14408763192842228, 0.0, 0.0, 0.17647058823529413, 0.0, 0.8164965809277261
(end - start) / 2,INFIX_EXPRESSION, line no: 16,binsearch(arr x start mid),METHOD_INVOCATION, 0.14390989949130545, 0.0, 0.0, 0.2692307692307692, 0.0, 0.5345224838248488
(end - start),PARENTHESIZED_EXPRESSION, line no: 16,binsearch(arr x start mid),METHOD_INVOCATION, 0.14390989949130545, 0.0, 0.0, 0.2692307692307692, 0.0, 0.5345224838248488
binsearch,SIMPLE_NAME, line no: 18,find_in_sorted,SIMPLE_NAME, 0.14285714285714285, 0.0, 0.0, 0.2857142857142857, 0.0, 0.5
binsearch(arr x mid end),METHOD_INVOCATION, line no: 20,end - start,INFIX_EXPRESSION, 0.13608276348795434, 0.0, 0.0, 0.16666666666666666, 0.0, 0.8164965809277261
binsearch,SIMPLE_NAME, line no: 20,x < arr[mid],INFIX_EXPRESSION, 0.13608276348795434, 0.0, 0.0, 0.16666666666666666, 0.0, 0.8164965809277261
binsearch,SIMPLE_NAME, line no: 20,x > arr[mid],INFIX_EXPRESSION, 0.13608276348795434, 0.0, 0.0, 0.16666666666666666, 0.0, 0.8164965809277261
arr,SIMPLE_NAME, line no: 20,start == end,INFIX_EXPRESSION, 0.13608276348795434, 0.0, 0.0, 0.16666666666666666, 0.0, 0.8164965809277261
x > arr[mid],INFIX_EXPRESSION, line no: 19,(end - start) / 2,INFIX_EXPRESSION, 0.1358471221622649, 0.0, 0.0, 0.23529411764705882, 0.0, 0.5773502691896258
binsearch(arr x start mid),METHOD_INVOCATION, line no: 18,buggy_java_programs,SIMPLE_NAME, 0.1346153846153846, 0.0, 0.0, 0.2692307692307692, 0.0, 0.5
binsearch(arr x start mid),METHOD_INVOCATION, line no: 18,(end - start) / 2,INFIX_EXPRESSION, 0.1346153846153846, 0.0, 0.0, 0.2692307692307692, 0.0, 0.5
binsearch(arr x start mid),METHOD_INVOCATION, line no: 18,(end - start),PARENTHESIZED_EXPRESSION, 0.1346153846153846, 0.0, 0.0, 0.2692307692307692, 0.0, 0.5
start == end,INFIX_EXPRESSION, line no: 13,binsearch,SIMPLE_NAME, 0.1336306209562122, 0.0, 0.0, 0.25, 0.0, 0.5345224838248488
start == end,INFIX_EXPRESSION, line no: 13,end,SIMPLE_NAME, 0.1336306209562122, 0.0, 0.0, 0.25, 0.0, 0.5345224838248488
start == end,INFIX_EXPRESSION, line no: 13,x < arr[mid],INFIX_EXPRESSION, 0.1336306209562122, 0.0, 0.0, 0.25, 0.0, 0.5345224838248488
start == end,INFIX_EXPRESSION, line no: 13,arr[mid],ARRAY_ACCESS, 0.1336306209562122, 0.0, 0.0, 0.25, 0.0, 0.5345224838248488
start == end,INFIX_EXPRESSION, line no: 13,x > arr[mid],INFIX_EXPRESSION, 0.1336306209562122, 0.0, 0.0, 0.25, 0.0, 0.5345224838248488
start == end,INFIX_EXPRESSION, line no: 13,binsearch(arr x mid end),METHOD_INVOCATION, 0.1336306209562122, 0.0, 0.0, 0.25, 0.0, 0.5345224838248488
start,SIMPLE_NAME, line no: 13,arr[mid],ARRAY_ACCESS, 0.1336306209562122, 0.0, 0.0, 0.25, 0.0, 0.5345224838248488
end,SIMPLE_NAME, line no: 13,start == end,INFIX_EXPRESSION, 0.1336306209562122, 0.0, 0.0, 0.25, 0.0, 0.5345224838248488
mid,SIMPLE_NAME, line no: 16,x < arr[mid],INFIX_EXPRESSION, 0.1336306209562122, 0.0, 0.0, 0.25, 0.0, 0.5345224838248488
mid,SIMPLE_NAME, line no: 16,x > arr[mid],INFIX_EXPRESSION, 0.1336306209562122, 0.0, 0.0, 0.25, 0.0, 0.5345224838248488
start,SIMPLE_NAME, line no: 16,arr[mid],ARRAY_ACCESS, 0.1336306209562122, 0.0, 0.0, 0.25, 0.0, 0.5345224838248488
end,SIMPLE_NAME, line no: 16,start == end,INFIX_EXPRESSION, 0.1336306209562122, 0.0, 0.0, 0.25, 0.0, 0.5345224838248488
start,SIMPLE_NAME, line no: 16,arr[mid],ARRAY_ACCESS, 0.1336306209562122, 0.0, 0.0, 0.25, 0.0, 0.5345224838248488
x < arr[mid],INFIX_EXPRESSION, line no: 17,arr,SIMPLE_NAME, 0.1336306209562122, 0.0, 0.0, 0.25, 0.0, 0.5345224838248488
x < arr[mid],INFIX_EXPRESSION, line no: 17,start == end,INFIX_EXPRESSION, 0.1336306209562122, 0.0, 0.0, 0.25, 0.0, 0.5345224838248488
x < arr[mid],INFIX_EXPRESSION, line no: 17,mid,SIMPLE_NAME, 0.1336306209562122, 0.0, 0.0, 0.25, 0.0, 0.5345224838248488
x < arr[mid],INFIX_EXPRESSION, line no: 17,binsearch(arr x mid end),METHOD_INVOCATION, 0.1336306209562122, 0.0, 0.0, 0.25, 0.0, 0.5345224838248488
x < arr[mid],INFIX_EXPRESSION, line no: 17,arr.length,QUALIFIED_NAME, 0.1336306209562122, 0.0, 0.0, 0.25, 0.0, 0.5345224838248488
arr[mid],ARRAY_ACCESS, line no: 17,start,SIMPLE_NAME, 0.1336306209562122, 0.0, 0.0, 0.25, 0.0, 0.5345224838248488
arr[mid],ARRAY_ACCESS, line no: 17,start == end,INFIX_EXPRESSION, 0.1336306209562122, 0.0, 0.0, 0.25, 0.0, 0.5345224838248488
arr[mid],ARRAY_ACCESS, line no: 17,binsearch(arr x mid end),METHOD_INVOCATION, 0.1336306209562122, 0.0, 0.0, 0.25, 0.0, 0.5345224838248488
arr,SIMPLE_NAME, line no: 17,x < arr[mid],INFIX_EXPRESSION, 0.1336306209562122, 0.0, 0.0, 0.25, 0.0, 0.5345224838248488
arr,SIMPLE_NAME, line no: 17,x > arr[mid],INFIX_EXPRESSION, 0.1336306209562122, 0.0, 0.0, 0.25, 0.0, 0.5345224838248488
mid,SIMPLE_NAME, line no: 17,x < arr[mid],INFIX_EXPRESSION, 0.1336306209562122, 0.0, 0.0, 0.25, 0.0, 0.5345224838248488
mid,SIMPLE_NAME, line no: 17,x > arr[mid],INFIX_EXPRESSION, 0.1336306209562122, 0.0, 0.0, 0.25, 0.0, 0.5345224838248488
binsearch,SIMPLE_NAME, line no: 27,start == end,INFIX_EXPRESSION, 0.1336306209562122, 0.0, 0.0, 0.25, 0.0, 0.5345224838248488
arr,SIMPLE_NAME, line no: 27,x < arr[mid],INFIX_EXPRESSION, 0.1336306209562122, 0.0, 0.0, 0.25, 0.0, 0.5345224838248488
arr,SIMPLE_NAME, line no: 27,x > arr[mid],INFIX_EXPRESSION, 0.1336306209562122, 0.0, 0.0, 0.25, 0.0, 0.5345224838248488
arr.length,QUALIFIED_NAME, line no: 27,x < arr[mid],INFIX_EXPRESSION, 0.1336306209562122, 0.0, 0.0, 0.25, 0.0, 0.5345224838248488
arr.length,QUALIFIED_NAME, line no: 27,x > arr[mid],INFIX_EXPRESSION, 0.1336306209562122, 0.0, 0.0, 0.25, 0.0, 0.5345224838248488
arr,SIMPLE_NAME, line no: 27,x < arr[mid],INFIX_EXPRESSION, 0.1336306209562122, 0.0, 0.0, 0.25, 0.0, 0.5345224838248488
arr,SIMPLE_NAME, line no: 27,x > arr[mid],INFIX_EXPRESSION, 0.1336306209562122, 0.0, 0.0, 0.25, 0.0, 0.5345224838248488
x > arr[mid],INFIX_EXPRESSION, line no: 19,binsearch(arr x start mid),METHOD_INVOCATION, 0.13323467750529827, 0.0, 0.0, 0.23076923076923078, 0.0, 0.5773502691896258
arr[mid],ARRAY_ACCESS, line no: 19,binsearch(arr x start mid),METHOD_INVOCATION, 0.13323467750529827, 0.0, 0.0, 0.23076923076923078, 0.0, 0.5773502691896258
binsearch,SIMPLE_NAME, line no: 20,start + (end - start) / 2,INFIX_EXPRESSION, 0.13063945294843618, 0.0, 0.0, 0.16, 0.0, 0.8164965809277261
binsearch,SIMPLE_NAME, line no: 20,buggy_java_programs,SIMPLE_NAME, 0.12892051277806202, 0.0, 0.0, 0.15789473684210525, 0.0, 0.8164965809277261
arr,SIMPLE_NAME, line no: 20,buggy_java_programs,SIMPLE_NAME, 0.12892051277806202, 0.0, 0.0, 0.15789473684210525, 0.0, 0.8164965809277261
arr[mid],ARRAY_ACCESS, line no: 19,binsearch,SIMPLE_NAME, 0.12830005981991685, 0.0, 0.0, 0.2222222222222222, 0.0, 0.5773502691896258
arr,SIMPLE_NAME, line no: 19,binsearch,SIMPLE_NAME, 0.12830005981991685, 0.0, 0.0, 0.2222222222222222, 0.0, 0.5773502691896258
(end - start) / 2,INFIX_EXPRESSION, line no: 16,binsearch,SIMPLE_NAME, 0.12576999619408208, 0.0, 0.0, 0.23529411764705882, 0.0, 0.5345224838248488
(end - start) / 2,INFIX_EXPRESSION, line no: 16,x < arr[mid],INFIX_EXPRESSION, 0.12576999619408208, 0.0, 0.0, 0.23529411764705882, 0.0, 0.5345224838248488
(end - start) / 2,INFIX_EXPRESSION, line no: 16,x > arr[mid],INFIX_EXPRESSION, 0.12576999619408208, 0.0, 0.0, 0.23529411764705882, 0.0, 0.5345224838248488
x < arr[mid],INFIX_EXPRESSION, line no: 17,(end - start) / 2,INFIX_EXPRESSION, 0.12576999619408208, 0.0, 0.0, 0.23529411764705882, 0.0, 0.5345224838248488
binsearch,SIMPLE_NAME, line no: 27,(end - start) / 2,INFIX_EXPRESSION, 0.12576999619408208, 0.0, 0.0, 0.23529411764705882, 0.0, 0.5345224838248488
arr,SIMPLE_NAME, line no: 20,(end - start),PARENTHESIZED_EXPRESSION, 0.12561485860426558, 0.0, 0.0, 0.15384615384615385, 0.0, 0.8164965809277261
binsearch,SIMPLE_NAME, line no: 18,start == end,INFIX_EXPRESSION, 0.125, 0.0, 0.0, 0.25, 0.0, 0.5
arr,SIMPLE_NAME, line no: 18,x < arr[mid],INFIX_EXPRESSION, 0.125, 0.0, 0.0, 0.25, 0.0, 0.5
arr,SIMPLE_NAME, line no: 18,x > arr[mid],INFIX_EXPRESSION, 0.125, 0.0, 0.0, 0.25, 0.0, 0.5
start,SIMPLE_NAME, line no: 18,arr[mid],ARRAY_ACCESS, 0.125, 0.0, 0.0, 0.25, 0.0, 0.5
mid,SIMPLE_NAME, line no: 18,x < arr[mid],INFIX_EXPRESSION, 0.125, 0.0, 0.0, 0.25, 0.0, 0.5
mid,SIMPLE_NAME, line no: 18,x > arr[mid],INFIX_EXPRESSION, 0.125, 0.0, 0.0, 0.25, 0.0, 0.5
start == end,INFIX_EXPRESSION, line no: 13,binsearch(arr x start mid),METHOD_INVOCATION, 0.12335134242111896, 0.0, 0.0, 0.23076923076923078, 0.0, 0.5345224838248488
end,SIMPLE_NAME, line no: 13,(end - start),PARENTHESIZED_EXPRESSION, 0.12335134242111896, 0.0, 0.0, 0.23076923076923078, 0.0, 0.5345224838248488
(end - start),PARENTHESIZED_EXPRESSION, line no: 16,end,SIMPLE_NAME, 0.12335134242111896, 0.0, 0.0, 0.23076923076923078, 0.0, 0.5345224838248488
(end - start),PARENTHESIZED_EXPRESSION, line no: 16,arr.length,QUALIFIED_NAME, 0.12335134242111896, 0.0, 0.0, 0.23076923076923078, 0.0, 0.5345224838248488
(end - start),PARENTHESIZED_EXPRESSION, line no: 16,length,SIMPLE_NAME, 0.12335134242111896, 0.0, 0.0, 0.23076923076923078, 0.0, 0.5345224838248488
end - start,INFIX_EXPRESSION, line no: 16,binsearch(arr x start mid),METHOD_INVOCATION, 0.12335134242111896, 0.0, 0.0, 0.23076923076923078, 0.0, 0.5345224838248488
end,SIMPLE_NAME, line no: 16,(end - start),PARENTHESIZED_EXPRESSION, 0.12335134242111896, 0.0, 0.0, 0.23076923076923078, 0.0, 0.5345224838248488
x < arr[mid],INFIX_EXPRESSION, line no: 17,binsearch(arr x start mid),METHOD_INVOCATION, 0.12335134242111896, 0.0, 0.0, 0.23076923076923078, 0.0, 0.5345224838248488
arr[mid],ARRAY_ACCESS, line no: 17,binsearch(arr x start mid),METHOD_INVOCATION, 0.12335134242111896, 0.0, 0.0, 0.23076923076923078, 0.0, 0.5345224838248488
arr.length,QUALIFIED_NAME, line no: 27,(end - start),PARENTHESIZED_EXPRESSION, 0.12335134242111896, 0.0, 0.0, 0.23076923076923078, 0.0, 0.5345224838248488
length,SIMPLE_NAME, line no: 27,(end - start),PARENTHESIZED_EXPRESSION, 0.12335134242111896, 0.0, 0.0, 0.23076923076923078, 0.0, 0.5345224838248488
x > arr[mid],INFIX_EXPRESSION, line no: 19,buggy_java_programs,SIMPLE_NAME, 0.1215474250925528, 0.0, 0.0, 0.21052631578947367, 0.0, 0.5773502691896258
arr[mid],ARRAY_ACCESS, line no: 19,buggy_java_programs,SIMPLE_NAME, 0.1215474250925528, 0.0, 0.0, 0.21052631578947367, 0.0, 0.5773502691896258
arr[mid],ARRAY_ACCESS, line no: 17,binsearch,SIMPLE_NAME, 0.11878277418329973, 0.0, 0.0, 0.2222222222222222, 0.0, 0.5345224838248488
arr,SIMPLE_NAME, line no: 17,binsearch,SIMPLE_NAME, 0.11878277418329973, 0.0, 0.0, 0.2222222222222222, 0.0, 0.5345224838248488
binsearch,SIMPLE_NAME, line no: 27,arr,SIMPLE_NAME, 0.11878277418329973, 0.0, 0.0, 0.2222222222222222, 0.0, 0.5345224838248488
binsearch,SIMPLE_NAME, line no: 27,arr[mid],ARRAY_ACCESS, 0.11878277418329973, 0.0, 0.0, 0.2222222222222222, 0.0, 0.5345224838248488
binsearch,SIMPLE_NAME, line no: 27,length,SIMPLE_NAME, 0.11878277418329973, 0.0, 0.0, 0.2222222222222222, 0.0, 0.5345224838248488
arr,SIMPLE_NAME, line no: 27,binsearch,SIMPLE_NAME, 0.11878277418329973, 0.0, 0.0, 0.2222222222222222, 0.0, 0.5345224838248488
arr,SIMPLE_NAME, line no: 27,binsearch,SIMPLE_NAME, 0.11878277418329973, 0.0, 0.0, 0.2222222222222222, 0.0, 0.5345224838248488
length,SIMPLE_NAME, line no: 27,binsearch,SIMPLE_NAME, 0.11878277418329973, 0.0, 0.0, 0.2222222222222222, 0.0, 0.5345224838248488
binsearch,SIMPLE_NAME, line no: 18,(end - start) / 2,INFIX_EXPRESSION, 0.11764705882352941, 0.0, 0.0, 0.23529411764705882, 0.0, 0.5
mid,SIMPLE_NAME, line no: 20,find_in_sorted,SIMPLE_NAME, 0.11664236870396087, 0.0, 0.0, 0.14285714285714285, 0.0, 0.8164965809277261
end,SIMPLE_NAME, line no: 20,find_in_sorted,SIMPLE_NAME, 0.11664236870396087, 0.0, 0.0, 0.14285714285714285, 0.0, 0.8164965809277261
binsearch(arr x start mid),METHOD_INVOCATION, line no: 18,start == end,INFIX_EXPRESSION, 0.11538461538461539, 0.0, 0.0, 0.23076923076923078, 0.0, 0.5
binsearch(arr x start mid),METHOD_INVOCATION, line no: 18,end - start,INFIX_EXPRESSION, 0.11538461538461539, 0.0, 0.0, 0.23076923076923078, 0.0, 0.5
binsearch(arr x start mid),METHOD_INVOCATION, line no: 18,x < arr[mid],INFIX_EXPRESSION, 0.11538461538461539, 0.0, 0.0, 0.23076923076923078, 0.0, 0.5
binsearch(arr x start mid),METHOD_INVOCATION, line no: 18,arr[mid],ARRAY_ACCESS, 0.11538461538461539, 0.0, 0.0, 0.23076923076923078, 0.0, 0.5
binsearch(arr x start mid),METHOD_INVOCATION, line no: 18,x > arr[mid],INFIX_EXPRESSION, 0.11538461538461539, 0.0, 0.0, 0.23076923076923078, 0.0, 0.5
binsearch(arr x start mid),METHOD_INVOCATION, line no: 18,find_in_sorted,SIMPLE_NAME, 0.11538461538461539, 0.0, 0.0, 0.23076923076923078, 0.0, 0.5
start,SIMPLE_NAME, line no: 13,find_in_sorted,SIMPLE_NAME, 0.11454053224818188, 0.0, 0.0, 0.21428571428571427, 0.0, 0.5345224838248488
start,SIMPLE_NAME, line no: 16,find_in_sorted,SIMPLE_NAME, 0.11454053224818188, 0.0, 0.0, 0.21428571428571427, 0.0, 0.5345224838248488
start,SIMPLE_NAME, line no: 16,find_in_sorted,SIMPLE_NAME, 0.11454053224818188, 0.0, 0.0, 0.21428571428571427, 0.0, 0.5345224838248488
x < arr[mid],INFIX_EXPRESSION, line no: 17,buggy_java_programs,SIMPLE_NAME, 0.11253104922628394, 0.0, 0.0, 0.21052631578947367, 0.0, 0.5345224838248488
arr[mid],ARRAY_ACCESS, line no: 17,buggy_java_programs,SIMPLE_NAME, 0.11253104922628394, 0.0, 0.0, 0.21052631578947367, 0.0, 0.5345224838248488
(end - start) / 2,INFIX_EXPRESSION, line no: 16,binsearch(arr x mid end),METHOD_INVOCATION, 0.1113588507968435, 0.0, 0.0, 0.20833333333333334, 0.0, 0.5345224838248488
(end - start),PARENTHESIZED_EXPRESSION, line no: 16,binsearch(arr x mid end),METHOD_INVOCATION, 0.1113588507968435, 0.0, 0.0, 0.20833333333333334, 0.0, 0.5345224838248488
arr.length,QUALIFIED_NAME, line no: 27,binsearch(arr x mid end),METHOD_INVOCATION, 0.1113588507968435, 0.0, 0.0, 0.20833333333333334, 0.0, 0.5345224838248488
binsearch,SIMPLE_NAME, line no: 18,arr,SIMPLE_NAME, 0.1111111111111111, 0.0, 0.0, 0.2222222222222222, 0.0, 0.5
binsearch,SIMPLE_NAME, line no: 18,arr[mid],ARRAY_ACCESS, 0.1111111111111111, 0.0, 0.0, 0.2222222222222222, 0.0, 0.5
binsearch,SIMPLE_NAME, line no: 18,length,SIMPLE_NAME, 0.1111111111111111, 0.0, 0.0, 0.2222222222222222, 0.0, 0.5
arr,SIMPLE_NAME, line no: 18,binsearch,SIMPLE_NAME, 0.1111111111111111, 0.0, 0.0, 0.2222222222222222, 0.0, 0.5
(end - start) / 2,INFIX_EXPRESSION, line no: 16,binsearch(arr x 0 arr.length),METHOD_INVOCATION, 0.1105908587223825, 0.0, 0.0, 0.20689655172413793, 0.0, 0.5345224838248488
(end - start),PARENTHESIZED_EXPRESSION, line no: 16,binsearch(arr x 0 arr.length),METHOD_INVOCATION, 0.1105908587223825, 0.0, 0.0, 0.20689655172413793, 0.0, 0.5345224838248488
binsearch(arr x 0 arr.length),METHOD_INVOCATION, line no: 27,buggy_java_programs,SIMPLE_NAME, 0.1105908587223825, 0.0, 0.0, 0.20689655172413793, 0.0, 0.5345224838248488
binsearch(arr x 0 arr.length),METHOD_INVOCATION, line no: 27,(end - start) / 2,INFIX_EXPRESSION, 0.1105908587223825, 0.0, 0.0, 0.20689655172413793, 0.0, 0.5345224838248488
binsearch(arr x 0 arr.length),METHOD_INVOCATION, line no: 27,(end - start),PARENTHESIZED_EXPRESSION, 0.1105908587223825, 0.0, 0.0, 0.20689655172413793, 0.0, 0.5345224838248488
binsearch(arr x 0 arr.length),METHOD_INVOCATION, line no: 27,length,SIMPLE_NAME, 0.1105908587223825, 0.0, 0.0, 0.20689655172413793, 0.0, 0.5345224838248488
length,SIMPLE_NAME, line no: 27,binsearch(arr x 0 arr.length),METHOD_INVOCATION, 0.1105908587223825, 0.0, 0.0, 0.20689655172413793, 0.0, 0.5345224838248488
start,SIMPLE_NAME, line no: 18,find_in_sorted,SIMPLE_NAME, 0.10714285714285714, 0.0, 0.0, 0.21428571428571427, 0.0, 0.5
start,SIMPLE_NAME, line no: 13,start + (end - start) / 2,INFIX_EXPRESSION, 0.10690449676496977, 0.0, 0.0, 0.2, 0.0, 0.5345224838248488
end,SIMPLE_NAME, line no: 13,arr.length,QUALIFIED_NAME, 0.10690449676496977, 0.0, 0.0, 0.2, 0.0, 0.5345224838248488
start + (end - start) / 2,INFIX_EXPRESSION, line no: 16,start,SIMPLE_NAME, 0.10690449676496977, 0.0, 0.0, 0.2, 0.0, 0.5345224838248488
start + (end - start) / 2,INFIX_EXPRESSION, line no: 16,find_in_sorted,SIMPLE_NAME, 0.10690449676496977, 0.0, 0.0, 0.2, 0.0, 0.5345224838248488
start + (end - start) / 2,INFIX_EXPRESSION, line no: 16,arr.length,QUALIFIED_NAME, 0.10690449676496977, 0.0, 0.0, 0.2, 0.0, 0.5345224838248488
start,SIMPLE_NAME, line no: 16,start + (end - start) / 2,INFIX_EXPRESSION, 0.10690449676496977, 0.0, 0.0, 0.2, 0.0, 0.5345224838248488
end,SIMPLE_NAME, line no: 16,arr.length,QUALIFIED_NAME, 0.10690449676496977, 0.0, 0.0, 0.2, 0.0, 0.5345224838248488
start,SIMPLE_NAME, line no: 16,start + (end - start) / 2,INFIX_EXPRESSION, 0.10690449676496977, 0.0, 0.0, 0.2, 0.0, 0.5345224838248488
arr.length,QUALIFIED_NAME, line no: 27,end,SIMPLE_NAME, 0.10690449676496977, 0.0, 0.0, 0.2, 0.0, 0.5345224838248488
arr.length,QUALIFIED_NAME, line no: 27,start + (end - start) / 2,INFIX_EXPRESSION, 0.10690449676496977, 0.0, 0.0, 0.2, 0.0, 0.5345224838248488
arr[mid],ARRAY_ACCESS, line no: 19,end - start,INFIX_EXPRESSION, 0.10497277621629561, 0.0, 0.0, 0.18181818181818182, 0.0, 0.5773502691896258
arr,SIMPLE_NAME, line no: 19,end - start,INFIX_EXPRESSION, 0.10497277621629561, 0.0, 0.0, 0.18181818181818182, 0.0, 0.5773502691896258
start,SIMPLE_NAME, line no: 13,binsearch(arr x start mid),METHOD_INVOCATION, 0.10279278535093246, 0.0, 0.0, 0.19230769230769232, 0.0, 0.5345224838248488
start,SIMPLE_NAME, line no: 16,binsearch(arr x start mid),METHOD_INVOCATION, 0.10279278535093246, 0.0, 0.0, 0.19230769230769232, 0.0, 0.5345224838248488
start,SIMPLE_NAME, line no: 16,binsearch(arr x start mid),METHOD_INVOCATION, 0.10279278535093246, 0.0, 0.0, 0.19230769230769232, 0.0, 0.5345224838248488
binsearch(arr x mid end),METHOD_INVOCATION, line no: 20,arr,SIMPLE_NAME, 0.10206207261596577, 0.0, 0.0, 0.125, 0.0, 0.8164965809277261
binsearch(arr x mid end),METHOD_INVOCATION, line no: 20,start,SIMPLE_NAME, 0.10206207261596577, 0.0, 0.0, 0.125, 0.0, 0.8164965809277261
binsearch(arr x mid end),METHOD_INVOCATION, line no: 20,end,SIMPLE_NAME, 0.10206207261596577, 0.0, 0.0, 0.125, 0.0, 0.8164965809277261
binsearch(arr x mid end),METHOD_INVOCATION, line no: 20,mid,SIMPLE_NAME, 0.10206207261596577, 0.0, 0.0, 0.125, 0.0, 0.8164965809277261
arr,SIMPLE_NAME, line no: 20,binsearch(arr x mid end),METHOD_INVOCATION, 0.10206207261596577, 0.0, 0.0, 0.125, 0.0, 0.8164965809277261
mid,SIMPLE_NAME, line no: 20,binsearch(arr x mid end),METHOD_INVOCATION, 0.10206207261596577, 0.0, 0.0, 0.125, 0.0, 0.8164965809277261
end,SIMPLE_NAME, line no: 20,arr[mid],ARRAY_ACCESS, 0.10206207261596577, 0.0, 0.0, 0.125, 0.0, 0.8164965809277261
end,SIMPLE_NAME, line no: 20,binsearch(arr x mid end),METHOD_INVOCATION, 0.10206207261596577, 0.0, 0.0, 0.125, 0.0, 0.8164965809277261
start,SIMPLE_NAME, line no: 18,start + (end - start) / 2,INFIX_EXPRESSION, 0.1, 0.0, 0.0, 0.2, 0.0, 0.5
arr,SIMPLE_NAME, line no: 20,start + (end - start) / 2,INFIX_EXPRESSION, 0.09797958971132713, 0.0, 0.0, 0.12, 0.0, 0.8164965809277261
end,SIMPLE_NAME, line no: 20,start + (end - start) / 2,INFIX_EXPRESSION, 0.09797958971132713, 0.0, 0.0, 0.12, 0.0, 0.8164965809277261
end - start,INFIX_EXPRESSION, line no: 16,arr,SIMPLE_NAME, 0.09718590614997251, 0.0, 0.0, 0.18181818181818182, 0.0, 0.5345224838248488
end - start,INFIX_EXPRESSION, line no: 16,arr[mid],ARRAY_ACCESS, 0.09718590614997251, 0.0, 0.0, 0.18181818181818182, 0.0, 0.5345224838248488
arr[mid],ARRAY_ACCESS, line no: 17,end - start,INFIX_EXPRESSION, 0.09718590614997251, 0.0, 0.0, 0.18181818181818182, 0.0, 0.5345224838248488
arr,SIMPLE_NAME, line no: 17,end - start,INFIX_EXPRESSION, 0.09718590614997251, 0.0, 0.0, 0.18181818181818182, 0.0, 0.5345224838248488
arr,SIMPLE_NAME, line no: 27,end - start,INFIX_EXPRESSION, 0.09718590614997251, 0.0, 0.0, 0.18181818181818182, 0.0, 0.5345224838248488
arr,SIMPLE_NAME, line no: 27,end - start,INFIX_EXPRESSION, 0.09718590614997251, 0.0, 0.0, 0.18181818181818182, 0.0, 0.5345224838248488
x > arr[mid],INFIX_EXPRESSION, line no: 19,binsearch,SIMPLE_NAME, 0.09622504486493763, 0.0, 0.0, 0.16666666666666666, 0.0, 0.5773502691896258
x > arr[mid],INFIX_EXPRESSION, line no: 19,start,SIMPLE_NAME, 0.09622504486493763, 0.0, 0.0, 0.16666666666666666, 0.0, 0.5773502691896258
arr,SIMPLE_NAME, line no: 19,start == end,INFIX_EXPRESSION, 0.09622504486493763, 0.0, 0.0, 0.16666666666666666, 0.0, 0.5773502691896258
binsearch(arr x start mid),METHOD_INVOCATION, line no: 18,start,SIMPLE_NAME, 0.09615384615384616, 0.0, 0.0, 0.19230769230769232, 0.0, 0.5
start,SIMPLE_NAME, line no: 18,binsearch(arr x start mid),METHOD_INVOCATION, 0.09615384615384616, 0.0, 0.0, 0.19230769230769232, 0.0, 0.5
arr,SIMPLE_NAME, line no: 20,(end - start) / 2,INFIX_EXPRESSION, 0.09605842128561484, 0.0, 0.0, 0.11764705882352941, 0.0, 0.8164965809277261
end,SIMPLE_NAME, line no: 13,(end - start) / 2,INFIX_EXPRESSION, 0.09432749714556156, 0.0, 0.0, 0.17647058823529413, 0.0, 0.5345224838248488
(end - start) / 2,INFIX_EXPRESSION, line no: 16,end,SIMPLE_NAME, 0.09432749714556156, 0.0, 0.0, 0.17647058823529413, 0.0, 0.5345224838248488
(end - start) / 2,INFIX_EXPRESSION, line no: 16,arr.length,QUALIFIED_NAME, 0.09432749714556156, 0.0, 0.0, 0.17647058823529413, 0.0, 0.5345224838248488
(end - start) / 2,INFIX_EXPRESSION, line no: 16,length,SIMPLE_NAME, 0.09432749714556156, 0.0, 0.0, 0.17647058823529413, 0.0, 0.5345224838248488
end,SIMPLE_NAME, line no: 16,(end - start) / 2,INFIX_EXPRESSION, 0.09432749714556156, 0.0, 0.0, 0.17647058823529413, 0.0, 0.5345224838248488
arr.length,QUALIFIED_NAME, line no: 27,(end - start) / 2,INFIX_EXPRESSION, 0.09432749714556156, 0.0, 0.0, 0.17647058823529413, 0.0, 0.5345224838248488
length,SIMPLE_NAME, line no: 27,(end - start) / 2,INFIX_EXPRESSION, 0.09432749714556156, 0.0, 0.0, 0.17647058823529413, 0.0, 0.5345224838248488
arr,SIMPLE_NAME, line no: 20,binsearch(arr x start mid),METHOD_INVOCATION, 0.09421114395319917, 0.0, 0.0, 0.11538461538461539, 0.0, 0.8164965809277261
mid,SIMPLE_NAME, line no: 20,binsearch(arr x start mid),METHOD_INVOCATION, 0.09421114395319917, 0.0, 0.0, 0.11538461538461539, 0.0, 0.8164965809277261
x > arr[mid],INFIX_EXPRESSION, line no: 19,start + (end - start) / 2,INFIX_EXPRESSION, 0.09237604307034014, 0.0, 0.0, 0.16, 0.0, 0.5773502691896258
start == end,INFIX_EXPRESSION, line no: 13,binsearch(arr x 0 arr.length),METHOD_INVOCATION, 0.09215904893531876, 0.0, 0.0, 0.1724137931034483, 0.0, 0.5345224838248488
end - start,INFIX_EXPRESSION, line no: 16,binsearch(arr x 0 arr.length),METHOD_INVOCATION, 0.09215904893531876, 0.0, 0.0, 0.1724137931034483, 0.0, 0.5345224838248488
binsearch(arr x 0 arr.length),METHOD_INVOCATION, line no: 27,start == end,INFIX_EXPRESSION, 0.09215904893531876, 0.0, 0.0, 0.1724137931034483, 0.0, 0.5345224838248488
binsearch(arr x 0 arr.length),METHOD_INVOCATION, line no: 27,end - start,INFIX_EXPRESSION, 0.09215904893531876, 0.0, 0.0, 0.1724137931034483, 0.0, 0.5345224838248488
binsearch(arr x 0 arr.length),METHOD_INVOCATION, line no: 27,find_in_sorted,SIMPLE_NAME, 0.09215904893531876, 0.0, 0.0, 0.1724137931034483, 0.0, 0.5345224838248488
arr,SIMPLE_NAME, line no: 19,buggy_java_programs,SIMPLE_NAME, 0.0911605688194146, 0.0, 0.0, 0.15789473684210525, 0.0, 0.5773502691896258
arr,SIMPLE_NAME, line no: 18,end - start,INFIX_EXPRESSION, 0.09090909090909091, 0.0, 0.0, 0.18181818181818182, 0.0, 0.5
binsearch,SIMPLE_NAME, line no: 20,end,SIMPLE_NAME, 0.0907218423253029, 0.0, 0.0, 0.1111111111111111, 0.0, 0.8164965809277261
binsearch,SIMPLE_NAME, line no: 20,mid,SIMPLE_NAME, 0.0907218423253029, 0.0, 0.0, 0.1111111111111111, 0.0, 0.8164965809277261
mid,SIMPLE_NAME, line no: 20,binsearch,SIMPLE_NAME, 0.0907218423253029, 0.0, 0.0, 0.1111111111111111, 0.0, 0.8164965809277261
end,SIMPLE_NAME, line no: 20,binsearch,SIMPLE_NAME, 0.0907218423253029, 0.0, 0.0, 0.1111111111111111, 0.0, 0.8164965809277261
start == end,INFIX_EXPRESSION, line no: 13,arr,SIMPLE_NAME, 0.0890870806374748, 0.0, 0.0, 0.16666666666666666, 0.0, 0.5345224838248488
start == end,INFIX_EXPRESSION, line no: 13,length,SIMPLE_NAME, 0.0890870806374748, 0.0, 0.0, 0.16666666666666666, 0.0, 0.5345224838248488
start,SIMPLE_NAME, line no: 13,x < arr[mid],INFIX_EXPRESSION, 0.0890870806374748, 0.0, 0.0, 0.16666666666666666, 0.0, 0.5345224838248488
start,SIMPLE_NAME, line no: 13,x > arr[mid],INFIX_EXPRESSION, 0.0890870806374748, 0.0, 0.0, 0.16666666666666666, 0.0, 0.5345224838248488
start,SIMPLE_NAME, line no: 13,length,SIMPLE_NAME, 0.0890870806374748, 0.0, 0.0, 0.16666666666666666, 0.0, 0.5345224838248488
start,SIMPLE_NAME, line no: 16,x < arr[mid],INFIX_EXPRESSION, 0.0890870806374748, 0.0, 0.0, 0.16666666666666666, 0.0, 0.5345224838248488
start,SIMPLE_NAME, line no: 16,x > arr[mid],INFIX_EXPRESSION, 0.0890870806374748, 0.0, 0.0, 0.16666666666666666, 0.0, 0.5345224838248488
start,SIMPLE_NAME, line no: 16,length,SIMPLE_NAME, 0.0890870806374748, 0.0, 0.0, 0.16666666666666666, 0.0, 0.5345224838248488
end - start,INFIX_EXPRESSION, line no: 16,binsearch(arr x mid end),METHOD_INVOCATION, 0.0890870806374748, 0.0, 0.0, 0.16666666666666666, 0.0, 0.5345224838248488
start,SIMPLE_NAME, line no: 16,x < arr[mid],INFIX_EXPRESSION, 0.0890870806374748, 0.0, 0.0, 0.16666666666666666, 0.0, 0.5345224838248488
start,SIMPLE_NAME, line no: 16,x > arr[mid],INFIX_EXPRESSION, 0.0890870806374748, 0.0, 0.0, 0.16666666666666666, 0.0, 0.5345224838248488
start,SIMPLE_NAME, line no: 16,length,SIMPLE_NAME, 0.0890870806374748, 0.0, 0.0, 0.16666666666666666, 0.0, 0.5345224838248488
x < arr[mid],INFIX_EXPRESSION, line no: 17,binsearch,SIMPLE_NAME, 0.0890870806374748, 0.0, 0.0, 0.16666666666666666, 0.0, 0.5345224838248488
x < arr[mid],INFIX_EXPRESSION, line no: 17,start,SIMPLE_NAME, 0.0890870806374748, 0.0, 0.0, 0.16666666666666666, 0.0, 0.5345224838248488
arr,SIMPLE_NAME, line no: 17,start == end,INFIX_EXPRESSION, 0.0890870806374748, 0.0, 0.0, 0.16666666666666666, 0.0, 0.5345224838248488
binsearch,SIMPLE_NAME, line no: 27,x < arr[mid],INFIX_EXPRESSION, 0.0890870806374748, 0.0, 0.0, 0.16666666666666666, 0.0, 0.5345224838248488
binsearch,SIMPLE_NAME, line no: 27,x > arr[mid],INFIX_EXPRESSION, 0.0890870806374748, 0.0, 0.0, 0.16666666666666666, 0.0, 0.5345224838248488
arr,SIMPLE_NAME, line no: 27,start == end,INFIX_EXPRESSION, 0.0890870806374748, 0.0, 0.0, 0.16666666666666666, 0.0, 0.5345224838248488
arr,SIMPLE_NAME, line no: 27,start == end,INFIX_EXPRESSION, 0.0890870806374748, 0.0, 0.0, 0.16666666666666666, 0.0, 0.5345224838248488
length,SIMPLE_NAME, line no: 27,start,SIMPLE_NAME, 0.0890870806374748, 0.0, 0.0, 0.16666666666666666, 0.0, 0.5345224838248488
length,SIMPLE_NAME, line no: 27,start == end,INFIX_EXPRESSION, 0.0890870806374748, 0.0, 0.0, 0.16666666666666666, 0.0, 0.5345224838248488
arr[mid],ARRAY_ACCESS, line no: 19,(end - start),PARENTHESIZED_EXPRESSION, 0.08882311833686551, 0.0, 0.0, 0.15384615384615385, 0.0, 0.5773502691896258
arr,SIMPLE_NAME, line no: 19,(end - start),PARENTHESIZED_EXPRESSION, 0.08882311833686551, 0.0, 0.0, 0.15384615384615385, 0.0, 0.5773502691896258
start + (end - start) / 2,INFIX_EXPRESSION, line no: 16,binsearch,SIMPLE_NAME, 0.08552359741197581, 0.0, 0.0, 0.16, 0.0, 0.5345224838248488
start + (end - start) / 2,INFIX_EXPRESSION, line no: 16,x < arr[mid],INFIX_EXPRESSION, 0.08552359741197581, 0.0, 0.0, 0.16, 0.0, 0.5345224838248488
start + (end - start) / 2,INFIX_EXPRESSION, line no: 16,x > arr[mid],INFIX_EXPRESSION, 0.08552359741197581, 0.0, 0.0, 0.16, 0.0, 0.5345224838248488
x < arr[mid],INFIX_EXPRESSION, line no: 17,start + (end - start) / 2,INFIX_EXPRESSION, 0.08552359741197581, 0.0, 0.0, 0.16, 0.0, 0.5345224838248488
binsearch,SIMPLE_NAME, line no: 27,start + (end - start) / 2,INFIX_EXPRESSION, 0.08552359741197581, 0.0, 0.0, 0.16, 0.0, 0.5345224838248488
arr,SIMPLE_NAME, line no: 20,binsearch(arr x 0 arr.length),METHOD_INVOCATION, 0.08446516354424753, 0.0, 0.0, 0.10344827586206896, 0.0, 0.8164965809277261
arr,SIMPLE_NAME, line no: 17,buggy_java_programs,SIMPLE_NAME, 0.08439828691971296, 0.0, 0.0, 0.15789473684210525, 0.0, 0.5345224838248488
binsearch,SIMPLE_NAME, line no: 27,buggy_java_programs,SIMPLE_NAME, 0.08439828691971296, 0.0, 0.0, 0.15789473684210525, 0.0, 0.5345224838248488
arr,SIMPLE_NAME, line no: 27,buggy_java_programs,SIMPLE_NAME, 0.08439828691971296, 0.0, 0.0, 0.15789473684210525, 0.0, 0.5345224838248488
arr.length,QUALIFIED_NAME, line no: 27,buggy_java_programs,SIMPLE_NAME, 0.08439828691971296, 0.0, 0.0, 0.15789473684210525, 0.0, 0.5345224838248488
arr,SIMPLE_NAME, line no: 27,buggy_java_programs,SIMPLE_NAME, 0.08439828691971296, 0.0, 0.0, 0.15789473684210525, 0.0, 0.5345224838248488
binsearch,SIMPLE_NAME, line no: 18,x < arr[mid],INFIX_EXPRESSION, 0.08333333333333333, 0.0, 0.0, 0.16666666666666666, 0.0, 0.5
binsearch,SIMPLE_NAME, line no: 18,x > arr[mid],INFIX_EXPRESSION, 0.08333333333333333, 0.0, 0.0, 0.16666666666666666, 0.0, 0.5
arr,SIMPLE_NAME, line no: 18,start == end,INFIX_EXPRESSION, 0.08333333333333333, 0.0, 0.0, 0.16666666666666666, 0.0, 0.5
start,SIMPLE_NAME, line no: 18,x < arr[mid],INFIX_EXPRESSION, 0.08333333333333333, 0.0, 0.0, 0.16666666666666666, 0.0, 0.5
start,SIMPLE_NAME, line no: 18,x > arr[mid],INFIX_EXPRESSION, 0.08333333333333333, 0.0, 0.0, 0.16666666666666666, 0.0, 0.5
start,SIMPLE_NAME, line no: 18,length,SIMPLE_NAME, 0.08333333333333333, 0.0, 0.0, 0.16666666666666666, 0.0, 0.5
x > arr[mid],INFIX_EXPRESSION, line no: 19,find_in_sorted,SIMPLE_NAME, 0.08247860988423227, 0.0, 0.0, 0.14285714285714285, 0.0, 0.5773502691896258
arr[mid],ARRAY_ACCESS, line no: 19,find_in_sorted,SIMPLE_NAME, 0.08247860988423227, 0.0, 0.0, 0.14285714285714285, 0.0, 0.5773502691896258
mid,SIMPLE_NAME, line no: 19,find_in_sorted,SIMPLE_NAME, 0.08247860988423227, 0.0, 0.0, 0.14285714285714285, 0.0, 0.5773502691896258
(end - start),PARENTHESIZED_EXPRESSION, line no: 16,arr,SIMPLE_NAME, 0.08223422828074597, 0.0, 0.0, 0.15384615384615385, 0.0, 0.5345224838248488
(end - start),PARENTHESIZED_EXPRESSION, line no: 16,arr[mid],ARRAY_ACCESS, 0.08223422828074597, 0.0, 0.0, 0.15384615384615385, 0.0, 0.5345224838248488
arr[mid],ARRAY_ACCESS, line no: 17,(end - start),PARENTHESIZED_EXPRESSION, 0.08223422828074597, 0.0, 0.0, 0.15384615384615385, 0.0, 0.5345224838248488
arr,SIMPLE_NAME, line no: 17,(end - start),PARENTHESIZED_EXPRESSION, 0.08223422828074597, 0.0, 0.0, 0.15384615384615385, 0.0, 0.5345224838248488
arr,SIMPLE_NAME, line no: 27,(end - start),PARENTHESIZED_EXPRESSION, 0.08223422828074597, 0.0, 0.0, 0.15384615384615385, 0.0, 0.5345224838248488
arr.length,QUALIFIED_NAME, line no: 27,binsearch(arr x start mid),METHOD_INVOCATION, 0.08223422828074597, 0.0, 0.0, 0.15384615384615385, 0.0, 0.5345224838248488
arr,SIMPLE_NAME, line no: 27,(end - start),PARENTHESIZED_EXPRESSION, 0.08223422828074597, 0.0, 0.0, 0.15384615384615385, 0.0, 0.5345224838248488
binsearch,SIMPLE_NAME, line no: 18,start + (end - start) / 2,INFIX_EXPRESSION, 0.08, 0.0, 0.0, 0.16, 0.0, 0.5
x > arr[mid],INFIX_EXPRESSION, line no: 19,binsearch(arr x 0 arr.length),METHOD_INVOCATION, 0.07963451988822426, 0.0, 0.0, 0.13793103448275862, 0.0, 0.5773502691896258
binsearch,SIMPLE_NAME, line no: 18,buggy_java_programs,SIMPLE_NAME, 0.07894736842105263, 0.0, 0.0, 0.15789473684210525, 0.0, 0.5
arr,SIMPLE_NAME, line no: 18,buggy_java_programs,SIMPLE_NAME, 0.07894736842105263, 0.0, 0.0, 0.15789473684210525, 0.0, 0.5
binsearch(arr x start mid),METHOD_INVOCATION, line no: 18,arr.length,QUALIFIED_NAME, 0.07692307692307693, 0.0, 0.0, 0.15384615384615385, 0.0, 0.5
arr,SIMPLE_NAME, line no: 18,(end - start),PARENTHESIZED_EXPRESSION, 0.07692307692307693, 0.0, 0.0, 0.15384615384615385, 0.0, 0.5
end,SIMPLE_NAME, line no: 13,find_in_sorted,SIMPLE_NAME, 0.07636035483212125, 0.0, 0.0, 0.14285714285714285, 0.0, 0.5345224838248488
mid,SIMPLE_NAME, line no: 16,find_in_sorted,SIMPLE_NAME, 0.07636035483212125, 0.0, 0.0, 0.14285714285714285, 0.0, 0.5345224838248488
end,SIMPLE_NAME, line no: 16,find_in_sorted,SIMPLE_NAME, 0.07636035483212125, 0.0, 0.0, 0.14285714285714285, 0.0, 0.5345224838248488
x < arr[mid],INFIX_EXPRESSION, line no: 17,find_in_sorted,SIMPLE_NAME, 0.07636035483212125, 0.0, 0.0, 0.14285714285714285, 0.0, 0.5345224838248488
arr[mid],ARRAY_ACCESS, line no: 17,find_in_sorted,SIMPLE_NAME, 0.07636035483212125, 0.0, 0.0, 0.14285714285714285, 0.0, 0.5345224838248488
mid,SIMPLE_NAME, line no: 17,find_in_sorted,SIMPLE_NAME, 0.07636035483212125, 0.0, 0.0, 0.14285714285714285, 0.0, 0.5345224838248488
arr.length,QUALIFIED_NAME, line no: 27,find_in_sorted,SIMPLE_NAME, 0.07636035483212125, 0.0, 0.0, 0.14285714285714285, 0.0, 0.5345224838248488
length,SIMPLE_NAME, line no: 27,find_in_sorted,SIMPLE_NAME, 0.07636035483212125, 0.0, 0.0, 0.14285714285714285, 0.0, 0.5345224838248488
mid,SIMPLE_NAME, line no: 20,end - start,INFIX_EXPRESSION, 0.07422696190252057, 0.0, 0.0, 0.09090909090909091, 0.0, 0.8164965809277261
start,SIMPLE_NAME, line no: 13,binsearch(arr x 0 arr.length),METHOD_INVOCATION, 0.073727239148255, 0.0, 0.0, 0.13793103448275862, 0.0, 0.5345224838248488
start,SIMPLE_NAME, line no: 16,binsearch(arr x 0 arr.length),METHOD_INVOCATION, 0.073727239148255, 0.0, 0.0, 0.13793103448275862, 0.0, 0.5345224838248488
start,SIMPLE_NAME, line no: 16,binsearch(arr x 0 arr.length),METHOD_INVOCATION, 0.073727239148255, 0.0, 0.0, 0.13793103448275862, 0.0, 0.5345224838248488
x < arr[mid],INFIX_EXPRESSION, line no: 17,binsearch(arr x 0 arr.length),METHOD_INVOCATION, 0.073727239148255, 0.0, 0.0, 0.13793103448275862, 0.0, 0.5345224838248488
binsearch(arr x 0 arr.length),METHOD_INVOCATION, line no: 27,start,SIMPLE_NAME, 0.073727239148255, 0.0, 0.0, 0.13793103448275862, 0.0, 0.5345224838248488
binsearch(arr x 0 arr.length),METHOD_INVOCATION, line no: 27,x < arr[mid],INFIX_EXPRESSION, 0.073727239148255, 0.0, 0.0, 0.13793103448275862, 0.0, 0.5345224838248488
binsearch(arr x 0 arr.length),METHOD_INVOCATION, line no: 27,x > arr[mid],INFIX_EXPRESSION, 0.073727239148255, 0.0, 0.0, 0.13793103448275862, 0.0, 0.5345224838248488
arr[mid],ARRAY_ACCESS, line no: 19,end,SIMPLE_NAME, 0.07216878364870323, 0.0, 0.0, 0.125, 0.0, 0.5773502691896258
arr,SIMPLE_NAME, line no: 19,binsearch(arr x mid end),METHOD_INVOCATION, 0.07216878364870323, 0.0, 0.0, 0.125, 0.0, 0.5773502691896258
mid,SIMPLE_NAME, line no: 19,binsearch(arr x mid end),METHOD_INVOCATION, 0.07216878364870323, 0.0, 0.0, 0.125, 0.0, 0.5773502691896258
mid,SIMPLE_NAME, line no: 18,find_in_sorted,SIMPLE_NAME, 0.07142857142857142, 0.0, 0.0, 0.14285714285714285, 0.0, 0.5
arr[mid],ARRAY_ACCESS, line no: 19,start + (end - start) / 2,INFIX_EXPRESSION, 0.06928203230275509, 0.0, 0.0, 0.12, 0.0, 0.5773502691896258
arr,SIMPLE_NAME, line no: 19,start + (end - start) / 2,INFIX_EXPRESSION, 0.06928203230275509, 0.0, 0.0, 0.12, 0.0, 0.5773502691896258
start,SIMPLE_NAME, line no: 18,binsearch(arr x 0 arr.length),METHOD_INVOCATION, 0.06896551724137931, 0.0, 0.0, 0.13793103448275862, 0.0, 0.5
binsearch(arr x mid end),METHOD_INVOCATION, line no: 20,length,SIMPLE_NAME, 0.06804138174397717, 0.0, 0.0, 0.08333333333333333, 0.0, 0.8164965809277261
x,SIMPLE_NAME, line no: 20,x < arr[mid],INFIX_EXPRESSION, 0.06804138174397717, 0.0, 0.0, 0.08333333333333333, 0.0, 0.8164965809277261
x,SIMPLE_NAME, line no: 20,x > arr[mid],INFIX_EXPRESSION, 0.06804138174397717, 0.0, 0.0, 0.08333333333333333, 0.0, 0.8164965809277261
mid,SIMPLE_NAME, line no: 20,start == end,INFIX_EXPRESSION, 0.06804138174397717, 0.0, 0.0, 0.08333333333333333, 0.0, 0.8164965809277261
end,SIMPLE_NAME, line no: 20,x < arr[mid],INFIX_EXPRESSION, 0.06804138174397717, 0.0, 0.0, 0.08333333333333333, 0.0, 0.8164965809277261
end,SIMPLE_NAME, line no: 20,x > arr[mid],INFIX_EXPRESSION, 0.06804138174397717, 0.0, 0.0, 0.08333333333333333, 0.0, 0.8164965809277261
arr[mid],ARRAY_ACCESS, line no: 19,(end - start) / 2,INFIX_EXPRESSION, 0.06792356108113246, 0.0, 0.0, 0.11764705882352941, 0.0, 0.5773502691896258
arr,SIMPLE_NAME, line no: 19,(end - start) / 2,INFIX_EXPRESSION, 0.06792356108113246, 0.0, 0.0, 0.11764705882352941, 0.0, 0.5773502691896258
start,SIMPLE_NAME, line no: 13,binsearch(arr x mid end),METHOD_INVOCATION, 0.0668153104781061, 0.0, 0.0, 0.125, 0.0, 0.5345224838248488
end,SIMPLE_NAME, line no: 13,arr[mid],ARRAY_ACCESS, 0.0668153104781061, 0.0, 0.0, 0.125, 0.0, 0.5345224838248488
end,SIMPLE_NAME, line no: 13,binsearch(arr x mid end),METHOD_INVOCATION, 0.0668153104781061, 0.0, 0.0, 0.125, 0.0, 0.5345224838248488
mid,SIMPLE_NAME, line no: 16,binsearch(arr x mid end),METHOD_INVOCATION, 0.0668153104781061, 0.0, 0.0, 0.125, 0.0, 0.5345224838248488
start,SIMPLE_NAME, line no: 16,binsearch(arr x mid end),METHOD_INVOCATION, 0.0668153104781061, 0.0, 0.0, 0.125, 0.0, 0.5345224838248488
end,SIMPLE_NAME, line no: 16,arr[mid],ARRAY_ACCESS, 0.0668153104781061, 0.0, 0.0, 0.125, 0.0, 0.5345224838248488
end,SIMPLE_NAME, line no: 16,binsearch(arr x mid end),METHOD_INVOCATION, 0.0668153104781061, 0.0, 0.0, 0.125, 0.0, 0.5345224838248488
start,SIMPLE_NAME, line no: 16,binsearch(arr x mid end),METHOD_INVOCATION, 0.0668153104781061, 0.0, 0.0, 0.125, 0.0, 0.5345224838248488
arr[mid],ARRAY_ACCESS, line no: 17,end,SIMPLE_NAME, 0.0668153104781061, 0.0, 0.0, 0.125, 0.0, 0.5345224838248488
arr,SIMPLE_NAME, line no: 17,binsearch(arr x mid end),METHOD_INVOCATION, 0.0668153104781061, 0.0, 0.0, 0.125, 0.0, 0.5345224838248488
mid,SIMPLE_NAME, line no: 17,binsearch(arr x mid end),METHOD_INVOCATION, 0.0668153104781061, 0.0, 0.0, 0.125, 0.0, 0.5345224838248488
arr,SIMPLE_NAME, line no: 27,binsearch(arr x mid end),METHOD_INVOCATION, 0.0668153104781061, 0.0, 0.0, 0.125, 0.0, 0.5345224838248488
arr,SIMPLE_NAME, line no: 27,binsearch(arr x mid end),METHOD_INVOCATION, 0.0668153104781061, 0.0, 0.0, 0.125, 0.0, 0.5345224838248488
arr,SIMPLE_NAME, line no: 19,binsearch(arr x start mid),METHOD_INVOCATION, 0.06661733875264914, 0.0, 0.0, 0.11538461538461539, 0.0, 0.5773502691896258
mid,SIMPLE_NAME, line no: 19,binsearch(arr x start mid),METHOD_INVOCATION, 0.06661733875264914, 0.0, 0.0, 0.11538461538461539, 0.0, 0.5773502691896258
mid,SIMPLE_NAME, line no: 19,binsearch,SIMPLE_NAME, 0.06415002990995843, 0.0, 0.0, 0.1111111111111111, 0.0, 0.5773502691896258
end,SIMPLE_NAME, line no: 13,start + (end - start) / 2,INFIX_EXPRESSION, 0.06414269805898186, 0.0, 0.0, 0.12, 0.0, 0.5345224838248488
start + (end - start) / 2,INFIX_EXPRESSION, line no: 16,buggy_java_programs,SIMPLE_NAME, 0.06414269805898186, 0.0, 0.0, 0.12, 0.0, 0.5345224838248488
start + (end - start) / 2,INFIX_EXPRESSION, line no: 16,arr,SIMPLE_NAME, 0.06414269805898186, 0.0, 0.0, 0.12, 0.0, 0.5345224838248488
start + (end - start) / 2,INFIX_EXPRESSION, line no: 16,end,SIMPLE_NAME, 0.06414269805898186, 0.0, 0.0, 0.12, 0.0, 0.5345224838248488
start + (end - start) / 2,INFIX_EXPRESSION, line no: 16,arr[mid],ARRAY_ACCESS, 0.06414269805898186, 0.0, 0.0, 0.12, 0.0, 0.5345224838248488
start + (end - start) / 2,INFIX_EXPRESSION, line no: 16,length,SIMPLE_NAME, 0.06414269805898186, 0.0, 0.0, 0.12, 0.0, 0.5345224838248488
end,SIMPLE_NAME, line no: 16,start + (end - start) / 2,INFIX_EXPRESSION, 0.06414269805898186, 0.0, 0.0, 0.12, 0.0, 0.5345224838248488
arr[mid],ARRAY_ACCESS, line no: 17,start + (end - start) / 2,INFIX_EXPRESSION, 0.06414269805898186, 0.0, 0.0, 0.12, 0.0, 0.5345224838248488
arr,SIMPLE_NAME, line no: 17,start + (end - start) / 2,INFIX_EXPRESSION, 0.06414269805898186, 0.0, 0.0, 0.12, 0.0, 0.5345224838248488
arr,SIMPLE_NAME, line no: 27,start + (end - start) / 2,INFIX_EXPRESSION, 0.06414269805898186, 0.0, 0.0, 0.12, 0.0, 0.5345224838248488
arr,SIMPLE_NAME, line no: 27,start + (end - start) / 2,INFIX_EXPRESSION, 0.06414269805898186, 0.0, 0.0, 0.12, 0.0, 0.5345224838248488
length,SIMPLE_NAME, line no: 27,start + (end - start) / 2,INFIX_EXPRESSION, 0.06414269805898186, 0.0, 0.0, 0.12, 0.0, 0.5345224838248488
(end - start) / 2,INFIX_EXPRESSION, line no: 16,arr,SIMPLE_NAME, 0.06288499809704104, 0.0, 0.0, 0.11764705882352941, 0.0, 0.5345224838248488
(end - start) / 2,INFIX_EXPRESSION, line no: 16,arr[mid],ARRAY_ACCESS, 0.06288499809704104, 0.0, 0.0, 0.11764705882352941, 0.0, 0.5345224838248488
arr[mid],ARRAY_ACCESS, line no: 17,(end - start) / 2,INFIX_EXPRESSION, 0.06288499809704104, 0.0, 0.0, 0.11764705882352941, 0.0, 0.5345224838248488
arr,SIMPLE_NAME, line no: 17,(end - start) / 2,INFIX_EXPRESSION, 0.06288499809704104, 0.0, 0.0, 0.11764705882352941, 0.0, 0.5345224838248488
arr,SIMPLE_NAME, line no: 27,(end - start) / 2,INFIX_EXPRESSION, 0.06288499809704104, 0.0, 0.0, 0.11764705882352941, 0.0, 0.5345224838248488
arr,SIMPLE_NAME, line no: 27,(end - start) / 2,INFIX_EXPRESSION, 0.06288499809704104, 0.0, 0.0, 0.11764705882352941, 0.0, 0.5345224838248488
mid,SIMPLE_NAME, line no: 20,(end - start),PARENTHESIZED_EXPRESSION, 0.06280742930213279, 0.0, 0.0, 0.07692307692307693, 0.0, 0.8164965809277261
end,SIMPLE_NAME, line no: 20,binsearch(arr x start mid),METHOD_INVOCATION, 0.06280742930213279, 0.0, 0.0, 0.07692307692307693, 0.0, 0.8164965809277261
arr,SIMPLE_NAME, line no: 18,binsearch(arr x mid end),METHOD_INVOCATION, 0.0625, 0.0, 0.0, 0.125, 0.0, 0.5
start,SIMPLE_NAME, line no: 18,binsearch(arr x mid end),METHOD_INVOCATION, 0.0625, 0.0, 0.0, 0.125, 0.0, 0.5
mid,SIMPLE_NAME, line no: 18,binsearch(arr x mid end),METHOD_INVOCATION, 0.0625, 0.0, 0.0, 0.125, 0.0, 0.5
mid,SIMPLE_NAME, line no: 16,binsearch(arr x start mid),METHOD_INVOCATION, 0.06167567121055948, 0.0, 0.0, 0.11538461538461539, 0.0, 0.5345224838248488
arr,SIMPLE_NAME, line no: 17,binsearch(arr x start mid),METHOD_INVOCATION, 0.06167567121055948, 0.0, 0.0, 0.11538461538461539, 0.0, 0.5345224838248488
mid,SIMPLE_NAME, line no: 17,binsearch(arr x start mid),METHOD_INVOCATION, 0.06167567121055948, 0.0, 0.0, 0.11538461538461539, 0.0, 0.5345224838248488
arr,SIMPLE_NAME, line no: 27,binsearch(arr x start mid),METHOD_INVOCATION, 0.06167567121055948, 0.0, 0.0, 0.11538461538461539, 0.0, 0.5345224838248488
arr,SIMPLE_NAME, line no: 27,binsearch(arr x start mid),METHOD_INVOCATION, 0.06167567121055948, 0.0, 0.0, 0.11538461538461539, 0.0, 0.5345224838248488
arr,SIMPLE_NAME, line no: 18,start + (end - start) / 2,INFIX_EXPRESSION, 0.06, 0.0, 0.0, 0.12, 0.0, 0.5
arr[mid],ARRAY_ACCESS, line no: 19,binsearch(arr x 0 arr.length),METHOD_INVOCATION, 0.05972588991616819, 0.0, 0.0, 0.10344827586206896, 0.0, 0.5773502691896258
arr,SIMPLE_NAME, line no: 19,binsearch(arr x 0 arr.length),METHOD_INVOCATION, 0.05972588991616819, 0.0, 0.0, 0.10344827586206896, 0.0, 0.5773502691896258
end,SIMPLE_NAME, line no: 13,binsearch,SIMPLE_NAME, 0.059391387091649865, 0.0, 0.0, 0.1111111111111111, 0.0, 0.5345224838248488
mid,SIMPLE_NAME, line no: 16,binsearch,SIMPLE_NAME, 0.059391387091649865, 0.0, 0.0, 0.1111111111111111, 0.0, 0.5345224838248488
end,SIMPLE_NAME, line no: 16,binsearch,SIMPLE_NAME, 0.059391387091649865, 0.0, 0.0, 0.1111111111111111, 0.0, 0.5345224838248488
mid,SIMPLE_NAME, line no: 17,binsearch,SIMPLE_NAME, 0.059391387091649865, 0.0, 0.0, 0.1111111111111111, 0.0, 0.5345224838248488
binsearch,SIMPLE_NAME, line no: 27,end,SIMPLE_NAME, 0.059391387091649865, 0.0, 0.0, 0.1111111111111111, 0.0, 0.5345224838248488
binsearch,SIMPLE_NAME, line no: 27,mid,SIMPLE_NAME, 0.059391387091649865, 0.0, 0.0, 0.1111111111111111, 0.0, 0.5345224838248488
arr,SIMPLE_NAME, line no: 18,(end - start) / 2,INFIX_EXPRESSION, 0.058823529411764705, 0.0, 0.0, 0.11764705882352941, 0.0, 0.5
arr,SIMPLE_NAME, line no: 20,find_in_sorted,SIMPLE_NAME, 0.058321184351980436, 0.0, 0.0, 0.07142857142857142, 0.0, 0.8164965809277261
binsearch(arr x start mid),METHOD_INVOCATION, line no: 18,arr,SIMPLE_NAME, 0.057692307692307696, 0.0, 0.0, 0.11538461538461539, 0.0, 0.5
binsearch(arr x start mid),METHOD_INVOCATION, line no: 18,mid,SIMPLE_NAME, 0.057692307692307696, 0.0, 0.0, 0.11538461538461539, 0.0, 0.5
arr,SIMPLE_NAME, line no: 18,binsearch(arr x start mid),METHOD_INVOCATION, 0.057692307692307696, 0.0, 0.0, 0.11538461538461539, 0.0, 0.5
mid,SIMPLE_NAME, line no: 18,binsearch(arr x start mid),METHOD_INVOCATION, 0.057692307692307696, 0.0, 0.0, 0.11538461538461539, 0.0, 0.5
end,SIMPLE_NAME, line no: 20,binsearch(arr x 0 arr.length),METHOD_INVOCATION, 0.05631010902949835, 0.0, 0.0, 0.06896551724137931, 0.0, 0.8164965809277261
start == end,INFIX_EXPRESSION, line no: 13,buggy_java_programs,SIMPLE_NAME, 0.05626552461314197, 0.0, 0.0, 0.10526315789473684, 0.0, 0.5345224838248488
start,SIMPLE_NAME, line no: 13,buggy_java_programs,SIMPLE_NAME, 0.05626552461314197, 0.0, 0.0, 0.10526315789473684, 0.0, 0.5345224838248488
start,SIMPLE_NAME, line no: 16,buggy_java_programs,SIMPLE_NAME, 0.05626552461314197, 0.0, 0.0, 0.10526315789473684, 0.0, 0.5345224838248488
(end - start) / 2,INFIX_EXPRESSION, line no: 16,buggy_java_programs,SIMPLE_NAME, 0.05626552461314197, 0.0, 0.0, 0.10526315789473684, 0.0, 0.5345224838248488
(end - start),PARENTHESIZED_EXPRESSION, line no: 16,buggy_java_programs,SIMPLE_NAME, 0.05626552461314197, 0.0, 0.0, 0.10526315789473684, 0.0, 0.5345224838248488
end - start,INFIX_EXPRESSION, line no: 16,buggy_java_programs,SIMPLE_NAME, 0.05626552461314197, 0.0, 0.0, 0.10526315789473684, 0.0, 0.5345224838248488
start,SIMPLE_NAME, line no: 16,buggy_java_programs,SIMPLE_NAME, 0.05626552461314197, 0.0, 0.0, 0.10526315789473684, 0.0, 0.5345224838248488
binsearch,SIMPLE_NAME, line no: 18,end,SIMPLE_NAME, 0.05555555555555555, 0.0, 0.0, 0.1111111111111111, 0.0, 0.5
binsearch,SIMPLE_NAME, line no: 18,mid,SIMPLE_NAME, 0.05555555555555555, 0.0, 0.0, 0.1111111111111111, 0.0, 0.5
mid,SIMPLE_NAME, line no: 18,binsearch,SIMPLE_NAME, 0.05555555555555555, 0.0, 0.0, 0.1111111111111111, 0.0, 0.5
arr[mid],ARRAY_ACCESS, line no: 17,binsearch(arr x 0 arr.length),METHOD_INVOCATION, 0.05529542936119125, 0.0, 0.0, 0.10344827586206896, 0.0, 0.5345224838248488
arr,SIMPLE_NAME, line no: 17,binsearch(arr x 0 arr.length),METHOD_INVOCATION, 0.05529542936119125, 0.0, 0.0, 0.10344827586206896, 0.0, 0.5345224838248488
binsearch(arr x 0 arr.length),METHOD_INVOCATION, line no: 27,arr,SIMPLE_NAME, 0.05529542936119125, 0.0, 0.0, 0.10344827586206896, 0.0, 0.5345224838248488
binsearch(arr x 0 arr.length),METHOD_INVOCATION, line no: 27,arr[mid],ARRAY_ACCESS, 0.05529542936119125, 0.0, 0.0, 0.10344827586206896, 0.0, 0.5345224838248488
arr,SIMPLE_NAME, line no: 27,binsearch(arr x 0 arr.length),METHOD_INVOCATION, 0.05529542936119125, 0.0, 0.0, 0.10344827586206896, 0.0, 0.5345224838248488
arr,SIMPLE_NAME, line no: 27,binsearch(arr x 0 arr.length),METHOD_INVOCATION, 0.05529542936119125, 0.0, 0.0, 0.10344827586206896, 0.0, 0.5345224838248488
start,SIMPLE_NAME, line no: 18,buggy_java_programs,SIMPLE_NAME, 0.05263157894736842, 0.0, 0.0, 0.10526315789473684, 0.0, 0.5
mid,SIMPLE_NAME, line no: 19,end - start,INFIX_EXPRESSION, 0.052486388108147805, 0.0, 0.0, 0.09090909090909091, 0.0, 0.5773502691896258
arr,SIMPLE_NAME, line no: 18,binsearch(arr x 0 arr.length),METHOD_INVOCATION, 0.05172413793103448, 0.0, 0.0, 0.10344827586206896, 0.0, 0.5
mid,SIMPLE_NAME, line no: 16,end - start,INFIX_EXPRESSION, 0.048592953074986255, 0.0, 0.0, 0.09090909090909091, 0.0, 0.5345224838248488
end - start,INFIX_EXPRESSION, line no: 16,-1,PREFIX_EXPRESSION, 0.048592953074986255, 0.0, 0.0, 0.09090909090909091, 0.0, 0.5345224838248488
end - start,INFIX_EXPRESSION, line no: 16,mid,SIMPLE_NAME, 0.048592953074986255, 0.0, 0.0, 0.09090909090909091, 0.0, 0.5345224838248488
mid,SIMPLE_NAME, line no: 17,end - start,INFIX_EXPRESSION, 0.048592953074986255, 0.0, 0.0, 0.09090909090909091, 0.0, 0.5345224838248488
x > arr[mid],INFIX_EXPRESSION, line no: 19,x,SIMPLE_NAME, 0.048112522432468816, 0.0, 0.0, 0.08333333333333333, 0.0, 0.5773502691896258
x > arr[mid],INFIX_EXPRESSION, line no: 19,end,SIMPLE_NAME, 0.048112522432468816, 0.0, 0.0, 0.08333333333333333, 0.0, 0.5773502691896258
x,SIMPLE_NAME, line no: 19,x < arr[mid],INFIX_EXPRESSION, 0.048112522432468816, 0.0, 0.0, 0.08333333333333333, 0.0, 0.5773502691896258
x,SIMPLE_NAME, line no: 19,x > arr[mid],INFIX_EXPRESSION, 0.048112522432468816, 0.0, 0.0, 0.08333333333333333, 0.0, 0.5773502691896258
mid,SIMPLE_NAME, line no: 19,start == end,INFIX_EXPRESSION, 0.048112522432468816, 0.0, 0.0, 0.08333333333333333, 0.0, 0.5773502691896258
mid,SIMPLE_NAME, line no: 20,(end - start) / 2,INFIX_EXPRESSION, 0.04802921064280742, 0.0, 0.0, 0.058823529411764705, 0.0, 0.8164965809277261
mid,SIMPLE_NAME, line no: 18,end - start,INFIX_EXPRESSION, 0.045454545454545456, 0.0, 0.0, 0.09090909090909091, 0.0, 0.5
start == end,INFIX_EXPRESSION, line no: 13,mid,SIMPLE_NAME, 0.0445435403187374, 0.0, 0.0, 0.08333333333333333, 0.0, 0.5345224838248488
end,SIMPLE_NAME, line no: 13,x < arr[mid],INFIX_EXPRESSION, 0.0445435403187374, 0.0, 0.0, 0.08333333333333333, 0.0, 0.5345224838248488
end,SIMPLE_NAME, line no: 13,x > arr[mid],INFIX_EXPRESSION, 0.0445435403187374, 0.0, 0.0, 0.08333333333333333, 0.0, 0.5345224838248488
mid,SIMPLE_NAME, line no: 16,start == end,INFIX_EXPRESSION, 0.0445435403187374, 0.0, 0.0, 0.08333333333333333, 0.0, 0.5345224838248488
end,SIMPLE_NAME, line no: 16,x < arr[mid],INFIX_EXPRESSION, 0.0445435403187374, 0.0, 0.0, 0.08333333333333333, 0.0, 0.5345224838248488
end,SIMPLE_NAME, line no: 16,x > arr[mid],INFIX_EXPRESSION, 0.0445435403187374, 0.0, 0.0, 0.08333333333333333, 0.0, 0.5345224838248488
x < arr[mid],INFIX_EXPRESSION, line no: 17,x,SIMPLE_NAME, 0.0445435403187374, 0.0, 0.0, 0.08333333333333333, 0.0, 0.5345224838248488
x < arr[mid],INFIX_EXPRESSION, line no: 17,end,SIMPLE_NAME, 0.0445435403187374, 0.0, 0.0, 0.08333333333333333, 0.0, 0.5345224838248488
x,SIMPLE_NAME, line no: 17,x < arr[mid],INFIX_EXPRESSION, 0.0445435403187374, 0.0, 0.0, 0.08333333333333333, 0.0, 0.5345224838248488
x,SIMPLE_NAME, line no: 17,x > arr[mid],INFIX_EXPRESSION, 0.0445435403187374, 0.0, 0.0, 0.08333333333333333, 0.0, 0.5345224838248488
mid,SIMPLE_NAME, line no: 17,start == end,INFIX_EXPRESSION, 0.0445435403187374, 0.0, 0.0, 0.08333333333333333, 0.0, 0.5345224838248488
x,SIMPLE_NAME, line no: 27,x < arr[mid],INFIX_EXPRESSION, 0.0445435403187374, 0.0, 0.0, 0.08333333333333333, 0.0, 0.5345224838248488
x,SIMPLE_NAME, line no: 27,x > arr[mid],INFIX_EXPRESSION, 0.0445435403187374, 0.0, 0.0, 0.08333333333333333, 0.0, 0.5345224838248488
length,SIMPLE_NAME, line no: 27,binsearch(arr x mid end),METHOD_INVOCATION, 0.0445435403187374, 0.0, 0.0, 0.08333333333333333, 0.0, 0.5345224838248488
mid,SIMPLE_NAME, line no: 19,(end - start),PARENTHESIZED_EXPRESSION, 0.04441155916843276, 0.0, 0.0, 0.07692307692307693, 0.0, 0.5773502691896258
mid,SIMPLE_NAME, line no: 20,buggy_java_programs,SIMPLE_NAME, 0.042973504259354006, 0.0, 0.0, 0.05263157894736842, 0.0, 0.8164965809277261
x,SIMPLE_NAME, line no: 18,x < arr[mid],INFIX_EXPRESSION, 0.041666666666666664, 0.0, 0.0, 0.08333333333333333, 0.0, 0.5
x,SIMPLE_NAME, line no: 18,x > arr[mid],INFIX_EXPRESSION, 0.041666666666666664, 0.0, 0.0, 0.08333333333333333, 0.0, 0.5
mid,SIMPLE_NAME, line no: 18,start == end,INFIX_EXPRESSION, 0.041666666666666664, 0.0, 0.0, 0.08333333333333333, 0.0, 0.5
arr,SIMPLE_NAME, line no: 19,find_in_sorted,SIMPLE_NAME, 0.04123930494211613, 0.0, 0.0, 0.07142857142857142, 0.0, 0.5773502691896258
end,SIMPLE_NAME, line no: 13,binsearch(arr x start mid),METHOD_INVOCATION, 0.04111711414037299, 0.0, 0.0, 0.07692307692307693, 0.0, 0.5345224838248488
mid,SIMPLE_NAME, line no: 16,(end - start),PARENTHESIZED_EXPRESSION, 0.04111711414037299, 0.0, 0.0, 0.07692307692307693, 0.0, 0.5345224838248488
(end - start),PARENTHESIZED_EXPRESSION, line no: 16,-1,PREFIX_EXPRESSION, 0.04111711414037299, 0.0, 0.0, 0.07692307692307693, 0.0, 0.5345224838248488
(end - start),PARENTHESIZED_EXPRESSION, line no: 16,mid,SIMPLE_NAME, 0.04111711414037299, 0.0, 0.0, 0.07692307692307693, 0.0, 0.5345224838248488
end,SIMPLE_NAME, line no: 16,binsearch(arr x start mid),METHOD_INVOCATION, 0.04111711414037299, 0.0, 0.0, 0.07692307692307693, 0.0, 0.5345224838248488
mid,SIMPLE_NAME, line no: 17,(end - start),PARENTHESIZED_EXPRESSION, 0.04111711414037299, 0.0, 0.0, 0.07692307692307693, 0.0, 0.5345224838248488
length,SIMPLE_NAME, line no: 27,binsearch(arr x start mid),METHOD_INVOCATION, 0.04111711414037299, 0.0, 0.0, 0.07692307692307693, 0.0, 0.5345224838248488
binsearch(arr x start mid),METHOD_INVOCATION, line no: 18,end,SIMPLE_NAME, 0.038461538461538464, 0.0, 0.0, 0.07692307692307693, 0.0, 0.5
binsearch(arr x start mid),METHOD_INVOCATION, line no: 18,length,SIMPLE_NAME, 0.038461538461538464, 0.0, 0.0, 0.07692307692307693, 0.0, 0.5
mid,SIMPLE_NAME, line no: 18,(end - start),PARENTHESIZED_EXPRESSION, 0.038461538461538464, 0.0, 0.0, 0.07692307692307693, 0.0, 0.5
arr,SIMPLE_NAME, line no: 17,find_in_sorted,SIMPLE_NAME, 0.038180177416060626, 0.0, 0.0, 0.07142857142857142, 0.0, 0.5345224838248488
arr,SIMPLE_NAME, line no: 27,find_in_sorted,SIMPLE_NAME, 0.038180177416060626, 0.0, 0.0, 0.07142857142857142, 0.0, 0.5345224838248488
arr,SIMPLE_NAME, line no: 27,find_in_sorted,SIMPLE_NAME, 0.038180177416060626, 0.0, 0.0, 0.07142857142857142, 0.0, 0.5345224838248488
end,SIMPLE_NAME, line no: 13,binsearch(arr x 0 arr.length),METHOD_INVOCATION, 0.0368636195741275, 0.0, 0.0, 0.06896551724137931, 0.0, 0.5345224838248488
end,SIMPLE_NAME, line no: 16,binsearch(arr x 0 arr.length),METHOD_INVOCATION, 0.0368636195741275, 0.0, 0.0, 0.06896551724137931, 0.0, 0.5345224838248488
binsearch(arr x 0 arr.length),METHOD_INVOCATION, line no: 27,end,SIMPLE_NAME, 0.0368636195741275, 0.0, 0.0, 0.06896551724137931, 0.0, 0.5345224838248488
arr,SIMPLE_NAME, line no: 18,find_in_sorted,SIMPLE_NAME, 0.03571428571428571, 0.0, 0.0, 0.07142857142857142, 0.0, 0.5
binsearch(arr x mid end),METHOD_INVOCATION, line no: 20,x,SIMPLE_NAME, 0.034020690871988585, 0.0, 0.0, 0.041666666666666664, 0.0, 0.8164965809277261
x,SIMPLE_NAME, line no: 20,binsearch(arr x mid end),METHOD_INVOCATION, 0.034020690871988585, 0.0, 0.0, 0.041666666666666664, 0.0, 0.8164965809277261
mid,SIMPLE_NAME, line no: 19,(end - start) / 2,INFIX_EXPRESSION, 0.03396178054056623, 0.0, 0.0, 0.058823529411764705, 0.0, 0.5773502691896258
mid,SIMPLE_NAME, line no: 20,start + (end - start) / 2,INFIX_EXPRESSION, 0.032659863237109045, 0.0, 0.0, 0.04, 0.0, 0.8164965809277261
mid,SIMPLE_NAME, line no: 16,(end - start) / 2,INFIX_EXPRESSION, 0.03144249904852052, 0.0, 0.0, 0.058823529411764705, 0.0, 0.5345224838248488
(end - start) / 2,INFIX_EXPRESSION, line no: 16,-1,PREFIX_EXPRESSION, 0.03144249904852052, 0.0, 0.0, 0.058823529411764705, 0.0, 0.5345224838248488
(end - start) / 2,INFIX_EXPRESSION, line no: 16,mid,SIMPLE_NAME, 0.03144249904852052, 0.0, 0.0, 0.058823529411764705, 0.0, 0.5345224838248488
(end - start) / 2,INFIX_EXPRESSION, line no: 16,2,NUMBER_LITERAL, 0.03144249904852052, 0.0, 0.0, 0.058823529411764705, 0.0, 0.5345224838248488
2,NUMBER_LITERAL, line no: 16,(end - start) / 2,INFIX_EXPRESSION, 0.03144249904852052, 0.0, 0.0, 0.058823529411764705, 0.0, 0.5345224838248488
mid,SIMPLE_NAME, line no: 17,(end - start) / 2,INFIX_EXPRESSION, 0.03144249904852052, 0.0, 0.0, 0.058823529411764705, 0.0, 0.5345224838248488
x,SIMPLE_NAME, line no: 20,binsearch(arr x start mid),METHOD_INVOCATION, 0.031403714651066394, 0.0, 0.0, 0.038461538461538464, 0.0, 0.8164965809277261
mid,SIMPLE_NAME, line no: 19,buggy_java_programs,SIMPLE_NAME, 0.0303868562731382, 0.0, 0.0, 0.05263157894736842, 0.0, 0.5773502691896258
mid,SIMPLE_NAME, line no: 18,(end - start) / 2,INFIX_EXPRESSION, 0.029411764705882353, 0.0, 0.0, 0.058823529411764705, 0.0, 0.5
x,SIMPLE_NAME, line no: 20,binsearch(arr x 0 arr.length),METHOD_INVOCATION, 0.028155054514749176, 0.0, 0.0, 0.034482758620689655, 0.0, 0.8164965809277261
mid,SIMPLE_NAME, line no: 20,binsearch(arr x 0 arr.length),METHOD_INVOCATION, 0.028155054514749176, 0.0, 0.0, 0.034482758620689655, 0.0, 0.8164965809277261
mid,SIMPLE_NAME, line no: 16,buggy_java_programs,SIMPLE_NAME, 0.028132762306570986, 0.0, 0.0, 0.05263157894736842, 0.0, 0.5345224838248488
mid,SIMPLE_NAME, line no: 17,buggy_java_programs,SIMPLE_NAME, 0.028132762306570986, 0.0, 0.0, 0.05263157894736842, 0.0, 0.5345224838248488
length,SIMPLE_NAME, line no: 27,buggy_java_programs,SIMPLE_NAME, 0.028132762306570986, 0.0, 0.0, 0.05263157894736842, 0.0, 0.5345224838248488
mid,SIMPLE_NAME, line no: 18,buggy_java_programs,SIMPLE_NAME, 0.02631578947368421, 0.0, 0.0, 0.05263157894736842, 0.0, 0.5
x,SIMPLE_NAME, line no: 19,binsearch(arr x mid end),METHOD_INVOCATION, 0.024056261216234408, 0.0, 0.0, 0.041666666666666664, 0.0, 0.5773502691896258
mid,SIMPLE_NAME, line no: 19,start + (end - start) / 2,INFIX_EXPRESSION, 0.023094010767585035, 0.0, 0.0, 0.04, 0.0, 0.5773502691896258
x,SIMPLE_NAME, line no: 17,binsearch(arr x mid end),METHOD_INVOCATION, 0.0222717701593687, 0.0, 0.0, 0.041666666666666664, 0.0, 0.5345224838248488
x,SIMPLE_NAME, line no: 27,binsearch(arr x mid end),METHOD_INVOCATION, 0.0222717701593687, 0.0, 0.0, 0.041666666666666664, 0.0, 0.5345224838248488
x,SIMPLE_NAME, line no: 19,binsearch(arr x start mid),METHOD_INVOCATION, 0.02220577958421638, 0.0, 0.0, 0.038461538461538464, 0.0, 0.5773502691896258
mid,SIMPLE_NAME, line no: 16,start + (end - start) / 2,INFIX_EXPRESSION, 0.021380899352993952, 0.0, 0.0, 0.04, 0.0, 0.5345224838248488
start + (end - start) / 2,INFIX_EXPRESSION, line no: 16,-1,PREFIX_EXPRESSION, 0.021380899352993952, 0.0, 0.0, 0.04, 0.0, 0.5345224838248488
start + (end - start) / 2,INFIX_EXPRESSION, line no: 16,mid,SIMPLE_NAME, 0.021380899352993952, 0.0, 0.0, 0.04, 0.0, 0.5345224838248488
start + (end - start) / 2,INFIX_EXPRESSION, line no: 16,2,NUMBER_LITERAL, 0.021380899352993952, 0.0, 0.0, 0.04, 0.0, 0.5345224838248488
2,NUMBER_LITERAL, line no: 16,start + (end - start) / 2,INFIX_EXPRESSION, 0.021380899352993952, 0.0, 0.0, 0.04, 0.0, 0.5345224838248488
mid,SIMPLE_NAME, line no: 17,start + (end - start) / 2,INFIX_EXPRESSION, 0.021380899352993952, 0.0, 0.0, 0.04, 0.0, 0.5345224838248488
x,SIMPLE_NAME, line no: 18,binsearch(arr x mid end),METHOD_INVOCATION, 0.020833333333333332, 0.0, 0.0, 0.041666666666666664, 0.0, 0.5
x,SIMPLE_NAME, line no: 17,binsearch(arr x start mid),METHOD_INVOCATION, 0.020558557070186494, 0.0, 0.0, 0.038461538461538464, 0.0, 0.5345224838248488
x,SIMPLE_NAME, line no: 27,binsearch(arr x start mid),METHOD_INVOCATION, 0.020558557070186494, 0.0, 0.0, 0.038461538461538464, 0.0, 0.5345224838248488
mid,SIMPLE_NAME, line no: 18,start + (end - start) / 2,INFIX_EXPRESSION, 0.02, 0.0, 0.0, 0.04, 0.0, 0.5
x,SIMPLE_NAME, line no: 19,binsearch(arr x 0 arr.length),METHOD_INVOCATION, 0.019908629972056065, 0.0, 0.0, 0.034482758620689655, 0.0, 0.5773502691896258
mid,SIMPLE_NAME, line no: 19,binsearch(arr x 0 arr.length),METHOD_INVOCATION, 0.019908629972056065, 0.0, 0.0, 0.034482758620689655, 0.0, 0.5773502691896258
binsearch(arr x start mid),METHOD_INVOCATION, line no: 18,x,SIMPLE_NAME, 0.019230769230769232, 0.0, 0.0, 0.038461538461538464, 0.0, 0.5
x,SIMPLE_NAME, line no: 18,binsearch(arr x start mid),METHOD_INVOCATION, 0.019230769230769232, 0.0, 0.0, 0.038461538461538464, 0.0, 0.5
mid,SIMPLE_NAME, line no: 16,binsearch(arr x 0 arr.length),METHOD_INVOCATION, 0.01843180978706375, 0.0, 0.0, 0.034482758620689655, 0.0, 0.5345224838248488
x,SIMPLE_NAME, line no: 17,binsearch(arr x 0 arr.length),METHOD_INVOCATION, 0.01843180978706375, 0.0, 0.0, 0.034482758620689655, 0.0, 0.5345224838248488
mid,SIMPLE_NAME, line no: 17,binsearch(arr x 0 arr.length),METHOD_INVOCATION, 0.01843180978706375, 0.0, 0.0, 0.034482758620689655, 0.0, 0.5345224838248488
binsearch(arr x 0 arr.length),METHOD_INVOCATION, line no: 27,x,SIMPLE_NAME, 0.01843180978706375, 0.0, 0.0, 0.034482758620689655, 0.0, 0.5345224838248488
binsearch(arr x 0 arr.length),METHOD_INVOCATION, line no: 27,mid,SIMPLE_NAME, 0.01843180978706375, 0.0, 0.0, 0.034482758620689655, 0.0, 0.5345224838248488
binsearch(arr x 0 arr.length),METHOD_INVOCATION, line no: 27,0,NUMBER_LITERAL, 0.01843180978706375, 0.0, 0.0, 0.034482758620689655, 0.0, 0.5345224838248488
x,SIMPLE_NAME, line no: 27,binsearch(arr x 0 arr.length),METHOD_INVOCATION, 0.01843180978706375, 0.0, 0.0, 0.034482758620689655, 0.0, 0.5345224838248488
0,NUMBER_LITERAL, line no: 27,binsearch(arr x 0 arr.length),METHOD_INVOCATION, 0.01843180978706375, 0.0, 0.0, 0.034482758620689655, 0.0, 0.5345224838248488
x,SIMPLE_NAME, line no: 18,binsearch(arr x 0 arr.length),METHOD_INVOCATION, 0.017241379310344827, 0.0, 0.0, 0.034482758620689655, 0.0, 0.5
mid,SIMPLE_NAME, line no: 18,binsearch(arr x 0 arr.length),METHOD_INVOCATION, 0.017241379310344827, 0.0, 0.0, 0.034482758620689655, 0.0, 0.5
