total == 0,INFIX_EXPRESSION, line no: 14,total < 0,INFIX_EXPRESSION, 0.8, 0.0, 0.0, 0.8, 0.0, 1.0
total < 0,INFIX_EXPRESSION, line no: 17,total == 0,INFIX_EXPRESSION, 0.8, 0.0, 0.0, 0.8, 0.0, 1.0
possible_change(coins total - first),METHOD_INVOCATION, line no: 23,possible_change(rest total),METHOD_INVOCATION, 0.6666666666666666, 0.0, 0.0, 0.6666666666666666, 0.0, 1.0
possible_change(rest total),METHOD_INVOCATION, line no: 23,possible_change(coins total - first),METHOD_INVOCATION, 0.6666666666666666, 0.0, 0.0, 0.6666666666666666, 0.0, 1.0
coins[0],ARRAY_ACCESS, line no: 21,coins,SIMPLE_NAME, 0.625, 0.0, 0.0, 0.625, 0.0, 1.0
coins,SIMPLE_NAME, line no: 21,coins[0],ARRAY_ACCESS, 0.625, 0.0, 0.0, 0.625, 0.0, 1.0
coins,SIMPLE_NAME, line no: 22,coins[0],ARRAY_ACCESS, 0.625, 0.0, 0.0, 0.625, 0.0, 1.0
coins,SIMPLE_NAME, line no: 22,coins[0],ARRAY_ACCESS, 0.625, 0.0, 0.0, 0.625, 0.0, 1.0
coins,SIMPLE_NAME, line no: 23,coins[0],ARRAY_ACCESS, 0.625, 0.0, 0.0, 0.625, 0.0, 1.0
first,SIMPLE_NAME, line no: 21,rest,SIMPLE_NAME, 0.6, 0.0, 0.0, 0.6, 0.0, 1.0
rest,SIMPLE_NAME, line no: 22,first,SIMPLE_NAME, 0.6, 0.0, 0.0, 0.6, 0.0, 1.0
first,SIMPLE_NAME, line no: 23,rest,SIMPLE_NAME, 0.6, 0.0, 0.0, 0.6, 0.0, 1.0
rest,SIMPLE_NAME, line no: 23,first,SIMPLE_NAME, 0.6, 0.0, 0.0, 0.6, 0.0, 1.0
total,SIMPLE_NAME, line no: 14,total < 0,INFIX_EXPRESSION, 0.5555555555555556, 0.0, 0.0, 0.5555555555555556, 0.0, 1.0
total < 0,INFIX_EXPRESSION, line no: 17,total,SIMPLE_NAME, 0.5555555555555556, 0.0, 0.0, 0.5555555555555556, 0.0, 1.0
total,SIMPLE_NAME, line no: 17,total < 0,INFIX_EXPRESSION, 0.5555555555555556, 0.0, 0.0, 0.5555555555555556, 0.0, 1.0
possible_change,SIMPLE_NAME, line no: 23,possible_change(rest total),METHOD_INVOCATION, 0.5555555555555556, 0.0, 0.0, 0.5555555555555556, 0.0, 1.0
total,SIMPLE_NAME, line no: 23,total < 0,INFIX_EXPRESSION, 0.5555555555555556, 0.0, 0.0, 0.5555555555555556, 0.0, 1.0
possible_change(rest total),METHOD_INVOCATION, line no: 23,possible_change,SIMPLE_NAME, 0.5555555555555556, 0.0, 0.0, 0.5555555555555556, 0.0, 1.0
possible_change,SIMPLE_NAME, line no: 23,possible_change(rest total),METHOD_INVOCATION, 0.5555555555555556, 0.0, 0.0, 0.5555555555555556, 0.0, 1.0
total,SIMPLE_NAME, line no: 23,total < 0,INFIX_EXPRESSION, 0.5555555555555556, 0.0, 0.0, 0.5555555555555556, 0.0, 1.0
possible_change(coins total - first) + possible_change(rest total),INFIX_EXPRESSION, line no: 23,possible_change(coins total - first),METHOD_INVOCATION, 0.5454545454545454, 0.0, 0.0, 0.5454545454545454, 0.0, 1.0
possible_change(coins total - first),METHOD_INVOCATION, line no: 23,possible_change(coins total - first) + possible_change(rest total),INFIX_EXPRESSION, 0.5454545454545454, 0.0, 0.0, 0.5454545454545454, 0.0, 1.0
total == 0,INFIX_EXPRESSION, line no: 14,total - first,INFIX_EXPRESSION, 0.5384615384615384, 0.0, 0.0, 0.5384615384615384, 0.0, 1.0
total < 0,INFIX_EXPRESSION, line no: 17,total - first,INFIX_EXPRESSION, 0.5384615384615384, 0.0, 0.0, 0.5384615384615384, 0.0, 1.0
total - first,INFIX_EXPRESSION, line no: 23,total == 0,INFIX_EXPRESSION, 0.5384615384615384, 0.0, 0.0, 0.5384615384615384, 0.0, 1.0
total - first,INFIX_EXPRESSION, line no: 23,total < 0,INFIX_EXPRESSION, 0.5384615384615384, 0.0, 0.0, 0.5384615384615384, 0.0, 1.0
total == 0,INFIX_EXPRESSION, line no: 14,total,SIMPLE_NAME, 0.5, 0.0, 0.0, 0.5, 0.0, 1.0
total,SIMPLE_NAME, line no: 14,total == 0,INFIX_EXPRESSION, 0.5, 0.0, 0.0, 0.5, 0.0, 1.0
total,SIMPLE_NAME, line no: 17,total == 0,INFIX_EXPRESSION, 0.5, 0.0, 0.0, 0.5, 0.0, 1.0
coins.length,QUALIFIED_NAME, line no: 22,length,SIMPLE_NAME, 0.5, 0.0, 0.0, 0.5, 0.0, 1.0
length,SIMPLE_NAME, line no: 22,coins.length,QUALIFIED_NAME, 0.5, 0.0, 0.0, 0.5, 0.0, 1.0
total,SIMPLE_NAME, line no: 23,total == 0,INFIX_EXPRESSION, 0.5, 0.0, 0.0, 0.5, 0.0, 1.0
total,SIMPLE_NAME, line no: 23,total == 0,INFIX_EXPRESSION, 0.5, 0.0, 0.0, 0.5, 0.0, 1.0
Arrays.copyOfRange(coins 1 coins.length),METHOD_INVOCATION, line no: 22,possible_change(coins total - first),METHOD_INVOCATION, 0.45, 0.0, 0.0, 0.45, 0.0, 1.0
possible_change(coins total - first),METHOD_INVOCATION, line no: 23,Arrays.copyOfRange(coins 1 coins.length),METHOD_INVOCATION, 0.45, 0.0, 0.0, 0.45, 0.0, 1.0
coins[0],ARRAY_ACCESS, line no: 21,coins.length,QUALIFIED_NAME, 0.4166666666666667, 0.0, 0.0, 0.4166666666666667, 0.0, 1.0
coins,SIMPLE_NAME, line no: 21,coins.length,QUALIFIED_NAME, 0.4166666666666667, 0.0, 0.0, 0.4166666666666667, 0.0, 1.0
coins,SIMPLE_NAME, line no: 22,coins.length,QUALIFIED_NAME, 0.4166666666666667, 0.0, 0.0, 0.4166666666666667, 0.0, 1.0
coins.length,QUALIFIED_NAME, line no: 22,coins,SIMPLE_NAME, 0.4166666666666667, 0.0, 0.0, 0.4166666666666667, 0.0, 1.0
coins.length,QUALIFIED_NAME, line no: 22,coins[0],ARRAY_ACCESS, 0.4166666666666667, 0.0, 0.0, 0.4166666666666667, 0.0, 1.0
coins,SIMPLE_NAME, line no: 22,coins.length,QUALIFIED_NAME, 0.4166666666666667, 0.0, 0.0, 0.4166666666666667, 0.0, 1.0
possible_change(coins total - first),METHOD_INVOCATION, line no: 23,possible_change,SIMPLE_NAME, 0.4166666666666667, 0.0, 0.0, 0.4166666666666667, 0.0, 1.0
possible_change,SIMPLE_NAME, line no: 23,possible_change(coins total - first),METHOD_INVOCATION, 0.4166666666666667, 0.0, 0.0, 0.4166666666666667, 0.0, 1.0
coins,SIMPLE_NAME, line no: 23,coins.length,QUALIFIED_NAME, 0.4166666666666667, 0.0, 0.0, 0.4166666666666667, 0.0, 1.0
possible_change,SIMPLE_NAME, line no: 23,possible_change(coins total - first),METHOD_INVOCATION, 0.4166666666666667, 0.0, 0.0, 0.4166666666666667, 0.0, 1.0
possible_change(coins total - first) + possible_change(rest total),INFIX_EXPRESSION, line no: 23,possible_change(rest total),METHOD_INVOCATION, 0.4090909090909091, 0.0, 0.0, 0.4090909090909091, 0.0, 1.0
possible_change(rest total),METHOD_INVOCATION, line no: 23,possible_change(coins total - first) + possible_change(rest total),INFIX_EXPRESSION, 0.4090909090909091, 0.0, 0.0, 0.4090909090909091, 0.0, 1.0
total,SIMPLE_NAME, line no: 14,util,SIMPLE_NAME, 0.4, 0.0, 0.0, 0.4, 0.0, 1.0
total,SIMPLE_NAME, line no: 17,util,SIMPLE_NAME, 0.4, 0.0, 0.0, 0.4, 0.0, 1.0
first,SIMPLE_NAME, line no: 21,coins,SIMPLE_NAME, 0.4, 0.0, 0.0, 0.4, 0.0, 1.0
coins,SIMPLE_NAME, line no: 21,first,SIMPLE_NAME, 0.4, 0.0, 0.0, 0.4, 0.0, 1.0
coins,SIMPLE_NAME, line no: 22,first,SIMPLE_NAME, 0.4, 0.0, 0.0, 0.4, 0.0, 1.0
coins.length,QUALIFIED_NAME, line no: 22,possible_change,SIMPLE_NAME, 0.4, 0.0, 0.0, 0.4, 0.0, 1.0
coins,SIMPLE_NAME, line no: 22,first,SIMPLE_NAME, 0.4, 0.0, 0.0, 0.4, 0.0, 1.0
possible_change,SIMPLE_NAME, line no: 23,coins.length,QUALIFIED_NAME, 0.4, 0.0, 0.0, 0.4, 0.0, 1.0
coins,SIMPLE_NAME, line no: 23,first,SIMPLE_NAME, 0.4, 0.0, 0.0, 0.4, 0.0, 1.0
total,SIMPLE_NAME, line no: 23,util,SIMPLE_NAME, 0.4, 0.0, 0.0, 0.4, 0.0, 1.0
first,SIMPLE_NAME, line no: 23,coins,SIMPLE_NAME, 0.4, 0.0, 0.0, 0.4, 0.0, 1.0
possible_change,SIMPLE_NAME, line no: 23,coins.length,QUALIFIED_NAME, 0.4, 0.0, 0.0, 0.4, 0.0, 1.0
total,SIMPLE_NAME, line no: 23,util,SIMPLE_NAME, 0.4, 0.0, 0.0, 0.4, 0.0, 1.0
total,SIMPLE_NAME, line no: 14,total - first,INFIX_EXPRESSION, 0.38461538461538464, 0.0, 0.0, 0.38461538461538464, 0.0, 1.0
total,SIMPLE_NAME, line no: 17,total - first,INFIX_EXPRESSION, 0.38461538461538464, 0.0, 0.0, 0.38461538461538464, 0.0, 1.0
first,SIMPLE_NAME, line no: 21,total - first,INFIX_EXPRESSION, 0.38461538461538464, 0.0, 0.0, 0.38461538461538464, 0.0, 1.0
total - first,INFIX_EXPRESSION, line no: 23,total,SIMPLE_NAME, 0.38461538461538464, 0.0, 0.0, 0.38461538461538464, 0.0, 1.0
total - first,INFIX_EXPRESSION, line no: 23,first,SIMPLE_NAME, 0.38461538461538464, 0.0, 0.0, 0.38461538461538464, 0.0, 1.0
total,SIMPLE_NAME, line no: 23,total - first,INFIX_EXPRESSION, 0.38461538461538464, 0.0, 0.0, 0.38461538461538464, 0.0, 1.0
first,SIMPLE_NAME, line no: 23,total - first,INFIX_EXPRESSION, 0.38461538461538464, 0.0, 0.0, 0.38461538461538464, 0.0, 1.0
total,SIMPLE_NAME, line no: 23,total - first,INFIX_EXPRESSION, 0.38461538461538464, 0.0, 0.0, 0.38461538461538464, 0.0, 1.0
possible_change(coins total - first),METHOD_INVOCATION, line no: 23,total - first,INFIX_EXPRESSION, 0.3611111111111111, 0.0, 0.0, 0.3611111111111111, 0.0, 1.0
total - first,INFIX_EXPRESSION, line no: 23,possible_change(coins total - first),METHOD_INVOCATION, 0.3611111111111111, 0.0, 0.0, 0.3611111111111111, 0.0, 1.0
first,SIMPLE_NAME, line no: 21,Arrays,SIMPLE_NAME, 0.3333333333333333, 0.0, 0.0, 0.3333333333333333, 0.0, 1.0
rest,SIMPLE_NAME, line no: 22,Arrays,SIMPLE_NAME, 0.3333333333333333, 0.0, 0.0, 0.3333333333333333, 0.0, 1.0
rest,SIMPLE_NAME, line no: 22,length,SIMPLE_NAME, 0.3333333333333333, 0.0, 0.0, 0.3333333333333333, 0.0, 1.0
Arrays.copyOfRange(coins 1 coins.length),METHOD_INVOCATION, line no: 22,possible_change(coins total - first) + possible_change(rest total),INFIX_EXPRESSION, 0.3333333333333333, 0.0, 0.0, 0.3333333333333333, 0.0, 1.0
Arrays,SIMPLE_NAME, line no: 22,first,SIMPLE_NAME, 0.3333333333333333, 0.0, 0.0, 0.3333333333333333, 0.0, 1.0
Arrays,SIMPLE_NAME, line no: 22,rest,SIMPLE_NAME, 0.3333333333333333, 0.0, 0.0, 0.3333333333333333, 0.0, 1.0
copyOfRange,SIMPLE_NAME, line no: 22,possible_change,SIMPLE_NAME, 0.3333333333333333, 0.0, 0.0, 0.3333333333333333, 0.0, 1.0
copyOfRange,SIMPLE_NAME, line no: 22,coins.length,QUALIFIED_NAME, 0.3333333333333333, 0.0, 0.0, 0.3333333333333333, 0.0, 1.0
coins.length,QUALIFIED_NAME, line no: 22,copyOfRange,SIMPLE_NAME, 0.3333333333333333, 0.0, 0.0, 0.3333333333333333, 0.0, 1.0
length,SIMPLE_NAME, line no: 22,rest,SIMPLE_NAME, 0.3333333333333333, 0.0, 0.0, 0.3333333333333333, 0.0, 1.0
possible_change(coins total - first) + possible_change(rest total),INFIX_EXPRESSION, line no: 23,Arrays.copyOfRange(coins 1 coins.length),METHOD_INVOCATION, 0.3333333333333333, 0.0, 0.0, 0.3333333333333333, 0.0, 1.0
possible_change,SIMPLE_NAME, line no: 23,copyOfRange,SIMPLE_NAME, 0.3333333333333333, 0.0, 0.0, 0.3333333333333333, 0.0, 1.0
first,SIMPLE_NAME, line no: 23,Arrays,SIMPLE_NAME, 0.3333333333333333, 0.0, 0.0, 0.3333333333333333, 0.0, 1.0
possible_change,SIMPLE_NAME, line no: 23,copyOfRange,SIMPLE_NAME, 0.3333333333333333, 0.0, 0.0, 0.3333333333333333, 0.0, 1.0
rest,SIMPLE_NAME, line no: 23,Arrays,SIMPLE_NAME, 0.3333333333333333, 0.0, 0.0, 0.3333333333333333, 0.0, 1.0
rest,SIMPLE_NAME, line no: 23,length,SIMPLE_NAME, 0.3333333333333333, 0.0, 0.0, 0.3333333333333333, 0.0, 1.0
coins.length,QUALIFIED_NAME, line no: 22,total - first,INFIX_EXPRESSION, 0.3076923076923077, 0.0, 0.0, 0.3076923076923077, 0.0, 1.0
total - first,INFIX_EXPRESSION, line no: 23,coins.length,QUALIFIED_NAME, 0.3076923076923077, 0.0, 0.0, 0.3076923076923077, 0.0, 1.0
Arrays.copyOfRange(coins 1 coins.length),METHOD_INVOCATION, line no: 22,coins.length,QUALIFIED_NAME, 0.3, 0.0, 0.0, 0.3, 0.0, 1.0
Arrays.copyOfRange(coins 1 coins.length),METHOD_INVOCATION, line no: 22,possible_change(rest total),METHOD_INVOCATION, 0.3, 0.0, 0.0, 0.3, 0.0, 1.0
coins.length,QUALIFIED_NAME, line no: 22,Arrays.copyOfRange(coins 1 coins.length),METHOD_INVOCATION, 0.3, 0.0, 0.0, 0.3, 0.0, 1.0
possible_change(rest total),METHOD_INVOCATION, line no: 23,Arrays.copyOfRange(coins 1 coins.length),METHOD_INVOCATION, 0.3, 0.0, 0.0, 0.3, 0.0, 1.0
Arrays.copyOfRange(coins 1 coins.length),METHOD_INVOCATION, line no: 22,copyOfRange,SIMPLE_NAME, 0.275, 0.0, 0.0, 0.275, 0.0, 1.0
copyOfRange,SIMPLE_NAME, line no: 22,Arrays.copyOfRange(coins 1 coins.length),METHOD_INVOCATION, 0.275, 0.0, 0.0, 0.275, 0.0, 1.0
coins[0],ARRAY_ACCESS, line no: 21,copyOfRange,SIMPLE_NAME, 0.2727272727272727, 0.0, 0.0, 0.2727272727272727, 0.0, 1.0
coins,SIMPLE_NAME, line no: 21,copyOfRange,SIMPLE_NAME, 0.2727272727272727, 0.0, 0.0, 0.2727272727272727, 0.0, 1.0
copyOfRange,SIMPLE_NAME, line no: 22,coins,SIMPLE_NAME, 0.2727272727272727, 0.0, 0.0, 0.2727272727272727, 0.0, 1.0
copyOfRange,SIMPLE_NAME, line no: 22,coins[0],ARRAY_ACCESS, 0.2727272727272727, 0.0, 0.0, 0.2727272727272727, 0.0, 1.0
coins,SIMPLE_NAME, line no: 22,copyOfRange,SIMPLE_NAME, 0.2727272727272727, 0.0, 0.0, 0.2727272727272727, 0.0, 1.0
coins,SIMPLE_NAME, line no: 22,copyOfRange,SIMPLE_NAME, 0.2727272727272727, 0.0, 0.0, 0.2727272727272727, 0.0, 1.0
coins,SIMPLE_NAME, line no: 23,copyOfRange,SIMPLE_NAME, 0.2727272727272727, 0.0, 0.0, 0.2727272727272727, 0.0, 1.0
length,SIMPLE_NAME, line no: 22,possible_change,SIMPLE_NAME, 0.26666666666666666, 0.0, 0.0, 0.26666666666666666, 0.0, 1.0
possible_change,SIMPLE_NAME, line no: 23,length,SIMPLE_NAME, 0.26666666666666666, 0.0, 0.0, 0.26666666666666666, 0.0, 1.0
possible_change,SIMPLE_NAME, line no: 23,length,SIMPLE_NAME, 0.26666666666666666, 0.0, 0.0, 0.26666666666666666, 0.0, 1.0
coins.length,QUALIFIED_NAME, line no: 22,possible_change(rest total),METHOD_INVOCATION, 0.25925925925925924, 0.0, 0.0, 0.25925925925925924, 0.0, 1.0
possible_change(rest total),METHOD_INVOCATION, line no: 23,coins.length,QUALIFIED_NAME, 0.25925925925925924, 0.0, 0.0, 0.25925925925925924, 0.0, 1.0
first,SIMPLE_NAME, line no: 21,coins[0],ARRAY_ACCESS, 0.25, 0.0, 0.0, 0.25, 0.0, 1.0
first,SIMPLE_NAME, line no: 21,coins.length,QUALIFIED_NAME, 0.25, 0.0, 0.0, 0.25, 0.0, 1.0
coins[0],ARRAY_ACCESS, line no: 21,first,SIMPLE_NAME, 0.25, 0.0, 0.0, 0.25, 0.0, 1.0
rest,SIMPLE_NAME, line no: 22,util,SIMPLE_NAME, 0.25, 0.0, 0.0, 0.25, 0.0, 1.0
coins.length,QUALIFIED_NAME, line no: 22,first,SIMPLE_NAME, 0.25, 0.0, 0.0, 0.25, 0.0, 1.0
first,SIMPLE_NAME, line no: 23,coins[0],ARRAY_ACCESS, 0.25, 0.0, 0.0, 0.25, 0.0, 1.0
first,SIMPLE_NAME, line no: 23,coins.length,QUALIFIED_NAME, 0.25, 0.0, 0.0, 0.25, 0.0, 1.0
rest,SIMPLE_NAME, line no: 23,util,SIMPLE_NAME, 0.25, 0.0, 0.0, 0.25, 0.0, 1.0
coins[0],ARRAY_ACCESS, line no: 21,total - first,INFIX_EXPRESSION, 0.23076923076923078, 0.0, 0.0, 0.23076923076923078, 0.0, 1.0
coins,SIMPLE_NAME, line no: 21,total - first,INFIX_EXPRESSION, 0.23076923076923078, 0.0, 0.0, 0.23076923076923078, 0.0, 1.0
rest,SIMPLE_NAME, line no: 22,total - first,INFIX_EXPRESSION, 0.23076923076923078, 0.0, 0.0, 0.23076923076923078, 0.0, 1.0
coins,SIMPLE_NAME, line no: 22,total - first,INFIX_EXPRESSION, 0.23076923076923078, 0.0, 0.0, 0.23076923076923078, 0.0, 1.0
coins,SIMPLE_NAME, line no: 22,total - first,INFIX_EXPRESSION, 0.23076923076923078, 0.0, 0.0, 0.23076923076923078, 0.0, 1.0
coins,SIMPLE_NAME, line no: 23,total - first,INFIX_EXPRESSION, 0.23076923076923078, 0.0, 0.0, 0.23076923076923078, 0.0, 1.0
total - first,INFIX_EXPRESSION, line no: 23,coins,SIMPLE_NAME, 0.23076923076923078, 0.0, 0.0, 0.23076923076923078, 0.0, 1.0
total - first,INFIX_EXPRESSION, line no: 23,coins[0],ARRAY_ACCESS, 0.23076923076923078, 0.0, 0.0, 0.23076923076923078, 0.0, 1.0
total - first,INFIX_EXPRESSION, line no: 23,rest,SIMPLE_NAME, 0.23076923076923078, 0.0, 0.0, 0.23076923076923078, 0.0, 1.0
rest,SIMPLE_NAME, line no: 23,total - first,INFIX_EXPRESSION, 0.23076923076923078, 0.0, 0.0, 0.23076923076923078, 0.0, 1.0
possible_change(coins total - first) + possible_change(rest total),INFIX_EXPRESSION, line no: 23,possible_change,SIMPLE_NAME, 0.22727272727272727, 0.0, 0.0, 0.22727272727272727, 0.0, 1.0
possible_change,SIMPLE_NAME, line no: 23,possible_change(coins total - first) + possible_change(rest total),INFIX_EXPRESSION, 0.22727272727272727, 0.0, 0.0, 0.22727272727272727, 0.0, 1.0
possible_change,SIMPLE_NAME, line no: 23,possible_change(coins total - first) + possible_change(rest total),INFIX_EXPRESSION, 0.22727272727272727, 0.0, 0.0, 0.22727272727272727, 0.0, 1.0
total,SIMPLE_NAME, line no: 14,java.util,QUALIFIED_NAME, 0.2222222222222222, 0.0, 0.0, 0.2222222222222222, 0.0, 1.0
total < 0,INFIX_EXPRESSION, line no: 17,java.util,QUALIFIED_NAME, 0.2222222222222222, 0.0, 0.0, 0.2222222222222222, 0.0, 1.0
total < 0,INFIX_EXPRESSION, line no: 17,util,SIMPLE_NAME, 0.2222222222222222, 0.0, 0.0, 0.2222222222222222, 0.0, 1.0
total < 0,INFIX_EXPRESSION, line no: 17,coins[0],ARRAY_ACCESS, 0.2222222222222222, 0.0, 0.0, 0.2222222222222222, 0.0, 1.0
total,SIMPLE_NAME, line no: 17,java.util,QUALIFIED_NAME, 0.2222222222222222, 0.0, 0.0, 0.2222222222222222, 0.0, 1.0
coins[0],ARRAY_ACCESS, line no: 21,total < 0,INFIX_EXPRESSION, 0.2222222222222222, 0.0, 0.0, 0.2222222222222222, 0.0, 1.0
total,SIMPLE_NAME, line no: 23,java.util,QUALIFIED_NAME, 0.2222222222222222, 0.0, 0.0, 0.2222222222222222, 0.0, 1.0
possible_change(rest total),METHOD_INVOCATION, line no: 23,buggy_java_programs,SIMPLE_NAME, 0.2222222222222222, 0.0, 0.0, 0.2222222222222222, 0.0, 1.0
total,SIMPLE_NAME, line no: 23,java.util,QUALIFIED_NAME, 0.2222222222222222, 0.0, 0.0, 0.2222222222222222, 0.0, 1.0
Arrays,SIMPLE_NAME, line no: 22,buggy_java_programs,SIMPLE_NAME, 0.21052631578947367, 0.0, 0.0, 0.21052631578947367, 0.0, 1.0
possible_change,SIMPLE_NAME, line no: 23,buggy_java_programs,SIMPLE_NAME, 0.21052631578947367, 0.0, 0.0, 0.21052631578947367, 0.0, 1.0
possible_change,SIMPLE_NAME, line no: 23,buggy_java_programs,SIMPLE_NAME, 0.21052631578947367, 0.0, 0.0, 0.21052631578947367, 0.0, 1.0
total == 0,INFIX_EXPRESSION, line no: 14,java.util,QUALIFIED_NAME, 0.2, 0.0, 0.0, 0.2, 0.0, 1.0
total == 0,INFIX_EXPRESSION, line no: 14,util,SIMPLE_NAME, 0.2, 0.0, 0.0, 0.2, 0.0, 1.0
total == 0,INFIX_EXPRESSION, line no: 14,coins[0],ARRAY_ACCESS, 0.2, 0.0, 0.0, 0.2, 0.0, 1.0
total,SIMPLE_NAME, line no: 14,java,SIMPLE_NAME, 0.2, 0.0, 0.0, 0.2, 0.0, 1.0
total,SIMPLE_NAME, line no: 14,coins,SIMPLE_NAME, 0.2, 0.0, 0.0, 0.2, 0.0, 1.0
total,SIMPLE_NAME, line no: 14,first,SIMPLE_NAME, 0.2, 0.0, 0.0, 0.2, 0.0, 1.0
total,SIMPLE_NAME, line no: 14,rest,SIMPLE_NAME, 0.2, 0.0, 0.0, 0.2, 0.0, 1.0
total,SIMPLE_NAME, line no: 17,java,SIMPLE_NAME, 0.2, 0.0, 0.0, 0.2, 0.0, 1.0
total,SIMPLE_NAME, line no: 17,coins,SIMPLE_NAME, 0.2, 0.0, 0.0, 0.2, 0.0, 1.0
total,SIMPLE_NAME, line no: 17,first,SIMPLE_NAME, 0.2, 0.0, 0.0, 0.2, 0.0, 1.0
total,SIMPLE_NAME, line no: 17,rest,SIMPLE_NAME, 0.2, 0.0, 0.0, 0.2, 0.0, 1.0
first,SIMPLE_NAME, line no: 21,util,SIMPLE_NAME, 0.2, 0.0, 0.0, 0.2, 0.0, 1.0
first,SIMPLE_NAME, line no: 21,total,SIMPLE_NAME, 0.2, 0.0, 0.0, 0.2, 0.0, 1.0
coins[0],ARRAY_ACCESS, line no: 21,possible_change,SIMPLE_NAME, 0.2, 0.0, 0.0, 0.2, 0.0, 1.0
coins[0],ARRAY_ACCESS, line no: 21,total == 0,INFIX_EXPRESSION, 0.2, 0.0, 0.0, 0.2, 0.0, 1.0
coins,SIMPLE_NAME, line no: 21,util,SIMPLE_NAME, 0.2, 0.0, 0.0, 0.2, 0.0, 1.0
coins,SIMPLE_NAME, line no: 21,possible_change,SIMPLE_NAME, 0.2, 0.0, 0.0, 0.2, 0.0, 1.0
coins,SIMPLE_NAME, line no: 21,total,SIMPLE_NAME, 0.2, 0.0, 0.0, 0.2, 0.0, 1.0
coins,SIMPLE_NAME, line no: 21,rest,SIMPLE_NAME, 0.2, 0.0, 0.0, 0.2, 0.0, 1.0
rest,SIMPLE_NAME, line no: 22,coins,SIMPLE_NAME, 0.2, 0.0, 0.0, 0.2, 0.0, 1.0
rest,SIMPLE_NAME, line no: 22,total,SIMPLE_NAME, 0.2, 0.0, 0.0, 0.2, 0.0, 1.0
Arrays.copyOfRange(coins 1 coins.length),METHOD_INVOCATION, line no: 22,possible_change,SIMPLE_NAME, 0.2, 0.0, 0.0, 0.2, 0.0, 1.0
coins,SIMPLE_NAME, line no: 22,util,SIMPLE_NAME, 0.2, 0.0, 0.0, 0.2, 0.0, 1.0
coins,SIMPLE_NAME, line no: 22,possible_change,SIMPLE_NAME, 0.2, 0.0, 0.0, 0.2, 0.0, 1.0
coins,SIMPLE_NAME, line no: 22,total,SIMPLE_NAME, 0.2, 0.0, 0.0, 0.2, 0.0, 1.0
coins,SIMPLE_NAME, line no: 22,rest,SIMPLE_NAME, 0.2, 0.0, 0.0, 0.2, 0.0, 1.0
coins,SIMPLE_NAME, line no: 22,util,SIMPLE_NAME, 0.2, 0.0, 0.0, 0.2, 0.0, 1.0
coins,SIMPLE_NAME, line no: 22,possible_change,SIMPLE_NAME, 0.2, 0.0, 0.0, 0.2, 0.0, 1.0
coins,SIMPLE_NAME, line no: 22,total,SIMPLE_NAME, 0.2, 0.0, 0.0, 0.2, 0.0, 1.0
coins,SIMPLE_NAME, line no: 22,rest,SIMPLE_NAME, 0.2, 0.0, 0.0, 0.2, 0.0, 1.0
possible_change,SIMPLE_NAME, line no: 23,coins,SIMPLE_NAME, 0.2, 0.0, 0.0, 0.2, 0.0, 1.0
possible_change,SIMPLE_NAME, line no: 23,coins[0],ARRAY_ACCESS, 0.2, 0.0, 0.0, 0.2, 0.0, 1.0
possible_change,SIMPLE_NAME, line no: 23,Arrays.copyOfRange(coins 1 coins.length),METHOD_INVOCATION, 0.2, 0.0, 0.0, 0.2, 0.0, 1.0
coins,SIMPLE_NAME, line no: 23,util,SIMPLE_NAME, 0.2, 0.0, 0.0, 0.2, 0.0, 1.0
coins,SIMPLE_NAME, line no: 23,possible_change,SIMPLE_NAME, 0.2, 0.0, 0.0, 0.2, 0.0, 1.0
coins,SIMPLE_NAME, line no: 23,total,SIMPLE_NAME, 0.2, 0.0, 0.0, 0.2, 0.0, 1.0
coins,SIMPLE_NAME, line no: 23,rest,SIMPLE_NAME, 0.2, 0.0, 0.0, 0.2, 0.0, 1.0
total,SIMPLE_NAME, line no: 23,java,SIMPLE_NAME, 0.2, 0.0, 0.0, 0.2, 0.0, 1.0
total,SIMPLE_NAME, line no: 23,coins,SIMPLE_NAME, 0.2, 0.0, 0.0, 0.2, 0.0, 1.0
total,SIMPLE_NAME, line no: 23,first,SIMPLE_NAME, 0.2, 0.0, 0.0, 0.2, 0.0, 1.0
total,SIMPLE_NAME, line no: 23,rest,SIMPLE_NAME, 0.2, 0.0, 0.0, 0.2, 0.0, 1.0
first,SIMPLE_NAME, line no: 23,util,SIMPLE_NAME, 0.2, 0.0, 0.0, 0.2, 0.0, 1.0
first,SIMPLE_NAME, line no: 23,total,SIMPLE_NAME, 0.2, 0.0, 0.0, 0.2, 0.0, 1.0
possible_change,SIMPLE_NAME, line no: 23,coins,SIMPLE_NAME, 0.2, 0.0, 0.0, 0.2, 0.0, 1.0
possible_change,SIMPLE_NAME, line no: 23,coins[0],ARRAY_ACCESS, 0.2, 0.0, 0.0, 0.2, 0.0, 1.0
possible_change,SIMPLE_NAME, line no: 23,Arrays.copyOfRange(coins 1 coins.length),METHOD_INVOCATION, 0.2, 0.0, 0.0, 0.2, 0.0, 1.0
rest,SIMPLE_NAME, line no: 23,coins,SIMPLE_NAME, 0.2, 0.0, 0.0, 0.2, 0.0, 1.0
rest,SIMPLE_NAME, line no: 23,total,SIMPLE_NAME, 0.2, 0.0, 0.0, 0.2, 0.0, 1.0
total,SIMPLE_NAME, line no: 23,java,SIMPLE_NAME, 0.2, 0.0, 0.0, 0.2, 0.0, 1.0
total,SIMPLE_NAME, line no: 23,coins,SIMPLE_NAME, 0.2, 0.0, 0.0, 0.2, 0.0, 1.0
total,SIMPLE_NAME, line no: 23,first,SIMPLE_NAME, 0.2, 0.0, 0.0, 0.2, 0.0, 1.0
total,SIMPLE_NAME, line no: 23,rest,SIMPLE_NAME, 0.2, 0.0, 0.0, 0.2, 0.0, 1.0
possible_change(coins total - first) + possible_change(rest total),INFIX_EXPRESSION, line no: 23,total - first,INFIX_EXPRESSION, 0.19696969696969696, 0.0, 0.0, 0.19696969696969696, 0.0, 1.0
total - first,INFIX_EXPRESSION, line no: 23,possible_change(coins total - first) + possible_change(rest total),INFIX_EXPRESSION, 0.19696969696969696, 0.0, 0.0, 0.19696969696969696, 0.0, 1.0
total == 0,INFIX_EXPRESSION, line no: 14,possible_change(coins total - first),METHOD_INVOCATION, 0.19444444444444445, 0.0, 0.0, 0.19444444444444445, 0.0, 1.0
total < 0,INFIX_EXPRESSION, line no: 17,possible_change(coins total - first),METHOD_INVOCATION, 0.19444444444444445, 0.0, 0.0, 0.19444444444444445, 0.0, 1.0
coins.length,QUALIFIED_NAME, line no: 22,possible_change(coins total - first),METHOD_INVOCATION, 0.19444444444444445, 0.0, 0.0, 0.19444444444444445, 0.0, 1.0
possible_change(coins total - first),METHOD_INVOCATION, line no: 23,total == 0,INFIX_EXPRESSION, 0.19444444444444445, 0.0, 0.0, 0.19444444444444445, 0.0, 1.0
possible_change(coins total - first),METHOD_INVOCATION, line no: 23,total < 0,INFIX_EXPRESSION, 0.19444444444444445, 0.0, 0.0, 0.19444444444444445, 0.0, 1.0
possible_change(coins total - first),METHOD_INVOCATION, line no: 23,coins.length,QUALIFIED_NAME, 0.19444444444444445, 0.0, 0.0, 0.19444444444444445, 0.0, 1.0
total == 0,INFIX_EXPRESSION, line no: 14,possible_change(rest total),METHOD_INVOCATION, 0.18518518518518517, 0.0, 0.0, 0.18518518518518517, 0.0, 1.0
total,SIMPLE_NAME, line no: 14,possible_change(rest total),METHOD_INVOCATION, 0.18518518518518517, 0.0, 0.0, 0.18518518518518517, 0.0, 1.0
total < 0,INFIX_EXPRESSION, line no: 17,possible_change(rest total),METHOD_INVOCATION, 0.18518518518518517, 0.0, 0.0, 0.18518518518518517, 0.0, 1.0
total,SIMPLE_NAME, line no: 17,possible_change(rest total),METHOD_INVOCATION, 0.18518518518518517, 0.0, 0.0, 0.18518518518518517, 0.0, 1.0
copyOfRange,SIMPLE_NAME, line no: 22,possible_change(rest total),METHOD_INVOCATION, 0.18518518518518517, 0.0, 0.0, 0.18518518518518517, 0.0, 1.0
length,SIMPLE_NAME, line no: 22,possible_change(rest total),METHOD_INVOCATION, 0.18518518518518517, 0.0, 0.0, 0.18518518518518517, 0.0, 1.0
total - first,INFIX_EXPRESSION, line no: 23,possible_change(rest total),METHOD_INVOCATION, 0.18518518518518517, 0.0, 0.0, 0.18518518518518517, 0.0, 1.0
total,SIMPLE_NAME, line no: 23,possible_change(rest total),METHOD_INVOCATION, 0.18518518518518517, 0.0, 0.0, 0.18518518518518517, 0.0, 1.0
possible_change(rest total),METHOD_INVOCATION, line no: 23,total,SIMPLE_NAME, 0.18518518518518517, 0.0, 0.0, 0.18518518518518517, 0.0, 1.0
possible_change(rest total),METHOD_INVOCATION, line no: 23,total == 0,INFIX_EXPRESSION, 0.18518518518518517, 0.0, 0.0, 0.18518518518518517, 0.0, 1.0
possible_change(rest total),METHOD_INVOCATION, line no: 23,total < 0,INFIX_EXPRESSION, 0.18518518518518517, 0.0, 0.0, 0.18518518518518517, 0.0, 1.0
possible_change(rest total),METHOD_INVOCATION, line no: 23,copyOfRange,SIMPLE_NAME, 0.18518518518518517, 0.0, 0.0, 0.18518518518518517, 0.0, 1.0
possible_change(rest total),METHOD_INVOCATION, line no: 23,length,SIMPLE_NAME, 0.18518518518518517, 0.0, 0.0, 0.18518518518518517, 0.0, 1.0
possible_change(rest total),METHOD_INVOCATION, line no: 23,total - first,INFIX_EXPRESSION, 0.18518518518518517, 0.0, 0.0, 0.18518518518518517, 0.0, 1.0
total,SIMPLE_NAME, line no: 23,possible_change(rest total),METHOD_INVOCATION, 0.18518518518518517, 0.0, 0.0, 0.18518518518518517, 0.0, 1.0
total == 0,INFIX_EXPRESSION, line no: 14,copyOfRange,SIMPLE_NAME, 0.18181818181818182, 0.0, 0.0, 0.18181818181818182, 0.0, 1.0
total,SIMPLE_NAME, line no: 14,copyOfRange,SIMPLE_NAME, 0.18181818181818182, 0.0, 0.0, 0.18181818181818182, 0.0, 1.0
total < 0,INFIX_EXPRESSION, line no: 17,copyOfRange,SIMPLE_NAME, 0.18181818181818182, 0.0, 0.0, 0.18181818181818182, 0.0, 1.0
total,SIMPLE_NAME, line no: 17,copyOfRange,SIMPLE_NAME, 0.18181818181818182, 0.0, 0.0, 0.18181818181818182, 0.0, 1.0
copyOfRange,SIMPLE_NAME, line no: 22,total,SIMPLE_NAME, 0.18181818181818182, 0.0, 0.0, 0.18181818181818182, 0.0, 1.0
copyOfRange,SIMPLE_NAME, line no: 22,total == 0,INFIX_EXPRESSION, 0.18181818181818182, 0.0, 0.0, 0.18181818181818182, 0.0, 1.0
copyOfRange,SIMPLE_NAME, line no: 22,total < 0,INFIX_EXPRESSION, 0.18181818181818182, 0.0, 0.0, 0.18181818181818182, 0.0, 1.0
copyOfRange,SIMPLE_NAME, line no: 22,length,SIMPLE_NAME, 0.18181818181818182, 0.0, 0.0, 0.18181818181818182, 0.0, 1.0
length,SIMPLE_NAME, line no: 22,copyOfRange,SIMPLE_NAME, 0.18181818181818182, 0.0, 0.0, 0.18181818181818182, 0.0, 1.0
total,SIMPLE_NAME, line no: 23,copyOfRange,SIMPLE_NAME, 0.18181818181818182, 0.0, 0.0, 0.18181818181818182, 0.0, 1.0
total,SIMPLE_NAME, line no: 23,copyOfRange,SIMPLE_NAME, 0.18181818181818182, 0.0, 0.0, 0.18181818181818182, 0.0, 1.0
total == 0,INFIX_EXPRESSION, line no: 14,coins.length,QUALIFIED_NAME, 0.16666666666666666, 0.0, 0.0, 0.16666666666666666, 0.0, 1.0
total,SIMPLE_NAME, line no: 14,Arrays,SIMPLE_NAME, 0.16666666666666666, 0.0, 0.0, 0.16666666666666666, 0.0, 1.0
total,SIMPLE_NAME, line no: 14,coins.length,QUALIFIED_NAME, 0.16666666666666666, 0.0, 0.0, 0.16666666666666666, 0.0, 1.0
total,SIMPLE_NAME, line no: 14,length,SIMPLE_NAME, 0.16666666666666666, 0.0, 0.0, 0.16666666666666666, 0.0, 1.0
total < 0,INFIX_EXPRESSION, line no: 17,coins.length,QUALIFIED_NAME, 0.16666666666666666, 0.0, 0.0, 0.16666666666666666, 0.0, 1.0
total,SIMPLE_NAME, line no: 17,Arrays,SIMPLE_NAME, 0.16666666666666666, 0.0, 0.0, 0.16666666666666666, 0.0, 1.0
total,SIMPLE_NAME, line no: 17,coins.length,QUALIFIED_NAME, 0.16666666666666666, 0.0, 0.0, 0.16666666666666666, 0.0, 1.0
total,SIMPLE_NAME, line no: 17,length,SIMPLE_NAME, 0.16666666666666666, 0.0, 0.0, 0.16666666666666666, 0.0, 1.0
first,SIMPLE_NAME, line no: 21,length,SIMPLE_NAME, 0.16666666666666666, 0.0, 0.0, 0.16666666666666666, 0.0, 1.0
coins,SIMPLE_NAME, line no: 21,Arrays,SIMPLE_NAME, 0.16666666666666666, 0.0, 0.0, 0.16666666666666666, 0.0, 1.0
coins,SIMPLE_NAME, line no: 21,length,SIMPLE_NAME, 0.16666666666666666, 0.0, 0.0, 0.16666666666666666, 0.0, 1.0
rest,SIMPLE_NAME, line no: 22,coins.length,QUALIFIED_NAME, 0.16666666666666666, 0.0, 0.0, 0.16666666666666666, 0.0, 1.0
Arrays,SIMPLE_NAME, line no: 22,java,SIMPLE_NAME, 0.16666666666666666, 0.0, 0.0, 0.16666666666666666, 0.0, 1.0
Arrays,SIMPLE_NAME, line no: 22,coins,SIMPLE_NAME, 0.16666666666666666, 0.0, 0.0, 0.16666666666666666, 0.0, 1.0
Arrays,SIMPLE_NAME, line no: 22,total,SIMPLE_NAME, 0.16666666666666666, 0.0, 0.0, 0.16666666666666666, 0.0, 1.0
coins,SIMPLE_NAME, line no: 22,Arrays,SIMPLE_NAME, 0.16666666666666666, 0.0, 0.0, 0.16666666666666666, 0.0, 1.0
coins,SIMPLE_NAME, line no: 22,length,SIMPLE_NAME, 0.16666666666666666, 0.0, 0.0, 0.16666666666666666, 0.0, 1.0
coins.length,QUALIFIED_NAME, line no: 22,java.util,QUALIFIED_NAME, 0.16666666666666666, 0.0, 0.0, 0.16666666666666666, 0.0, 1.0
coins.length,QUALIFIED_NAME, line no: 22,util,SIMPLE_NAME, 0.16666666666666666, 0.0, 0.0, 0.16666666666666666, 0.0, 1.0
coins.length,QUALIFIED_NAME, line no: 22,total,SIMPLE_NAME, 0.16666666666666666, 0.0, 0.0, 0.16666666666666666, 0.0, 1.0
coins.length,QUALIFIED_NAME, line no: 22,total == 0,INFIX_EXPRESSION, 0.16666666666666666, 0.0, 0.0, 0.16666666666666666, 0.0, 1.0
coins.length,QUALIFIED_NAME, line no: 22,total < 0,INFIX_EXPRESSION, 0.16666666666666666, 0.0, 0.0, 0.16666666666666666, 0.0, 1.0
coins.length,QUALIFIED_NAME, line no: 22,rest,SIMPLE_NAME, 0.16666666666666666, 0.0, 0.0, 0.16666666666666666, 0.0, 1.0
coins,SIMPLE_NAME, line no: 22,Arrays,SIMPLE_NAME, 0.16666666666666666, 0.0, 0.0, 0.16666666666666666, 0.0, 1.0
coins,SIMPLE_NAME, line no: 22,length,SIMPLE_NAME, 0.16666666666666666, 0.0, 0.0, 0.16666666666666666, 0.0, 1.0
length,SIMPLE_NAME, line no: 22,util,SIMPLE_NAME, 0.16666666666666666, 0.0, 0.0, 0.16666666666666666, 0.0, 1.0
length,SIMPLE_NAME, line no: 22,coins,SIMPLE_NAME, 0.16666666666666666, 0.0, 0.0, 0.16666666666666666, 0.0, 1.0
length,SIMPLE_NAME, line no: 22,total,SIMPLE_NAME, 0.16666666666666666, 0.0, 0.0, 0.16666666666666666, 0.0, 1.0
length,SIMPLE_NAME, line no: 22,first,SIMPLE_NAME, 0.16666666666666666, 0.0, 0.0, 0.16666666666666666, 0.0, 1.0
possible_change(coins total - first),METHOD_INVOCATION, line no: 23,buggy_java_programs,SIMPLE_NAME, 0.16666666666666666, 0.0, 0.0, 0.16666666666666666, 0.0, 1.0
coins,SIMPLE_NAME, line no: 23,Arrays,SIMPLE_NAME, 0.16666666666666666, 0.0, 0.0, 0.16666666666666666, 0.0, 1.0
coins,SIMPLE_NAME, line no: 23,length,SIMPLE_NAME, 0.16666666666666666, 0.0, 0.0, 0.16666666666666666, 0.0, 1.0
total,SIMPLE_NAME, line no: 23,Arrays,SIMPLE_NAME, 0.16666666666666666, 0.0, 0.0, 0.16666666666666666, 0.0, 1.0
total,SIMPLE_NAME, line no: 23,coins.length,QUALIFIED_NAME, 0.16666666666666666, 0.0, 0.0, 0.16666666666666666, 0.0, 1.0
total,SIMPLE_NAME, line no: 23,length,SIMPLE_NAME, 0.16666666666666666, 0.0, 0.0, 0.16666666666666666, 0.0, 1.0
first,SIMPLE_NAME, line no: 23,length,SIMPLE_NAME, 0.16666666666666666, 0.0, 0.0, 0.16666666666666666, 0.0, 1.0
rest,SIMPLE_NAME, line no: 23,coins.length,QUALIFIED_NAME, 0.16666666666666666, 0.0, 0.0, 0.16666666666666666, 0.0, 1.0
total,SIMPLE_NAME, line no: 23,Arrays,SIMPLE_NAME, 0.16666666666666666, 0.0, 0.0, 0.16666666666666666, 0.0, 1.0
total,SIMPLE_NAME, line no: 23,coins.length,QUALIFIED_NAME, 0.16666666666666666, 0.0, 0.0, 0.16666666666666666, 0.0, 1.0
total,SIMPLE_NAME, line no: 23,length,SIMPLE_NAME, 0.16666666666666666, 0.0, 0.0, 0.16666666666666666, 0.0, 1.0
copyOfRange,SIMPLE_NAME, line no: 22,buggy_java_programs,SIMPLE_NAME, 0.15789473684210525, 0.0, 0.0, 0.15789473684210525, 0.0, 1.0
total - first,INFIX_EXPRESSION, line no: 23,buggy_java_programs,SIMPLE_NAME, 0.15789473684210525, 0.0, 0.0, 0.15789473684210525, 0.0, 1.0
Arrays,SIMPLE_NAME, line no: 22,total - first,INFIX_EXPRESSION, 0.15384615384615385, 0.0, 0.0, 0.15384615384615385, 0.0, 1.0
copyOfRange,SIMPLE_NAME, line no: 22,total - first,INFIX_EXPRESSION, 0.15384615384615385, 0.0, 0.0, 0.15384615384615385, 0.0, 1.0
length,SIMPLE_NAME, line no: 22,total - first,INFIX_EXPRESSION, 0.15384615384615385, 0.0, 0.0, 0.15384615384615385, 0.0, 1.0
total - first,INFIX_EXPRESSION, line no: 23,java.util,QUALIFIED_NAME, 0.15384615384615385, 0.0, 0.0, 0.15384615384615385, 0.0, 1.0
total - first,INFIX_EXPRESSION, line no: 23,util,SIMPLE_NAME, 0.15384615384615385, 0.0, 0.0, 0.15384615384615385, 0.0, 1.0
total - first,INFIX_EXPRESSION, line no: 23,Arrays,SIMPLE_NAME, 0.15384615384615385, 0.0, 0.0, 0.15384615384615385, 0.0, 1.0
total - first,INFIX_EXPRESSION, line no: 23,copyOfRange,SIMPLE_NAME, 0.15384615384615385, 0.0, 0.0, 0.15384615384615385, 0.0, 1.0
total - first,INFIX_EXPRESSION, line no: 23,length,SIMPLE_NAME, 0.15384615384615385, 0.0, 0.0, 0.15384615384615385, 0.0, 1.0
coins.length,QUALIFIED_NAME, line no: 22,possible_change(coins total - first) + possible_change(rest total),INFIX_EXPRESSION, 0.15151515151515152, 0.0, 0.0, 0.15151515151515152, 0.0, 1.0
possible_change(coins total - first) + possible_change(rest total),INFIX_EXPRESSION, line no: 23,coins.length,QUALIFIED_NAME, 0.15151515151515152, 0.0, 0.0, 0.15151515151515152, 0.0, 1.0
Arrays.copyOfRange(coins 1 coins.length),METHOD_INVOCATION, line no: 22,Arrays,SIMPLE_NAME, 0.15, 0.0, 0.0, 0.15, 0.0, 1.0
Arrays.copyOfRange(coins 1 coins.length),METHOD_INVOCATION, line no: 22,length,SIMPLE_NAME, 0.15, 0.0, 0.0, 0.15, 0.0, 1.0
Arrays,SIMPLE_NAME, line no: 22,Arrays.copyOfRange(coins 1 coins.length),METHOD_INVOCATION, 0.15, 0.0, 0.0, 0.15, 0.0, 1.0
length,SIMPLE_NAME, line no: 22,Arrays.copyOfRange(coins 1 coins.length),METHOD_INVOCATION, 0.15, 0.0, 0.0, 0.15, 0.0, 1.0
first,SIMPLE_NAME, line no: 21,possible_change(rest total),METHOD_INVOCATION, 0.14814814814814814, 0.0, 0.0, 0.14814814814814814, 0.0, 1.0
coins[0],ARRAY_ACCESS, line no: 21,possible_change(rest total),METHOD_INVOCATION, 0.14814814814814814, 0.0, 0.0, 0.14814814814814814, 0.0, 1.0
coins,SIMPLE_NAME, line no: 21,possible_change(rest total),METHOD_INVOCATION, 0.14814814814814814, 0.0, 0.0, 0.14814814814814814, 0.0, 1.0
rest,SIMPLE_NAME, line no: 22,possible_change(rest total),METHOD_INVOCATION, 0.14814814814814814, 0.0, 0.0, 0.14814814814814814, 0.0, 1.0
coins,SIMPLE_NAME, line no: 22,possible_change(rest total),METHOD_INVOCATION, 0.14814814814814814, 0.0, 0.0, 0.14814814814814814, 0.0, 1.0
coins,SIMPLE_NAME, line no: 22,possible_change(rest total),METHOD_INVOCATION, 0.14814814814814814, 0.0, 0.0, 0.14814814814814814, 0.0, 1.0
coins,SIMPLE_NAME, line no: 23,possible_change(rest total),METHOD_INVOCATION, 0.14814814814814814, 0.0, 0.0, 0.14814814814814814, 0.0, 1.0
first,SIMPLE_NAME, line no: 23,possible_change(rest total),METHOD_INVOCATION, 0.14814814814814814, 0.0, 0.0, 0.14814814814814814, 0.0, 1.0
possible_change(rest total),METHOD_INVOCATION, line no: 23,coins,SIMPLE_NAME, 0.14814814814814814, 0.0, 0.0, 0.14814814814814814, 0.0, 1.0
possible_change(rest total),METHOD_INVOCATION, line no: 23,first,SIMPLE_NAME, 0.14814814814814814, 0.0, 0.0, 0.14814814814814814, 0.0, 1.0
possible_change(rest total),METHOD_INVOCATION, line no: 23,coins[0],ARRAY_ACCESS, 0.14814814814814814, 0.0, 0.0, 0.14814814814814814, 0.0, 1.0
possible_change(rest total),METHOD_INVOCATION, line no: 23,rest,SIMPLE_NAME, 0.14814814814814814, 0.0, 0.0, 0.14814814814814814, 0.0, 1.0
rest,SIMPLE_NAME, line no: 23,possible_change(rest total),METHOD_INVOCATION, 0.14814814814814814, 0.0, 0.0, 0.14814814814814814, 0.0, 1.0
total,SIMPLE_NAME, line no: 14,possible_change(coins total - first),METHOD_INVOCATION, 0.1388888888888889, 0.0, 0.0, 0.1388888888888889, 0.0, 1.0
total,SIMPLE_NAME, line no: 17,possible_change(coins total - first),METHOD_INVOCATION, 0.1388888888888889, 0.0, 0.0, 0.1388888888888889, 0.0, 1.0
first,SIMPLE_NAME, line no: 21,possible_change(coins total - first),METHOD_INVOCATION, 0.1388888888888889, 0.0, 0.0, 0.1388888888888889, 0.0, 1.0
coins[0],ARRAY_ACCESS, line no: 21,possible_change(coins total - first),METHOD_INVOCATION, 0.1388888888888889, 0.0, 0.0, 0.1388888888888889, 0.0, 1.0
coins,SIMPLE_NAME, line no: 21,possible_change(coins total - first),METHOD_INVOCATION, 0.1388888888888889, 0.0, 0.0, 0.1388888888888889, 0.0, 1.0
copyOfRange,SIMPLE_NAME, line no: 22,possible_change(coins total - first),METHOD_INVOCATION, 0.1388888888888889, 0.0, 0.0, 0.1388888888888889, 0.0, 1.0
coins,SIMPLE_NAME, line no: 22,possible_change(coins total - first),METHOD_INVOCATION, 0.1388888888888889, 0.0, 0.0, 0.1388888888888889, 0.0, 1.0
coins,SIMPLE_NAME, line no: 22,possible_change(coins total - first),METHOD_INVOCATION, 0.1388888888888889, 0.0, 0.0, 0.1388888888888889, 0.0, 1.0
length,SIMPLE_NAME, line no: 22,possible_change(coins total - first),METHOD_INVOCATION, 0.1388888888888889, 0.0, 0.0, 0.1388888888888889, 0.0, 1.0
possible_change(coins total - first),METHOD_INVOCATION, line no: 23,coins,SIMPLE_NAME, 0.1388888888888889, 0.0, 0.0, 0.1388888888888889, 0.0, 1.0
possible_change(coins total - first),METHOD_INVOCATION, line no: 23,total,SIMPLE_NAME, 0.1388888888888889, 0.0, 0.0, 0.1388888888888889, 0.0, 1.0
possible_change(coins total - first),METHOD_INVOCATION, line no: 23,first,SIMPLE_NAME, 0.1388888888888889, 0.0, 0.0, 0.1388888888888889, 0.0, 1.0
possible_change(coins total - first),METHOD_INVOCATION, line no: 23,coins[0],ARRAY_ACCESS, 0.1388888888888889, 0.0, 0.0, 0.1388888888888889, 0.0, 1.0
possible_change(coins total - first),METHOD_INVOCATION, line no: 23,copyOfRange,SIMPLE_NAME, 0.1388888888888889, 0.0, 0.0, 0.1388888888888889, 0.0, 1.0
possible_change(coins total - first),METHOD_INVOCATION, line no: 23,length,SIMPLE_NAME, 0.1388888888888889, 0.0, 0.0, 0.1388888888888889, 0.0, 1.0
coins,SIMPLE_NAME, line no: 23,possible_change(coins total - first),METHOD_INVOCATION, 0.1388888888888889, 0.0, 0.0, 0.1388888888888889, 0.0, 1.0
total,SIMPLE_NAME, line no: 23,possible_change(coins total - first),METHOD_INVOCATION, 0.1388888888888889, 0.0, 0.0, 0.1388888888888889, 0.0, 1.0
first,SIMPLE_NAME, line no: 23,possible_change(coins total - first),METHOD_INVOCATION, 0.1388888888888889, 0.0, 0.0, 0.1388888888888889, 0.0, 1.0
total,SIMPLE_NAME, line no: 23,possible_change(coins total - first),METHOD_INVOCATION, 0.1388888888888889, 0.0, 0.0, 0.1388888888888889, 0.0, 1.0
possible_change(coins total - first) + possible_change(rest total),INFIX_EXPRESSION, line no: 23,buggy_java_programs,SIMPLE_NAME, 0.13636363636363635, 0.0, 0.0, 0.13636363636363635, 0.0, 1.0
total == 0,INFIX_EXPRESSION, line no: 14,possible_change,SIMPLE_NAME, 0.13333333333333333, 0.0, 0.0, 0.13333333333333333, 0.0, 1.0
total,SIMPLE_NAME, line no: 14,possible_change,SIMPLE_NAME, 0.13333333333333333, 0.0, 0.0, 0.13333333333333333, 0.0, 1.0
total < 0,INFIX_EXPRESSION, line no: 17,possible_change,SIMPLE_NAME, 0.13333333333333333, 0.0, 0.0, 0.13333333333333333, 0.0, 1.0
total,SIMPLE_NAME, line no: 17,possible_change,SIMPLE_NAME, 0.13333333333333333, 0.0, 0.0, 0.13333333333333333, 0.0, 1.0
possible_change,SIMPLE_NAME, line no: 23,java.util,QUALIFIED_NAME, 0.13333333333333333, 0.0, 0.0, 0.13333333333333333, 0.0, 1.0
possible_change,SIMPLE_NAME, line no: 23,util,SIMPLE_NAME, 0.13333333333333333, 0.0, 0.0, 0.13333333333333333, 0.0, 1.0
possible_change,SIMPLE_NAME, line no: 23,total,SIMPLE_NAME, 0.13333333333333333, 0.0, 0.0, 0.13333333333333333, 0.0, 1.0
possible_change,SIMPLE_NAME, line no: 23,total == 0,INFIX_EXPRESSION, 0.13333333333333333, 0.0, 0.0, 0.13333333333333333, 0.0, 1.0
possible_change,SIMPLE_NAME, line no: 23,total < 0,INFIX_EXPRESSION, 0.13333333333333333, 0.0, 0.0, 0.13333333333333333, 0.0, 1.0
possible_change,SIMPLE_NAME, line no: 23,total - first,INFIX_EXPRESSION, 0.13333333333333333, 0.0, 0.0, 0.13333333333333333, 0.0, 1.0
total - first,INFIX_EXPRESSION, line no: 23,possible_change,SIMPLE_NAME, 0.13333333333333333, 0.0, 0.0, 0.13333333333333333, 0.0, 1.0
total,SIMPLE_NAME, line no: 23,possible_change,SIMPLE_NAME, 0.13333333333333333, 0.0, 0.0, 0.13333333333333333, 0.0, 1.0
possible_change,SIMPLE_NAME, line no: 23,java.util,QUALIFIED_NAME, 0.13333333333333333, 0.0, 0.0, 0.13333333333333333, 0.0, 1.0
possible_change,SIMPLE_NAME, line no: 23,util,SIMPLE_NAME, 0.13333333333333333, 0.0, 0.0, 0.13333333333333333, 0.0, 1.0
possible_change,SIMPLE_NAME, line no: 23,total,SIMPLE_NAME, 0.13333333333333333, 0.0, 0.0, 0.13333333333333333, 0.0, 1.0
possible_change,SIMPLE_NAME, line no: 23,total == 0,INFIX_EXPRESSION, 0.13333333333333333, 0.0, 0.0, 0.13333333333333333, 0.0, 1.0
possible_change,SIMPLE_NAME, line no: 23,total < 0,INFIX_EXPRESSION, 0.13333333333333333, 0.0, 0.0, 0.13333333333333333, 0.0, 1.0
possible_change,SIMPLE_NAME, line no: 23,total - first,INFIX_EXPRESSION, 0.13333333333333333, 0.0, 0.0, 0.13333333333333333, 0.0, 1.0
total,SIMPLE_NAME, line no: 23,possible_change,SIMPLE_NAME, 0.13333333333333333, 0.0, 0.0, 0.13333333333333333, 0.0, 1.0
total,SIMPLE_NAME, line no: 14,coins[0],ARRAY_ACCESS, 0.125, 0.0, 0.0, 0.125, 0.0, 1.0
0,NUMBER_LITERAL, line no: 14,coins[0],ARRAY_ACCESS, 0.125, 0.0, 0.0, 0.125, 0.0, 1.0
total,SIMPLE_NAME, line no: 17,coins[0],ARRAY_ACCESS, 0.125, 0.0, 0.0, 0.125, 0.0, 1.0
0,NUMBER_LITERAL, line no: 17,coins[0],ARRAY_ACCESS, 0.125, 0.0, 0.0, 0.125, 0.0, 1.0
0,NUMBER_LITERAL, line no: 18,coins[0],ARRAY_ACCESS, 0.125, 0.0, 0.0, 0.125, 0.0, 1.0
coins[0],ARRAY_ACCESS, line no: 21,util,SIMPLE_NAME, 0.125, 0.0, 0.0, 0.125, 0.0, 1.0
coins[0],ARRAY_ACCESS, line no: 21,total,SIMPLE_NAME, 0.125, 0.0, 0.0, 0.125, 0.0, 1.0
coins[0],ARRAY_ACCESS, line no: 21,0,NUMBER_LITERAL, 0.125, 0.0, 0.0, 0.125, 0.0, 1.0
coins[0],ARRAY_ACCESS, line no: 21,rest,SIMPLE_NAME, 0.125, 0.0, 0.0, 0.125, 0.0, 1.0
coins[0],ARRAY_ACCESS, line no: 21,Arrays.copyOfRange(coins 1 coins.length),METHOD_INVOCATION, 0.125, 0.0, 0.0, 0.125, 0.0, 1.0
coins[0],ARRAY_ACCESS, line no: 21,Arrays,SIMPLE_NAME, 0.125, 0.0, 0.0, 0.125, 0.0, 1.0
coins[0],ARRAY_ACCESS, line no: 21,length,SIMPLE_NAME, 0.125, 0.0, 0.0, 0.125, 0.0, 1.0
coins,SIMPLE_NAME, line no: 21,Arrays.copyOfRange(coins 1 coins.length),METHOD_INVOCATION, 0.125, 0.0, 0.0, 0.125, 0.0, 1.0
0,NUMBER_LITERAL, line no: 21,coins[0],ARRAY_ACCESS, 0.125, 0.0, 0.0, 0.125, 0.0, 1.0
rest,SIMPLE_NAME, line no: 22,coins[0],ARRAY_ACCESS, 0.125, 0.0, 0.0, 0.125, 0.0, 1.0
Arrays.copyOfRange(coins 1 coins.length),METHOD_INVOCATION, line no: 22,coins,SIMPLE_NAME, 0.125, 0.0, 0.0, 0.125, 0.0, 1.0
Arrays.copyOfRange(coins 1 coins.length),METHOD_INVOCATION, line no: 22,coins[0],ARRAY_ACCESS, 0.125, 0.0, 0.0, 0.125, 0.0, 1.0
Arrays.copyOfRange(coins 1 coins.length),METHOD_INVOCATION, line no: 22,total - first,INFIX_EXPRESSION, 0.125, 0.0, 0.0, 0.125, 0.0, 1.0
Arrays,SIMPLE_NAME, line no: 22,coins[0],ARRAY_ACCESS, 0.125, 0.0, 0.0, 0.125, 0.0, 1.0
coins,SIMPLE_NAME, line no: 22,Arrays.copyOfRange(coins 1 coins.length),METHOD_INVOCATION, 0.125, 0.0, 0.0, 0.125, 0.0, 1.0
coins,SIMPLE_NAME, line no: 22,Arrays.copyOfRange(coins 1 coins.length),METHOD_INVOCATION, 0.125, 0.0, 0.0, 0.125, 0.0, 1.0
length,SIMPLE_NAME, line no: 22,coins[0],ARRAY_ACCESS, 0.125, 0.0, 0.0, 0.125, 0.0, 1.0
coins,SIMPLE_NAME, line no: 23,Arrays.copyOfRange(coins 1 coins.length),METHOD_INVOCATION, 0.125, 0.0, 0.0, 0.125, 0.0, 1.0
total - first,INFIX_EXPRESSION, line no: 23,Arrays.copyOfRange(coins 1 coins.length),METHOD_INVOCATION, 0.125, 0.0, 0.0, 0.125, 0.0, 1.0
total,SIMPLE_NAME, line no: 23,coins[0],ARRAY_ACCESS, 0.125, 0.0, 0.0, 0.125, 0.0, 1.0
rest,SIMPLE_NAME, line no: 23,coins[0],ARRAY_ACCESS, 0.125, 0.0, 0.0, 0.125, 0.0, 1.0
total,SIMPLE_NAME, line no: 23,coins[0],ARRAY_ACCESS, 0.125, 0.0, 0.0, 0.125, 0.0, 1.0
0,NUMBER_LITERAL, line no: 14,total < 0,INFIX_EXPRESSION, 0.1111111111111111, 0.0, 0.0, 0.1111111111111111, 0.0, 1.0
total < 0,INFIX_EXPRESSION, line no: 17,java,SIMPLE_NAME, 0.1111111111111111, 0.0, 0.0, 0.1111111111111111, 0.0, 1.0
total < 0,INFIX_EXPRESSION, line no: 17,coins,SIMPLE_NAME, 0.1111111111111111, 0.0, 0.0, 0.1111111111111111, 0.0, 1.0
total < 0,INFIX_EXPRESSION, line no: 17,0,NUMBER_LITERAL, 0.1111111111111111, 0.0, 0.0, 0.1111111111111111, 0.0, 1.0
total < 0,INFIX_EXPRESSION, line no: 17,first,SIMPLE_NAME, 0.1111111111111111, 0.0, 0.0, 0.1111111111111111, 0.0, 1.0
total < 0,INFIX_EXPRESSION, line no: 17,rest,SIMPLE_NAME, 0.1111111111111111, 0.0, 0.0, 0.1111111111111111, 0.0, 1.0
total < 0,INFIX_EXPRESSION, line no: 17,Arrays,SIMPLE_NAME, 0.1111111111111111, 0.0, 0.0, 0.1111111111111111, 0.0, 1.0
total < 0,INFIX_EXPRESSION, line no: 17,length,SIMPLE_NAME, 0.1111111111111111, 0.0, 0.0, 0.1111111111111111, 0.0, 1.0
0,NUMBER_LITERAL, line no: 17,total < 0,INFIX_EXPRESSION, 0.1111111111111111, 0.0, 0.0, 0.1111111111111111, 0.0, 1.0
0,NUMBER_LITERAL, line no: 18,total < 0,INFIX_EXPRESSION, 0.1111111111111111, 0.0, 0.0, 0.1111111111111111, 0.0, 1.0
first,SIMPLE_NAME, line no: 21,java.util,QUALIFIED_NAME, 0.1111111111111111, 0.0, 0.0, 0.1111111111111111, 0.0, 1.0
first,SIMPLE_NAME, line no: 21,total < 0,INFIX_EXPRESSION, 0.1111111111111111, 0.0, 0.0, 0.1111111111111111, 0.0, 1.0
coins[0],ARRAY_ACCESS, line no: 21,java.util,QUALIFIED_NAME, 0.1111111111111111, 0.0, 0.0, 0.1111111111111111, 0.0, 1.0
coins,SIMPLE_NAME, line no: 21,java.util,QUALIFIED_NAME, 0.1111111111111111, 0.0, 0.0, 0.1111111111111111, 0.0, 1.0
coins,SIMPLE_NAME, line no: 21,total < 0,INFIX_EXPRESSION, 0.1111111111111111, 0.0, 0.0, 0.1111111111111111, 0.0, 1.0
0,NUMBER_LITERAL, line no: 21,total < 0,INFIX_EXPRESSION, 0.1111111111111111, 0.0, 0.0, 0.1111111111111111, 0.0, 1.0
rest,SIMPLE_NAME, line no: 22,java.util,QUALIFIED_NAME, 0.1111111111111111, 0.0, 0.0, 0.1111111111111111, 0.0, 1.0
rest,SIMPLE_NAME, line no: 22,total < 0,INFIX_EXPRESSION, 0.1111111111111111, 0.0, 0.0, 0.1111111111111111, 0.0, 1.0
Arrays,SIMPLE_NAME, line no: 22,java.util,QUALIFIED_NAME, 0.1111111111111111, 0.0, 0.0, 0.1111111111111111, 0.0, 1.0
Arrays,SIMPLE_NAME, line no: 22,total < 0,INFIX_EXPRESSION, 0.1111111111111111, 0.0, 0.0, 0.1111111111111111, 0.0, 1.0
coins,SIMPLE_NAME, line no: 22,java.util,QUALIFIED_NAME, 0.1111111111111111, 0.0, 0.0, 0.1111111111111111, 0.0, 1.0
coins,SIMPLE_NAME, line no: 22,total < 0,INFIX_EXPRESSION, 0.1111111111111111, 0.0, 0.0, 0.1111111111111111, 0.0, 1.0
coins,SIMPLE_NAME, line no: 22,java.util,QUALIFIED_NAME, 0.1111111111111111, 0.0, 0.0, 0.1111111111111111, 0.0, 1.0
coins,SIMPLE_NAME, line no: 22,total < 0,INFIX_EXPRESSION, 0.1111111111111111, 0.0, 0.0, 0.1111111111111111, 0.0, 1.0
length,SIMPLE_NAME, line no: 22,java.util,QUALIFIED_NAME, 0.1111111111111111, 0.0, 0.0, 0.1111111111111111, 0.0, 1.0
length,SIMPLE_NAME, line no: 22,total < 0,INFIX_EXPRESSION, 0.1111111111111111, 0.0, 0.0, 0.1111111111111111, 0.0, 1.0
coins,SIMPLE_NAME, line no: 23,java.util,QUALIFIED_NAME, 0.1111111111111111, 0.0, 0.0, 0.1111111111111111, 0.0, 1.0
coins,SIMPLE_NAME, line no: 23,total < 0,INFIX_EXPRESSION, 0.1111111111111111, 0.0, 0.0, 0.1111111111111111, 0.0, 1.0
first,SIMPLE_NAME, line no: 23,java.util,QUALIFIED_NAME, 0.1111111111111111, 0.0, 0.0, 0.1111111111111111, 0.0, 1.0
first,SIMPLE_NAME, line no: 23,total < 0,INFIX_EXPRESSION, 0.1111111111111111, 0.0, 0.0, 0.1111111111111111, 0.0, 1.0
possible_change(rest total),METHOD_INVOCATION, line no: 23,java.util,QUALIFIED_NAME, 0.1111111111111111, 0.0, 0.0, 0.1111111111111111, 0.0, 1.0
rest,SIMPLE_NAME, line no: 23,java.util,QUALIFIED_NAME, 0.1111111111111111, 0.0, 0.0, 0.1111111111111111, 0.0, 1.0
rest,SIMPLE_NAME, line no: 23,total < 0,INFIX_EXPRESSION, 0.1111111111111111, 0.0, 0.0, 0.1111111111111111, 0.0, 1.0
total == 0,INFIX_EXPRESSION, line no: 14,possible_change(coins total - first) + possible_change(rest total),INFIX_EXPRESSION, 0.10606060606060606, 0.0, 0.0, 0.10606060606060606, 0.0, 1.0
total < 0,INFIX_EXPRESSION, line no: 17,possible_change(coins total - first) + possible_change(rest total),INFIX_EXPRESSION, 0.10606060606060606, 0.0, 0.0, 0.10606060606060606, 0.0, 1.0
copyOfRange,SIMPLE_NAME, line no: 22,possible_change(coins total - first) + possible_change(rest total),INFIX_EXPRESSION, 0.10606060606060606, 0.0, 0.0, 0.10606060606060606, 0.0, 1.0
possible_change(coins total - first) + possible_change(rest total),INFIX_EXPRESSION, line no: 23,total == 0,INFIX_EXPRESSION, 0.10606060606060606, 0.0, 0.0, 0.10606060606060606, 0.0, 1.0
possible_change(coins total - first) + possible_change(rest total),INFIX_EXPRESSION, line no: 23,total < 0,INFIX_EXPRESSION, 0.10606060606060606, 0.0, 0.0, 0.10606060606060606, 0.0, 1.0
possible_change(coins total - first) + possible_change(rest total),INFIX_EXPRESSION, line no: 23,copyOfRange,SIMPLE_NAME, 0.10606060606060606, 0.0, 0.0, 0.10606060606060606, 0.0, 1.0
total == 0,INFIX_EXPRESSION, line no: 14,buggy_java_programs,SIMPLE_NAME, 0.10526315789473684, 0.0, 0.0, 0.10526315789473684, 0.0, 1.0
total,SIMPLE_NAME, line no: 14,buggy_java_programs,SIMPLE_NAME, 0.10526315789473684, 0.0, 0.0, 0.10526315789473684, 0.0, 1.0
total < 0,INFIX_EXPRESSION, line no: 17,buggy_java_programs,SIMPLE_NAME, 0.10526315789473684, 0.0, 0.0, 0.10526315789473684, 0.0, 1.0
total,SIMPLE_NAME, line no: 17,buggy_java_programs,SIMPLE_NAME, 0.10526315789473684, 0.0, 0.0, 0.10526315789473684, 0.0, 1.0
first,SIMPLE_NAME, line no: 21,buggy_java_programs,SIMPLE_NAME, 0.10526315789473684, 0.0, 0.0, 0.10526315789473684, 0.0, 1.0
coins[0],ARRAY_ACCESS, line no: 21,buggy_java_programs,SIMPLE_NAME, 0.10526315789473684, 0.0, 0.0, 0.10526315789473684, 0.0, 1.0
coins,SIMPLE_NAME, line no: 21,buggy_java_programs,SIMPLE_NAME, 0.10526315789473684, 0.0, 0.0, 0.10526315789473684, 0.0, 1.0
rest,SIMPLE_NAME, line no: 22,buggy_java_programs,SIMPLE_NAME, 0.10526315789473684, 0.0, 0.0, 0.10526315789473684, 0.0, 1.0
coins,SIMPLE_NAME, line no: 22,buggy_java_programs,SIMPLE_NAME, 0.10526315789473684, 0.0, 0.0, 0.10526315789473684, 0.0, 1.0
coins.length,QUALIFIED_NAME, line no: 22,buggy_java_programs,SIMPLE_NAME, 0.10526315789473684, 0.0, 0.0, 0.10526315789473684, 0.0, 1.0
coins,SIMPLE_NAME, line no: 22,buggy_java_programs,SIMPLE_NAME, 0.10526315789473684, 0.0, 0.0, 0.10526315789473684, 0.0, 1.0
coins,SIMPLE_NAME, line no: 23,buggy_java_programs,SIMPLE_NAME, 0.10526315789473684, 0.0, 0.0, 0.10526315789473684, 0.0, 1.0
total,SIMPLE_NAME, line no: 23,buggy_java_programs,SIMPLE_NAME, 0.10526315789473684, 0.0, 0.0, 0.10526315789473684, 0.0, 1.0
first,SIMPLE_NAME, line no: 23,buggy_java_programs,SIMPLE_NAME, 0.10526315789473684, 0.0, 0.0, 0.10526315789473684, 0.0, 1.0
rest,SIMPLE_NAME, line no: 23,buggy_java_programs,SIMPLE_NAME, 0.10526315789473684, 0.0, 0.0, 0.10526315789473684, 0.0, 1.0
total,SIMPLE_NAME, line no: 23,buggy_java_programs,SIMPLE_NAME, 0.10526315789473684, 0.0, 0.0, 0.10526315789473684, 0.0, 1.0
total == 0,INFIX_EXPRESSION, line no: 14,java,SIMPLE_NAME, 0.1, 0.0, 0.0, 0.1, 0.0, 1.0
total == 0,INFIX_EXPRESSION, line no: 14,coins,SIMPLE_NAME, 0.1, 0.0, 0.0, 0.1, 0.0, 1.0
total == 0,INFIX_EXPRESSION, line no: 14,0,NUMBER_LITERAL, 0.1, 0.0, 0.0, 0.1, 0.0, 1.0
total == 0,INFIX_EXPRESSION, line no: 14,first,SIMPLE_NAME, 0.1, 0.0, 0.0, 0.1, 0.0, 1.0
total == 0,INFIX_EXPRESSION, line no: 14,rest,SIMPLE_NAME, 0.1, 0.0, 0.0, 0.1, 0.0, 1.0
total == 0,INFIX_EXPRESSION, line no: 14,Arrays,SIMPLE_NAME, 0.1, 0.0, 0.0, 0.1, 0.0, 1.0
total == 0,INFIX_EXPRESSION, line no: 14,length,SIMPLE_NAME, 0.1, 0.0, 0.0, 0.1, 0.0, 1.0
0,NUMBER_LITERAL, line no: 14,total == 0,INFIX_EXPRESSION, 0.1, 0.0, 0.0, 0.1, 0.0, 1.0
0,NUMBER_LITERAL, line no: 17,total == 0,INFIX_EXPRESSION, 0.1, 0.0, 0.0, 0.1, 0.0, 1.0
0,NUMBER_LITERAL, line no: 18,total == 0,INFIX_EXPRESSION, 0.1, 0.0, 0.0, 0.1, 0.0, 1.0
first,SIMPLE_NAME, line no: 21,total == 0,INFIX_EXPRESSION, 0.1, 0.0, 0.0, 0.1, 0.0, 1.0
first,SIMPLE_NAME, line no: 21,Arrays.copyOfRange(coins 1 coins.length),METHOD_INVOCATION, 0.1, 0.0, 0.0, 0.1, 0.0, 1.0
coins,SIMPLE_NAME, line no: 21,total == 0,INFIX_EXPRESSION, 0.1, 0.0, 0.0, 0.1, 0.0, 1.0
0,NUMBER_LITERAL, line no: 21,total == 0,INFIX_EXPRESSION, 0.1, 0.0, 0.0, 0.1, 0.0, 1.0
rest,SIMPLE_NAME, line no: 22,total == 0,INFIX_EXPRESSION, 0.1, 0.0, 0.0, 0.1, 0.0, 1.0
rest,SIMPLE_NAME, line no: 22,Arrays.copyOfRange(coins 1 coins.length),METHOD_INVOCATION, 0.1, 0.0, 0.0, 0.1, 0.0, 1.0
Arrays.copyOfRange(coins 1 coins.length),METHOD_INVOCATION, line no: 22,buggy_java_programs,SIMPLE_NAME, 0.1, 0.0, 0.0, 0.1, 0.0, 1.0
Arrays.copyOfRange(coins 1 coins.length),METHOD_INVOCATION, line no: 22,java.util,QUALIFIED_NAME, 0.1, 0.0, 0.0, 0.1, 0.0, 1.0
Arrays.copyOfRange(coins 1 coins.length),METHOD_INVOCATION, line no: 22,first,SIMPLE_NAME, 0.1, 0.0, 0.0, 0.1, 0.0, 1.0
Arrays.copyOfRange(coins 1 coins.length),METHOD_INVOCATION, line no: 22,rest,SIMPLE_NAME, 0.1, 0.0, 0.0, 0.1, 0.0, 1.0
Arrays,SIMPLE_NAME, line no: 22,total == 0,INFIX_EXPRESSION, 0.1, 0.0, 0.0, 0.1, 0.0, 1.0
coins,SIMPLE_NAME, line no: 22,total == 0,INFIX_EXPRESSION, 0.1, 0.0, 0.0, 0.1, 0.0, 1.0
coins,SIMPLE_NAME, line no: 22,total == 0,INFIX_EXPRESSION, 0.1, 0.0, 0.0, 0.1, 0.0, 1.0
length,SIMPLE_NAME, line no: 22,total == 0,INFIX_EXPRESSION, 0.1, 0.0, 0.0, 0.1, 0.0, 1.0
coins,SIMPLE_NAME, line no: 23,total == 0,INFIX_EXPRESSION, 0.1, 0.0, 0.0, 0.1, 0.0, 1.0
first,SIMPLE_NAME, line no: 23,total == 0,INFIX_EXPRESSION, 0.1, 0.0, 0.0, 0.1, 0.0, 1.0
first,SIMPLE_NAME, line no: 23,Arrays.copyOfRange(coins 1 coins.length),METHOD_INVOCATION, 0.1, 0.0, 0.0, 0.1, 0.0, 1.0
rest,SIMPLE_NAME, line no: 23,total == 0,INFIX_EXPRESSION, 0.1, 0.0, 0.0, 0.1, 0.0, 1.0
rest,SIMPLE_NAME, line no: 23,Arrays.copyOfRange(coins 1 coins.length),METHOD_INVOCATION, 0.1, 0.0, 0.0, 0.1, 0.0, 1.0
first,SIMPLE_NAME, line no: 21,copyOfRange,SIMPLE_NAME, 0.09090909090909091, 0.0, 0.0, 0.09090909090909091, 0.0, 1.0
rest,SIMPLE_NAME, line no: 22,copyOfRange,SIMPLE_NAME, 0.09090909090909091, 0.0, 0.0, 0.09090909090909091, 0.0, 1.0
Arrays,SIMPLE_NAME, line no: 22,copyOfRange,SIMPLE_NAME, 0.09090909090909091, 0.0, 0.0, 0.09090909090909091, 0.0, 1.0
copyOfRange,SIMPLE_NAME, line no: 22,java.util,QUALIFIED_NAME, 0.09090909090909091, 0.0, 0.0, 0.09090909090909091, 0.0, 1.0
copyOfRange,SIMPLE_NAME, line no: 22,java,SIMPLE_NAME, 0.09090909090909091, 0.0, 0.0, 0.09090909090909091, 0.0, 1.0
copyOfRange,SIMPLE_NAME, line no: 22,first,SIMPLE_NAME, 0.09090909090909091, 0.0, 0.0, 0.09090909090909091, 0.0, 1.0
copyOfRange,SIMPLE_NAME, line no: 22,rest,SIMPLE_NAME, 0.09090909090909091, 0.0, 0.0, 0.09090909090909091, 0.0, 1.0
copyOfRange,SIMPLE_NAME, line no: 22,Arrays,SIMPLE_NAME, 0.09090909090909091, 0.0, 0.0, 0.09090909090909091, 0.0, 1.0
length,SIMPLE_NAME, line no: 22,possible_change(coins total - first) + possible_change(rest total),INFIX_EXPRESSION, 0.09090909090909091, 0.0, 0.0, 0.09090909090909091, 0.0, 1.0
possible_change(coins total - first) + possible_change(rest total),INFIX_EXPRESSION, line no: 23,length,SIMPLE_NAME, 0.09090909090909091, 0.0, 0.0, 0.09090909090909091, 0.0, 1.0
first,SIMPLE_NAME, line no: 23,copyOfRange,SIMPLE_NAME, 0.09090909090909091, 0.0, 0.0, 0.09090909090909091, 0.0, 1.0
rest,SIMPLE_NAME, line no: 23,copyOfRange,SIMPLE_NAME, 0.09090909090909091, 0.0, 0.0, 0.09090909090909091, 0.0, 1.0
rest,SIMPLE_NAME, line no: 22,possible_change(coins total - first),METHOD_INVOCATION, 0.08333333333333333, 0.0, 0.0, 0.08333333333333333, 0.0, 1.0
Arrays,SIMPLE_NAME, line no: 22,coins.length,QUALIFIED_NAME, 0.08333333333333333, 0.0, 0.0, 0.08333333333333333, 0.0, 1.0
coins.length,QUALIFIED_NAME, line no: 22,Arrays,SIMPLE_NAME, 0.08333333333333333, 0.0, 0.0, 0.08333333333333333, 0.0, 1.0
possible_change(coins total - first),METHOD_INVOCATION, line no: 23,java.util,QUALIFIED_NAME, 0.08333333333333333, 0.0, 0.0, 0.08333333333333333, 0.0, 1.0
possible_change(coins total - first),METHOD_INVOCATION, line no: 23,rest,SIMPLE_NAME, 0.08333333333333333, 0.0, 0.0, 0.08333333333333333, 0.0, 1.0
rest,SIMPLE_NAME, line no: 23,possible_change(coins total - first),METHOD_INVOCATION, 0.08333333333333333, 0.0, 0.0, 0.08333333333333333, 0.0, 1.0
total - first,INFIX_EXPRESSION, line no: 23,java,SIMPLE_NAME, 0.07692307692307693, 0.0, 0.0, 0.07692307692307693, 0.0, 1.0
total,SIMPLE_NAME, line no: 14,possible_change(coins total - first) + possible_change(rest total),INFIX_EXPRESSION, 0.07575757575757576, 0.0, 0.0, 0.07575757575757576, 0.0, 1.0
total,SIMPLE_NAME, line no: 17,possible_change(coins total - first) + possible_change(rest total),INFIX_EXPRESSION, 0.07575757575757576, 0.0, 0.0, 0.07575757575757576, 0.0, 1.0
first,SIMPLE_NAME, line no: 21,possible_change(coins total - first) + possible_change(rest total),INFIX_EXPRESSION, 0.07575757575757576, 0.0, 0.0, 0.07575757575757576, 0.0, 1.0
coins[0],ARRAY_ACCESS, line no: 21,possible_change(coins total - first) + possible_change(rest total),INFIX_EXPRESSION, 0.07575757575757576, 0.0, 0.0, 0.07575757575757576, 0.0, 1.0
coins,SIMPLE_NAME, line no: 21,possible_change(coins total - first) + possible_change(rest total),INFIX_EXPRESSION, 0.07575757575757576, 0.0, 0.0, 0.07575757575757576, 0.0, 1.0
coins,SIMPLE_NAME, line no: 22,possible_change(coins total - first) + possible_change(rest total),INFIX_EXPRESSION, 0.07575757575757576, 0.0, 0.0, 0.07575757575757576, 0.0, 1.0
coins,SIMPLE_NAME, line no: 22,possible_change(coins total - first) + possible_change(rest total),INFIX_EXPRESSION, 0.07575757575757576, 0.0, 0.0, 0.07575757575757576, 0.0, 1.0
possible_change(coins total - first) + possible_change(rest total),INFIX_EXPRESSION, line no: 23,java.util,QUALIFIED_NAME, 0.07575757575757576, 0.0, 0.0, 0.07575757575757576, 0.0, 1.0
possible_change(coins total - first) + possible_change(rest total),INFIX_EXPRESSION, line no: 23,coins,SIMPLE_NAME, 0.07575757575757576, 0.0, 0.0, 0.07575757575757576, 0.0, 1.0
possible_change(coins total - first) + possible_change(rest total),INFIX_EXPRESSION, line no: 23,total,SIMPLE_NAME, 0.07575757575757576, 0.0, 0.0, 0.07575757575757576, 0.0, 1.0
possible_change(coins total - first) + possible_change(rest total),INFIX_EXPRESSION, line no: 23,first,SIMPLE_NAME, 0.07575757575757576, 0.0, 0.0, 0.07575757575757576, 0.0, 1.0
possible_change(coins total - first) + possible_change(rest total),INFIX_EXPRESSION, line no: 23,coins[0],ARRAY_ACCESS, 0.07575757575757576, 0.0, 0.0, 0.07575757575757576, 0.0, 1.0
coins,SIMPLE_NAME, line no: 23,possible_change(coins total - first) + possible_change(rest total),INFIX_EXPRESSION, 0.07575757575757576, 0.0, 0.0, 0.07575757575757576, 0.0, 1.0
total,SIMPLE_NAME, line no: 23,possible_change(coins total - first) + possible_change(rest total),INFIX_EXPRESSION, 0.07575757575757576, 0.0, 0.0, 0.07575757575757576, 0.0, 1.0
first,SIMPLE_NAME, line no: 23,possible_change(coins total - first) + possible_change(rest total),INFIX_EXPRESSION, 0.07575757575757576, 0.0, 0.0, 0.07575757575757576, 0.0, 1.0
total,SIMPLE_NAME, line no: 23,possible_change(coins total - first) + possible_change(rest total),INFIX_EXPRESSION, 0.07575757575757576, 0.0, 0.0, 0.07575757575757576, 0.0, 1.0
total == 0,INFIX_EXPRESSION, line no: 14,Arrays.copyOfRange(coins 1 coins.length),METHOD_INVOCATION, 0.075, 0.0, 0.0, 0.075, 0.0, 1.0
total,SIMPLE_NAME, line no: 14,Arrays.copyOfRange(coins 1 coins.length),METHOD_INVOCATION, 0.075, 0.0, 0.0, 0.075, 0.0, 1.0
total < 0,INFIX_EXPRESSION, line no: 17,Arrays.copyOfRange(coins 1 coins.length),METHOD_INVOCATION, 0.075, 0.0, 0.0, 0.075, 0.0, 1.0
total,SIMPLE_NAME, line no: 17,Arrays.copyOfRange(coins 1 coins.length),METHOD_INVOCATION, 0.075, 0.0, 0.0, 0.075, 0.0, 1.0
Arrays.copyOfRange(coins 1 coins.length),METHOD_INVOCATION, line no: 22,total,SIMPLE_NAME, 0.075, 0.0, 0.0, 0.075, 0.0, 1.0
Arrays.copyOfRange(coins 1 coins.length),METHOD_INVOCATION, line no: 22,total == 0,INFIX_EXPRESSION, 0.075, 0.0, 0.0, 0.075, 0.0, 1.0
Arrays.copyOfRange(coins 1 coins.length),METHOD_INVOCATION, line no: 22,total < 0,INFIX_EXPRESSION, 0.075, 0.0, 0.0, 0.075, 0.0, 1.0
total,SIMPLE_NAME, line no: 23,Arrays.copyOfRange(coins 1 coins.length),METHOD_INVOCATION, 0.075, 0.0, 0.0, 0.075, 0.0, 1.0
total,SIMPLE_NAME, line no: 23,Arrays.copyOfRange(coins 1 coins.length),METHOD_INVOCATION, 0.075, 0.0, 0.0, 0.075, 0.0, 1.0
Arrays,SIMPLE_NAME, line no: 22,possible_change(rest total),METHOD_INVOCATION, 0.07407407407407407, 0.0, 0.0, 0.07407407407407407, 0.0, 1.0
possible_change(rest total),METHOD_INVOCATION, line no: 23,java,SIMPLE_NAME, 0.07407407407407407, 0.0, 0.0, 0.07407407407407407, 0.0, 1.0
possible_change(rest total),METHOD_INVOCATION, line no: 23,util,SIMPLE_NAME, 0.07407407407407407, 0.0, 0.0, 0.07407407407407407, 0.0, 1.0
possible_change(rest total),METHOD_INVOCATION, line no: 23,Arrays,SIMPLE_NAME, 0.07407407407407407, 0.0, 0.0, 0.07407407407407407, 0.0, 1.0
first,SIMPLE_NAME, line no: 21,possible_change,SIMPLE_NAME, 0.06666666666666667, 0.0, 0.0, 0.06666666666666667, 0.0, 1.0
rest,SIMPLE_NAME, line no: 22,possible_change,SIMPLE_NAME, 0.06666666666666667, 0.0, 0.0, 0.06666666666666667, 0.0, 1.0
Arrays,SIMPLE_NAME, line no: 22,POSSIBLE_CHANGE,SIMPLE_NAME, 0.06666666666666667, 0.0, 0.0, 0.06666666666666667, 0.0, 1.0
Arrays,SIMPLE_NAME, line no: 22,possible_change,SIMPLE_NAME, 0.06666666666666667, 0.0, 0.0, 0.06666666666666667, 0.0, 1.0
copyOfRange,SIMPLE_NAME, line no: 22,POSSIBLE_CHANGE,SIMPLE_NAME, 0.06666666666666667, 0.0, 0.0, 0.06666666666666667, 0.0, 1.0
possible_change,SIMPLE_NAME, line no: 23,java,SIMPLE_NAME, 0.06666666666666667, 0.0, 0.0, 0.06666666666666667, 0.0, 1.0
possible_change,SIMPLE_NAME, line no: 23,POSSIBLE_CHANGE,SIMPLE_NAME, 0.06666666666666667, 0.0, 0.0, 0.06666666666666667, 0.0, 1.0
possible_change,SIMPLE_NAME, line no: 23,first,SIMPLE_NAME, 0.06666666666666667, 0.0, 0.0, 0.06666666666666667, 0.0, 1.0
possible_change,SIMPLE_NAME, line no: 23,rest,SIMPLE_NAME, 0.06666666666666667, 0.0, 0.0, 0.06666666666666667, 0.0, 1.0
possible_change,SIMPLE_NAME, line no: 23,Arrays,SIMPLE_NAME, 0.06666666666666667, 0.0, 0.0, 0.06666666666666667, 0.0, 1.0
first,SIMPLE_NAME, line no: 23,possible_change,SIMPLE_NAME, 0.06666666666666667, 0.0, 0.0, 0.06666666666666667, 0.0, 1.0
possible_change,SIMPLE_NAME, line no: 23,java,SIMPLE_NAME, 0.06666666666666667, 0.0, 0.0, 0.06666666666666667, 0.0, 1.0
possible_change,SIMPLE_NAME, line no: 23,POSSIBLE_CHANGE,SIMPLE_NAME, 0.06666666666666667, 0.0, 0.0, 0.06666666666666667, 0.0, 1.0
possible_change,SIMPLE_NAME, line no: 23,first,SIMPLE_NAME, 0.06666666666666667, 0.0, 0.0, 0.06666666666666667, 0.0, 1.0
possible_change,SIMPLE_NAME, line no: 23,rest,SIMPLE_NAME, 0.06666666666666667, 0.0, 0.0, 0.06666666666666667, 0.0, 1.0
possible_change,SIMPLE_NAME, line no: 23,Arrays,SIMPLE_NAME, 0.06666666666666667, 0.0, 0.0, 0.06666666666666667, 0.0, 1.0
rest,SIMPLE_NAME, line no: 23,possible_change,SIMPLE_NAME, 0.06666666666666667, 0.0, 0.0, 0.06666666666666667, 0.0, 1.0
rest,SIMPLE_NAME, line no: 22,possible_change(coins total - first) + possible_change(rest total),INFIX_EXPRESSION, 0.06060606060606061, 0.0, 0.0, 0.06060606060606061, 0.0, 1.0
possible_change(coins total - first) + possible_change(rest total),INFIX_EXPRESSION, line no: 23,rest,SIMPLE_NAME, 0.06060606060606061, 0.0, 0.0, 0.06060606060606061, 0.0, 1.0
rest,SIMPLE_NAME, line no: 23,possible_change(coins total - first) + possible_change(rest total),INFIX_EXPRESSION, 0.06060606060606061, 0.0, 0.0, 0.06060606060606061, 0.0, 1.0
Arrays,SIMPLE_NAME, line no: 22,possible_change(coins total - first),METHOD_INVOCATION, 0.05555555555555555, 0.0, 0.0, 0.05555555555555555, 0.0, 1.0
possible_change(coins total - first),METHOD_INVOCATION, line no: 23,java,SIMPLE_NAME, 0.05555555555555555, 0.0, 0.0, 0.05555555555555555, 0.0, 1.0
possible_change(coins total - first),METHOD_INVOCATION, line no: 23,util,SIMPLE_NAME, 0.05555555555555555, 0.0, 0.0, 0.05555555555555555, 0.0, 1.0
possible_change(coins total - first),METHOD_INVOCATION, line no: 23,Arrays,SIMPLE_NAME, 0.05555555555555555, 0.0, 0.0, 0.05555555555555555, 0.0, 1.0
length,SIMPLE_NAME, line no: 22,buggy_java_programs,SIMPLE_NAME, 0.05263157894736842, 0.0, 0.0, 0.05263157894736842, 0.0, 1.0
Arrays.copyOfRange(coins 1 coins.length),METHOD_INVOCATION, line no: 22,java,SIMPLE_NAME, 0.05, 0.0, 0.0, 0.05, 0.0, 1.0
Arrays.copyOfRange(coins 1 coins.length),METHOD_INVOCATION, line no: 22,util,SIMPLE_NAME, 0.05, 0.0, 0.0, 0.05, 0.0, 1.0
Arrays,SIMPLE_NAME, line no: 22,possible_change(coins total - first) + possible_change(rest total),INFIX_EXPRESSION, 0.045454545454545456, 0.0, 0.0, 0.045454545454545456, 0.0, 1.0
possible_change(coins total - first) + possible_change(rest total),INFIX_EXPRESSION, line no: 23,util,SIMPLE_NAME, 0.045454545454545456, 0.0, 0.0, 0.045454545454545456, 0.0, 1.0
possible_change(coins total - first) + possible_change(rest total),INFIX_EXPRESSION, line no: 23,Arrays,SIMPLE_NAME, 0.045454545454545456, 0.0, 0.0, 0.045454545454545456, 0.0, 1.0
possible_change(rest total),METHOD_INVOCATION, line no: 23,POSSIBLE_CHANGE,SIMPLE_NAME, 0.037037037037037035, 0.0, 0.0, 0.037037037037037035, 0.0, 1.0
possible_change(coins total - first) + possible_change(rest total),INFIX_EXPRESSION, line no: 23,java,SIMPLE_NAME, 0.030303030303030304, 0.0, 0.0, 0.030303030303030304, 0.0, 1.0
possible_change(coins total - first),METHOD_INVOCATION, line no: 23,POSSIBLE_CHANGE,SIMPLE_NAME, 0.027777777777777776, 0.0, 0.0, 0.027777777777777776, 0.0, 1.0
Arrays.copyOfRange(coins 1 coins.length),METHOD_INVOCATION, line no: 22,POSSIBLE_CHANGE,SIMPLE_NAME, 0.025, 0.0, 0.0, 0.025, 0.0, 1.0
Arrays.copyOfRange(coins 1 coins.length),METHOD_INVOCATION, line no: 22,1,NUMBER_LITERAL, 0.025, 0.0, 0.0, 0.025, 0.0, 1.0
1,NUMBER_LITERAL, line no: 22,Arrays.copyOfRange(coins 1 coins.length),METHOD_INVOCATION, 0.025, 0.0, 0.0, 0.025, 0.0, 1.0
1,NUMBER_LITERAL, line no: 15,Arrays.copyOfRange(coins 1 coins.length),METHOD_INVOCATION, 0.023570226039551587, 0.0, 0.0, 0.025, 0.0, 0.9428090415820635
possible_change(coins total - first) + possible_change(rest total),INFIX_EXPRESSION, line no: 23,POSSIBLE_CHANGE,SIMPLE_NAME, 0.015151515151515152, 0.0, 0.0, 0.015151515151515152, 0.0, 1.0
total == 0,INFIX_EXPRESSION, line no: 14,POSSIBLE_CHANGE,SIMPLE_NAME, 0.0, 0.0, 0.0, 0.0, 0.0, 1.0
total == 0,INFIX_EXPRESSION, line no: 14,1,NUMBER_LITERAL, 0.0, 0.0, 0.0, 0.0, 0.0, 1.0
total,SIMPLE_NAME, line no: 14,POSSIBLE_CHANGE,SIMPLE_NAME, 0.0, 0.0, 0.0, 0.0, 0.0, 1.0
total,SIMPLE_NAME, line no: 14,0,NUMBER_LITERAL, 0.0, 0.0, 0.0, 0.0, 0.0, 1.0
total,SIMPLE_NAME, line no: 14,1,NUMBER_LITERAL, 0.0, 0.0, 0.0, 0.0, 0.0, 1.0
0,NUMBER_LITERAL, line no: 14,buggy_java_programs,SIMPLE_NAME, 0.0, 0.0, 0.0, 0.0, 0.0, 1.0
0,NUMBER_LITERAL, line no: 14,java.util,QUALIFIED_NAME, 0.0, 0.0, 0.0, 0.0, 0.0, 1.0
0,NUMBER_LITERAL, line no: 14,java,SIMPLE_NAME, 0.0, 0.0, 0.0, 0.0, 0.0, 1.0
0,NUMBER_LITERAL, line no: 14,util,SIMPLE_NAME, 0.0, 0.0, 0.0, 0.0, 0.0, 1.0
0,NUMBER_LITERAL, line no: 14,POSSIBLE_CHANGE,SIMPLE_NAME, 0.0, 0.0, 0.0, 0.0, 0.0, 1.0
0,NUMBER_LITERAL, line no: 14,possible_change,SIMPLE_NAME, 0.0, 0.0, 0.0, 0.0, 0.0, 1.0
0,NUMBER_LITERAL, line no: 14,coins,SIMPLE_NAME, 0.0, 0.0, 0.0, 0.0, 0.0, 1.0
0,NUMBER_LITERAL, line no: 14,total,SIMPLE_NAME, 0.0, 0.0, 0.0, 0.0, 0.0, 1.0
0,NUMBER_LITERAL, line no: 14,1,NUMBER_LITERAL, 0.0, 0.0, 0.0, 0.0, 0.0, 1.0
0,NUMBER_LITERAL, line no: 14,first,SIMPLE_NAME, 0.0, 0.0, 0.0, 0.0, 0.0, 1.0
0,NUMBER_LITERAL, line no: 14,rest,SIMPLE_NAME, 0.0, 0.0, 0.0, 0.0, 0.0, 1.0
0,NUMBER_LITERAL, line no: 14,Arrays.copyOfRange(coins 1 coins.length),METHOD_INVOCATION, 0.0, 0.0, 0.0, 0.0, 0.0, 1.0
0,NUMBER_LITERAL, line no: 14,Arrays,SIMPLE_NAME, 0.0, 0.0, 0.0, 0.0, 0.0, 1.0
0,NUMBER_LITERAL, line no: 14,copyOfRange,SIMPLE_NAME, 0.0, 0.0, 0.0, 0.0, 0.0, 1.0
0,NUMBER_LITERAL, line no: 14,coins.length,QUALIFIED_NAME, 0.0, 0.0, 0.0, 0.0, 0.0, 1.0
0,NUMBER_LITERAL, line no: 14,length,SIMPLE_NAME, 0.0, 0.0, 0.0, 0.0, 0.0, 1.0
0,NUMBER_LITERAL, line no: 14,possible_change(coins total - first) + possible_change(rest total),INFIX_EXPRESSION, 0.0, 0.0, 0.0, 0.0, 0.0, 1.0
0,NUMBER_LITERAL, line no: 14,possible_change(coins total - first),METHOD_INVOCATION, 0.0, 0.0, 0.0, 0.0, 0.0, 1.0
0,NUMBER_LITERAL, line no: 14,total - first,INFIX_EXPRESSION, 0.0, 0.0, 0.0, 0.0, 0.0, 1.0
0,NUMBER_LITERAL, line no: 14,possible_change(rest total),METHOD_INVOCATION, 0.0, 0.0, 0.0, 0.0, 0.0, 1.0
1,NUMBER_LITERAL, line no: 15,buggy_java_programs,SIMPLE_NAME, 0.0, 0.0, 0.0, 0.0, 0.0, 0.9428090415820635
1,NUMBER_LITERAL, line no: 15,java.util,QUALIFIED_NAME, 0.0, 0.0, 0.0, 0.0, 0.0, 0.9428090415820635
1,NUMBER_LITERAL, line no: 15,java,SIMPLE_NAME, 0.0, 0.0, 0.0, 0.0, 0.0, 0.9428090415820635
1,NUMBER_LITERAL, line no: 15,util,SIMPLE_NAME, 0.0, 0.0, 0.0, 0.0, 0.0, 0.9428090415820635
1,NUMBER_LITERAL, line no: 15,POSSIBLE_CHANGE,SIMPLE_NAME, 0.0, 0.0, 0.0, 0.0, 0.0, 0.9428090415820635
1,NUMBER_LITERAL, line no: 15,possible_change,SIMPLE_NAME, 0.0, 0.0, 0.0, 0.0, 0.0, 0.9428090415820635
1,NUMBER_LITERAL, line no: 15,coins,SIMPLE_NAME, 0.0, 0.0, 0.0, 0.0, 0.0, 0.9428090415820635
1,NUMBER_LITERAL, line no: 15,total,SIMPLE_NAME, 0.0, 0.0, 0.0, 0.0, 0.0, 0.9428090415820635
1,NUMBER_LITERAL, line no: 15,total == 0,INFIX_EXPRESSION, 0.0, 0.0, 0.0, 0.0, 0.0, 0.9428090415820635
1,NUMBER_LITERAL, line no: 15,0,NUMBER_LITERAL, 0.0, 0.0, 0.0, 0.0, 0.0, 0.9428090415820635
1,NUMBER_LITERAL, line no: 15,total < 0,INFIX_EXPRESSION, 0.0, 0.0, 0.0, 0.0, 0.0, 0.9428090415820635
1,NUMBER_LITERAL, line no: 15,first,SIMPLE_NAME, 0.0, 0.0, 0.0, 0.0, 0.0, 0.9428090415820635
1,NUMBER_LITERAL, line no: 15,coins[0],ARRAY_ACCESS, 0.0, 0.0, 0.0, 0.0, 0.0, 0.9428090415820635
1,NUMBER_LITERAL, line no: 15,rest,SIMPLE_NAME, 0.0, 0.0, 0.0, 0.0, 0.0, 0.9428090415820635
1,NUMBER_LITERAL, line no: 15,Arrays,SIMPLE_NAME, 0.0, 0.0, 0.0, 0.0, 0.0, 0.9428090415820635
1,NUMBER_LITERAL, line no: 15,copyOfRange,SIMPLE_NAME, 0.0, 0.0, 0.0, 0.0, 0.0, 0.9428090415820635
1,NUMBER_LITERAL, line no: 15,coins.length,QUALIFIED_NAME, 0.0, 0.0, 0.0, 0.0, 0.0, 0.9428090415820635
1,NUMBER_LITERAL, line no: 15,length,SIMPLE_NAME, 0.0, 0.0, 0.0, 0.0, 0.0, 0.9428090415820635
1,NUMBER_LITERAL, line no: 15,possible_change(coins total - first) + possible_change(rest total),INFIX_EXPRESSION, 0.0, 0.0, 0.0, 0.0, 0.0, 0.9428090415820635
1,NUMBER_LITERAL, line no: 15,possible_change(coins total - first),METHOD_INVOCATION, 0.0, 0.0, 0.0, 0.0, 0.0, 0.9428090415820635
1,NUMBER_LITERAL, line no: 15,total - first,INFIX_EXPRESSION, 0.0, 0.0, 0.0, 0.0, 0.0, 0.9428090415820635
1,NUMBER_LITERAL, line no: 15,possible_change(rest total),METHOD_INVOCATION, 0.0, 0.0, 0.0, 0.0, 0.0, 0.9428090415820635
total < 0,INFIX_EXPRESSION, line no: 17,POSSIBLE_CHANGE,SIMPLE_NAME, 0.0, 0.0, 0.0, 0.0, 0.0, 1.0
total < 0,INFIX_EXPRESSION, line no: 17,1,NUMBER_LITERAL, 0.0, 0.0, 0.0, 0.0, 0.0, 1.0
total,SIMPLE_NAME, line no: 17,POSSIBLE_CHANGE,SIMPLE_NAME, 0.0, 0.0, 0.0, 0.0, 0.0, 1.0
total,SIMPLE_NAME, line no: 17,0,NUMBER_LITERAL, 0.0, 0.0, 0.0, 0.0, 0.0, 1.0
total,SIMPLE_NAME, line no: 17,1,NUMBER_LITERAL, 0.0, 0.0, 0.0, 0.0, 0.0, 1.0
0,NUMBER_LITERAL, line no: 17,buggy_java_programs,SIMPLE_NAME, 0.0, 0.0, 0.0, 0.0, 0.0, 1.0
0,NUMBER_LITERAL, line no: 17,java.util,QUALIFIED_NAME, 0.0, 0.0, 0.0, 0.0, 0.0, 1.0
0,NUMBER_LITERAL, line no: 17,java,SIMPLE_NAME, 0.0, 0.0, 0.0, 0.0, 0.0, 1.0
0,NUMBER_LITERAL, line no: 17,util,SIMPLE_NAME, 0.0, 0.0, 0.0, 0.0, 0.0, 1.0
0,NUMBER_LITERAL, line no: 17,POSSIBLE_CHANGE,SIMPLE_NAME, 0.0, 0.0, 0.0, 0.0, 0.0, 1.0
0,NUMBER_LITERAL, line no: 17,possible_change,SIMPLE_NAME, 0.0, 0.0, 0.0, 0.0, 0.0, 1.0
0,NUMBER_LITERAL, line no: 17,coins,SIMPLE_NAME, 0.0, 0.0, 0.0, 0.0, 0.0, 1.0
0,NUMBER_LITERAL, line no: 17,total,SIMPLE_NAME, 0.0, 0.0, 0.0, 0.0, 0.0, 1.0
0,NUMBER_LITERAL, line no: 17,1,NUMBER_LITERAL, 0.0, 0.0, 0.0, 0.0, 0.0, 1.0
0,NUMBER_LITERAL, line no: 17,first,SIMPLE_NAME, 0.0, 0.0, 0.0, 0.0, 0.0, 1.0
0,NUMBER_LITERAL, line no: 17,rest,SIMPLE_NAME, 0.0, 0.0, 0.0, 0.0, 0.0, 1.0
0,NUMBER_LITERAL, line no: 17,Arrays.copyOfRange(coins 1 coins.length),METHOD_INVOCATION, 0.0, 0.0, 0.0, 0.0, 0.0, 1.0
0,NUMBER_LITERAL, line no: 17,Arrays,SIMPLE_NAME, 0.0, 0.0, 0.0, 0.0, 0.0, 1.0
0,NUMBER_LITERAL, line no: 17,copyOfRange,SIMPLE_NAME, 0.0, 0.0, 0.0, 0.0, 0.0, 1.0
0,NUMBER_LITERAL, line no: 17,coins.length,QUALIFIED_NAME, 0.0, 0.0, 0.0, 0.0, 0.0, 1.0
0,NUMBER_LITERAL, line no: 17,length,SIMPLE_NAME, 0.0, 0.0, 0.0, 0.0, 0.0, 1.0
0,NUMBER_LITERAL, line no: 17,possible_change(coins total - first) + possible_change(rest total),INFIX_EXPRESSION, 0.0, 0.0, 0.0, 0.0, 0.0, 1.0
0,NUMBER_LITERAL, line no: 17,possible_change(coins total - first),METHOD_INVOCATION, 0.0, 0.0, 0.0, 0.0, 0.0, 1.0
0,NUMBER_LITERAL, line no: 17,total - first,INFIX_EXPRESSION, 0.0, 0.0, 0.0, 0.0, 0.0, 1.0
0,NUMBER_LITERAL, line no: 17,possible_change(rest total),METHOD_INVOCATION, 0.0, 0.0, 0.0, 0.0, 0.0, 1.0
0,NUMBER_LITERAL, line no: 18,buggy_java_programs,SIMPLE_NAME, 0.0, 0.0, 0.0, 0.0, 0.0, 1.0
0,NUMBER_LITERAL, line no: 18,java.util,QUALIFIED_NAME, 0.0, 0.0, 0.0, 0.0, 0.0, 1.0
0,NUMBER_LITERAL, line no: 18,java,SIMPLE_NAME, 0.0, 0.0, 0.0, 0.0, 0.0, 1.0
0,NUMBER_LITERAL, line no: 18,util,SIMPLE_NAME, 0.0, 0.0, 0.0, 0.0, 0.0, 1.0
0,NUMBER_LITERAL, line no: 18,POSSIBLE_CHANGE,SIMPLE_NAME, 0.0, 0.0, 0.0, 0.0, 0.0, 1.0
0,NUMBER_LITERAL, line no: 18,possible_change,SIMPLE_NAME, 0.0, 0.0, 0.0, 0.0, 0.0, 1.0
0,NUMBER_LITERAL, line no: 18,coins,SIMPLE_NAME, 0.0, 0.0, 0.0, 0.0, 0.0, 1.0
0,NUMBER_LITERAL, line no: 18,total,SIMPLE_NAME, 0.0, 0.0, 0.0, 0.0, 0.0, 1.0
0,NUMBER_LITERAL, line no: 18,1,NUMBER_LITERAL, 0.0, 0.0, 0.0, 0.0, 0.0, 1.0
0,NUMBER_LITERAL, line no: 18,first,SIMPLE_NAME, 0.0, 0.0, 0.0, 0.0, 0.0, 1.0
0,NUMBER_LITERAL, line no: 18,rest,SIMPLE_NAME, 0.0, 0.0, 0.0, 0.0, 0.0, 1.0
0,NUMBER_LITERAL, line no: 18,Arrays.copyOfRange(coins 1 coins.length),METHOD_INVOCATION, 0.0, 0.0, 0.0, 0.0, 0.0, 1.0
0,NUMBER_LITERAL, line no: 18,Arrays,SIMPLE_NAME, 0.0, 0.0, 0.0, 0.0, 0.0, 1.0
0,NUMBER_LITERAL, line no: 18,copyOfRange,SIMPLE_NAME, 0.0, 0.0, 0.0, 0.0, 0.0, 1.0
0,NUMBER_LITERAL, line no: 18,coins.length,QUALIFIED_NAME, 0.0, 0.0, 0.0, 0.0, 0.0, 1.0
0,NUMBER_LITERAL, line no: 18,length,SIMPLE_NAME, 0.0, 0.0, 0.0, 0.0, 0.0, 1.0
0,NUMBER_LITERAL, line no: 18,possible_change(coins total - first) + possible_change(rest total),INFIX_EXPRESSION, 0.0, 0.0, 0.0, 0.0, 0.0, 1.0
0,NUMBER_LITERAL, line no: 18,possible_change(coins total - first),METHOD_INVOCATION, 0.0, 0.0, 0.0, 0.0, 0.0, 1.0
0,NUMBER_LITERAL, line no: 18,total - first,INFIX_EXPRESSION, 0.0, 0.0, 0.0, 0.0, 0.0, 1.0
0,NUMBER_LITERAL, line no: 18,possible_change(rest total),METHOD_INVOCATION, 0.0, 0.0, 0.0, 0.0, 0.0, 1.0
first,SIMPLE_NAME, line no: 21,java,SIMPLE_NAME, 0.0, 0.0, 0.0, 0.0, 0.0, 1.0
first,SIMPLE_NAME, line no: 21,POSSIBLE_CHANGE,SIMPLE_NAME, 0.0, 0.0, 0.0, 0.0, 0.0, 1.0
first,SIMPLE_NAME, line no: 21,0,NUMBER_LITERAL, 0.0, 0.0, 0.0, 0.0, 0.0, 1.0
first,SIMPLE_NAME, line no: 21,1,NUMBER_LITERAL, 0.0, 0.0, 0.0, 0.0, 0.0, 1.0
coins[0],ARRAY_ACCESS, line no: 21,java,SIMPLE_NAME, 0.0, 0.0, 0.0, 0.0, 0.0, 1.0
coins[0],ARRAY_ACCESS, line no: 21,POSSIBLE_CHANGE,SIMPLE_NAME, 0.0, 0.0, 0.0, 0.0, 0.0, 1.0
coins[0],ARRAY_ACCESS, line no: 21,1,NUMBER_LITERAL, 0.0, 0.0, 0.0, 0.0, 0.0, 1.0
coins,SIMPLE_NAME, line no: 21,java,SIMPLE_NAME, 0.0, 0.0, 0.0, 0.0, 0.0, 1.0
coins,SIMPLE_NAME, line no: 21,POSSIBLE_CHANGE,SIMPLE_NAME, 0.0, 0.0, 0.0, 0.0, 0.0, 1.0
coins,SIMPLE_NAME, line no: 21,0,NUMBER_LITERAL, 0.0, 0.0, 0.0, 0.0, 0.0, 1.0
coins,SIMPLE_NAME, line no: 21,1,NUMBER_LITERAL, 0.0, 0.0, 0.0, 0.0, 0.0, 1.0
0,NUMBER_LITERAL, line no: 21,buggy_java_programs,SIMPLE_NAME, 0.0, 0.0, 0.0, 0.0, 0.0, 1.0
0,NUMBER_LITERAL, line no: 21,java.util,QUALIFIED_NAME, 0.0, 0.0, 0.0, 0.0, 0.0, 1.0
0,NUMBER_LITERAL, line no: 21,java,SIMPLE_NAME, 0.0, 0.0, 0.0, 0.0, 0.0, 1.0
0,NUMBER_LITERAL, line no: 21,util,SIMPLE_NAME, 0.0, 0.0, 0.0, 0.0, 0.0, 1.0
0,NUMBER_LITERAL, line no: 21,POSSIBLE_CHANGE,SIMPLE_NAME, 0.0, 0.0, 0.0, 0.0, 0.0, 1.0
0,NUMBER_LITERAL, line no: 21,possible_change,SIMPLE_NAME, 0.0, 0.0, 0.0, 0.0, 0.0, 1.0
0,NUMBER_LITERAL, line no: 21,coins,SIMPLE_NAME, 0.0, 0.0, 0.0, 0.0, 0.0, 1.0
0,NUMBER_LITERAL, line no: 21,total,SIMPLE_NAME, 0.0, 0.0, 0.0, 0.0, 0.0, 1.0
0,NUMBER_LITERAL, line no: 21,1,NUMBER_LITERAL, 0.0, 0.0, 0.0, 0.0, 0.0, 1.0
0,NUMBER_LITERAL, line no: 21,first,SIMPLE_NAME, 0.0, 0.0, 0.0, 0.0, 0.0, 1.0
0,NUMBER_LITERAL, line no: 21,rest,SIMPLE_NAME, 0.0, 0.0, 0.0, 0.0, 0.0, 1.0
0,NUMBER_LITERAL, line no: 21,Arrays.copyOfRange(coins 1 coins.length),METHOD_INVOCATION, 0.0, 0.0, 0.0, 0.0, 0.0, 1.0
0,NUMBER_LITERAL, line no: 21,Arrays,SIMPLE_NAME, 0.0, 0.0, 0.0, 0.0, 0.0, 1.0
0,NUMBER_LITERAL, line no: 21,copyOfRange,SIMPLE_NAME, 0.0, 0.0, 0.0, 0.0, 0.0, 1.0
0,NUMBER_LITERAL, line no: 21,coins.length,QUALIFIED_NAME, 0.0, 0.0, 0.0, 0.0, 0.0, 1.0
0,NUMBER_LITERAL, line no: 21,length,SIMPLE_NAME, 0.0, 0.0, 0.0, 0.0, 0.0, 1.0
0,NUMBER_LITERAL, line no: 21,possible_change(coins total - first) + possible_change(rest total),INFIX_EXPRESSION, 0.0, 0.0, 0.0, 0.0, 0.0, 1.0
0,NUMBER_LITERAL, line no: 21,possible_change(coins total - first),METHOD_INVOCATION, 0.0, 0.0, 0.0, 0.0, 0.0, 1.0
0,NUMBER_LITERAL, line no: 21,total - first,INFIX_EXPRESSION, 0.0, 0.0, 0.0, 0.0, 0.0, 1.0
0,NUMBER_LITERAL, line no: 21,possible_change(rest total),METHOD_INVOCATION, 0.0, 0.0, 0.0, 0.0, 0.0, 1.0
rest,SIMPLE_NAME, line no: 22,java,SIMPLE_NAME, 0.0, 0.0, 0.0, 0.0, 0.0, 1.0
rest,SIMPLE_NAME, line no: 22,POSSIBLE_CHANGE,SIMPLE_NAME, 0.0, 0.0, 0.0, 0.0, 0.0, 1.0
rest,SIMPLE_NAME, line no: 22,0,NUMBER_LITERAL, 0.0, 0.0, 0.0, 0.0, 0.0, 1.0
rest,SIMPLE_NAME, line no: 22,1,NUMBER_LITERAL, 0.0, 0.0, 0.0, 0.0, 0.0, 1.0
Arrays.copyOfRange(coins 1 coins.length),METHOD_INVOCATION, line no: 22,0,NUMBER_LITERAL, 0.0, 0.0, 0.0, 0.0, 0.0, 1.0
Arrays,SIMPLE_NAME, line no: 22,util,SIMPLE_NAME, 0.0, 0.0, 0.0, 0.0, 0.0, 1.0
Arrays,SIMPLE_NAME, line no: 22,0,NUMBER_LITERAL, 0.0, 0.0, 0.0, 0.0, 0.0, 1.0
Arrays,SIMPLE_NAME, line no: 22,1,NUMBER_LITERAL, 0.0, 0.0, 0.0, 0.0, 0.0, 1.0
Arrays,SIMPLE_NAME, line no: 22,length,SIMPLE_NAME, 0.0, 0.0, 0.0, 0.0, 0.0, 1.0
copyOfRange,SIMPLE_NAME, line no: 22,util,SIMPLE_NAME, 0.0, 0.0, 0.0, 0.0, 0.0, 1.0
copyOfRange,SIMPLE_NAME, line no: 22,0,NUMBER_LITERAL, 0.0, 0.0, 0.0, 0.0, 0.0, 1.0
copyOfRange,SIMPLE_NAME, line no: 22,1,NUMBER_LITERAL, 0.0, 0.0, 0.0, 0.0, 0.0, 1.0
coins,SIMPLE_NAME, line no: 22,java,SIMPLE_NAME, 0.0, 0.0, 0.0, 0.0, 0.0, 1.0
coins,SIMPLE_NAME, line no: 22,POSSIBLE_CHANGE,SIMPLE_NAME, 0.0, 0.0, 0.0, 0.0, 0.0, 1.0
coins,SIMPLE_NAME, line no: 22,0,NUMBER_LITERAL, 0.0, 0.0, 0.0, 0.0, 0.0, 1.0
coins,SIMPLE_NAME, line no: 22,1,NUMBER_LITERAL, 0.0, 0.0, 0.0, 0.0, 0.0, 1.0
1,NUMBER_LITERAL, line no: 22,buggy_java_programs,SIMPLE_NAME, 0.0, 0.0, 0.0, 0.0, 0.0, 1.0
1,NUMBER_LITERAL, line no: 22,java.util,QUALIFIED_NAME, 0.0, 0.0, 0.0, 0.0, 0.0, 1.0
1,NUMBER_LITERAL, line no: 22,java,SIMPLE_NAME, 0.0, 0.0, 0.0, 0.0, 0.0, 1.0
1,NUMBER_LITERAL, line no: 22,util,SIMPLE_NAME, 0.0, 0.0, 0.0, 0.0, 0.0, 1.0
1,NUMBER_LITERAL, line no: 22,POSSIBLE_CHANGE,SIMPLE_NAME, 0.0, 0.0, 0.0, 0.0, 0.0, 1.0
1,NUMBER_LITERAL, line no: 22,possible_change,SIMPLE_NAME, 0.0, 0.0, 0.0, 0.0, 0.0, 1.0
1,NUMBER_LITERAL, line no: 22,coins,SIMPLE_NAME, 0.0, 0.0, 0.0, 0.0, 0.0, 1.0
1,NUMBER_LITERAL, line no: 22,total,SIMPLE_NAME, 0.0, 0.0, 0.0, 0.0, 0.0, 1.0
1,NUMBER_LITERAL, line no: 22,total == 0,INFIX_EXPRESSION, 0.0, 0.0, 0.0, 0.0, 0.0, 1.0
1,NUMBER_LITERAL, line no: 22,0,NUMBER_LITERAL, 0.0, 0.0, 0.0, 0.0, 0.0, 1.0
1,NUMBER_LITERAL, line no: 22,total < 0,INFIX_EXPRESSION, 0.0, 0.0, 0.0, 0.0, 0.0, 1.0
1,NUMBER_LITERAL, line no: 22,first,SIMPLE_NAME, 0.0, 0.0, 0.0, 0.0, 0.0, 1.0
1,NUMBER_LITERAL, line no: 22,coins[0],ARRAY_ACCESS, 0.0, 0.0, 0.0, 0.0, 0.0, 1.0
1,NUMBER_LITERAL, line no: 22,rest,SIMPLE_NAME, 0.0, 0.0, 0.0, 0.0, 0.0, 1.0
1,NUMBER_LITERAL, line no: 22,Arrays,SIMPLE_NAME, 0.0, 0.0, 0.0, 0.0, 0.0, 1.0
1,NUMBER_LITERAL, line no: 22,copyOfRange,SIMPLE_NAME, 0.0, 0.0, 0.0, 0.0, 0.0, 1.0
1,NUMBER_LITERAL, line no: 22,coins.length,QUALIFIED_NAME, 0.0, 0.0, 0.0, 0.0, 0.0, 1.0
1,NUMBER_LITERAL, line no: 22,length,SIMPLE_NAME, 0.0, 0.0, 0.0, 0.0, 0.0, 1.0
1,NUMBER_LITERAL, line no: 22,possible_change(coins total - first) + possible_change(rest total),INFIX_EXPRESSION, 0.0, 0.0, 0.0, 0.0, 0.0, 1.0
1,NUMBER_LITERAL, line no: 22,possible_change(coins total - first),METHOD_INVOCATION, 0.0, 0.0, 0.0, 0.0, 0.0, 1.0
1,NUMBER_LITERAL, line no: 22,total - first,INFIX_EXPRESSION, 0.0, 0.0, 0.0, 0.0, 0.0, 1.0
1,NUMBER_LITERAL, line no: 22,possible_change(rest total),METHOD_INVOCATION, 0.0, 0.0, 0.0, 0.0, 0.0, 1.0
coins.length,QUALIFIED_NAME, line no: 22,java,SIMPLE_NAME, 0.0, 0.0, 0.0, 0.0, 0.0, 1.0
coins.length,QUALIFIED_NAME, line no: 22,POSSIBLE_CHANGE,SIMPLE_NAME, 0.0, 0.0, 0.0, 0.0, 0.0, 1.0
coins.length,QUALIFIED_NAME, line no: 22,0,NUMBER_LITERAL, 0.0, 0.0, 0.0, 0.0, 0.0, 1.0
coins.length,QUALIFIED_NAME, line no: 22,1,NUMBER_LITERAL, 0.0, 0.0, 0.0, 0.0, 0.0, 1.0
coins,SIMPLE_NAME, line no: 22,java,SIMPLE_NAME, 0.0, 0.0, 0.0, 0.0, 0.0, 1.0
coins,SIMPLE_NAME, line no: 22,POSSIBLE_CHANGE,SIMPLE_NAME, 0.0, 0.0, 0.0, 0.0, 0.0, 1.0
coins,SIMPLE_NAME, line no: 22,0,NUMBER_LITERAL, 0.0, 0.0, 0.0, 0.0, 0.0, 1.0
coins,SIMPLE_NAME, line no: 22,1,NUMBER_LITERAL, 0.0, 0.0, 0.0, 0.0, 0.0, 1.0
length,SIMPLE_NAME, line no: 22,java,SIMPLE_NAME, 0.0, 0.0, 0.0, 0.0, 0.0, 1.0
length,SIMPLE_NAME, line no: 22,POSSIBLE_CHANGE,SIMPLE_NAME, 0.0, 0.0, 0.0, 0.0, 0.0, 1.0
length,SIMPLE_NAME, line no: 22,0,NUMBER_LITERAL, 0.0, 0.0, 0.0, 0.0, 0.0, 1.0
length,SIMPLE_NAME, line no: 22,1,NUMBER_LITERAL, 0.0, 0.0, 0.0, 0.0, 0.0, 1.0
length,SIMPLE_NAME, line no: 22,Arrays,SIMPLE_NAME, 0.0, 0.0, 0.0, 0.0, 0.0, 1.0
possible_change(coins total - first) + possible_change(rest total),INFIX_EXPRESSION, line no: 23,0,NUMBER_LITERAL, 0.0, 0.0, 0.0, 0.0, 0.0, 1.0
possible_change(coins total - first) + possible_change(rest total),INFIX_EXPRESSION, line no: 23,1,NUMBER_LITERAL, 0.0, 0.0, 0.0, 0.0, 0.0, 1.0
possible_change(coins total - first),METHOD_INVOCATION, line no: 23,0,NUMBER_LITERAL, 0.0, 0.0, 0.0, 0.0, 0.0, 1.0
possible_change(coins total - first),METHOD_INVOCATION, line no: 23,1,NUMBER_LITERAL, 0.0, 0.0, 0.0, 0.0, 0.0, 1.0
possible_change,SIMPLE_NAME, line no: 23,0,NUMBER_LITERAL, 0.0, 0.0, 0.0, 0.0, 0.0, 1.0
possible_change,SIMPLE_NAME, line no: 23,1,NUMBER_LITERAL, 0.0, 0.0, 0.0, 0.0, 0.0, 1.0
coins,SIMPLE_NAME, line no: 23,java,SIMPLE_NAME, 0.0, 0.0, 0.0, 0.0, 0.0, 1.0
coins,SIMPLE_NAME, line no: 23,POSSIBLE_CHANGE,SIMPLE_NAME, 0.0, 0.0, 0.0, 0.0, 0.0, 1.0
coins,SIMPLE_NAME, line no: 23,0,NUMBER_LITERAL, 0.0, 0.0, 0.0, 0.0, 0.0, 1.0
coins,SIMPLE_NAME, line no: 23,1,NUMBER_LITERAL, 0.0, 0.0, 0.0, 0.0, 0.0, 1.0
total - first,INFIX_EXPRESSION, line no: 23,POSSIBLE_CHANGE,SIMPLE_NAME, 0.0, 0.0, 0.0, 0.0, 0.0, 1.0
total - first,INFIX_EXPRESSION, line no: 23,0,NUMBER_LITERAL, 0.0, 0.0, 0.0, 0.0, 0.0, 1.0
total - first,INFIX_EXPRESSION, line no: 23,1,NUMBER_LITERAL, 0.0, 0.0, 0.0, 0.0, 0.0, 1.0
total,SIMPLE_NAME, line no: 23,POSSIBLE_CHANGE,SIMPLE_NAME, 0.0, 0.0, 0.0, 0.0, 0.0, 1.0
total,SIMPLE_NAME, line no: 23,0,NUMBER_LITERAL, 0.0, 0.0, 0.0, 0.0, 0.0, 1.0
total,SIMPLE_NAME, line no: 23,1,NUMBER_LITERAL, 0.0, 0.0, 0.0, 0.0, 0.0, 1.0
first,SIMPLE_NAME, line no: 23,java,SIMPLE_NAME, 0.0, 0.0, 0.0, 0.0, 0.0, 1.0
first,SIMPLE_NAME, line no: 23,POSSIBLE_CHANGE,SIMPLE_NAME, 0.0, 0.0, 0.0, 0.0, 0.0, 1.0
first,SIMPLE_NAME, line no: 23,0,NUMBER_LITERAL, 0.0, 0.0, 0.0, 0.0, 0.0, 1.0
first,SIMPLE_NAME, line no: 23,1,NUMBER_LITERAL, 0.0, 0.0, 0.0, 0.0, 0.0, 1.0
possible_change(rest total),METHOD_INVOCATION, line no: 23,0,NUMBER_LITERAL, 0.0, 0.0, 0.0, 0.0, 0.0, 1.0
possible_change(rest total),METHOD_INVOCATION, line no: 23,1,NUMBER_LITERAL, 0.0, 0.0, 0.0, 0.0, 0.0, 1.0
possible_change,SIMPLE_NAME, line no: 23,0,NUMBER_LITERAL, 0.0, 0.0, 0.0, 0.0, 0.0, 1.0
possible_change,SIMPLE_NAME, line no: 23,1,NUMBER_LITERAL, 0.0, 0.0, 0.0, 0.0, 0.0, 1.0
rest,SIMPLE_NAME, line no: 23,java,SIMPLE_NAME, 0.0, 0.0, 0.0, 0.0, 0.0, 1.0
rest,SIMPLE_NAME, line no: 23,POSSIBLE_CHANGE,SIMPLE_NAME, 0.0, 0.0, 0.0, 0.0, 0.0, 1.0
rest,SIMPLE_NAME, line no: 23,0,NUMBER_LITERAL, 0.0, 0.0, 0.0, 0.0, 0.0, 1.0
rest,SIMPLE_NAME, line no: 23,1,NUMBER_LITERAL, 0.0, 0.0, 0.0, 0.0, 0.0, 1.0
total,SIMPLE_NAME, line no: 23,POSSIBLE_CHANGE,SIMPLE_NAME, 0.0, 0.0, 0.0, 0.0, 0.0, 1.0
total,SIMPLE_NAME, line no: 23,0,NUMBER_LITERAL, 0.0, 0.0, 0.0, 0.0, 0.0, 1.0
total,SIMPLE_NAME, line no: 23,1,NUMBER_LITERAL, 0.0, 0.0, 0.0, 0.0, 0.0, 1.0
