total == 0,INFIX_EXPRESSION, line no: 14,total < 0,INFIX_EXPRESSION, 2.0, 1.0, 1.0, 0.0, 0.0, 1.0
total < 0,INFIX_EXPRESSION, line no: 17,total == 0,INFIX_EXPRESSION, 2.0, 1.0, 1.0, 0.0, 0.0, 1.0
0,NUMBER_LITERAL, line no: 18,possible_change,SIMPLE_NAME, 2.0, 1.0, 1.0, 0.0, 0.0, 1.0
0,NUMBER_LITERAL, line no: 18,total,SIMPLE_NAME, 2.0, 1.0, 1.0, 0.0, 0.0, 1.0
0,NUMBER_LITERAL, line no: 18,1,NUMBER_LITERAL, 2.0, 1.0, 1.0, 0.0, 0.0, 1.0
0,NUMBER_LITERAL, line no: 18,first,SIMPLE_NAME, 2.0, 1.0, 1.0, 0.0, 0.0, 1.0
0,NUMBER_LITERAL, line no: 18,coins[0],ARRAY_ACCESS, 2.0, 1.0, 1.0, 0.0, 0.0, 1.0
0,NUMBER_LITERAL, line no: 18,coins.length,QUALIFIED_NAME, 2.0, 1.0, 1.0, 0.0, 0.0, 1.0
0,NUMBER_LITERAL, line no: 18,length,SIMPLE_NAME, 2.0, 1.0, 1.0, 0.0, 0.0, 1.0
0,NUMBER_LITERAL, line no: 18,possible_change(coins total - first) + possible_change(rest total),INFIX_EXPRESSION, 2.0, 1.0, 1.0, 0.0, 0.0, 1.0
0,NUMBER_LITERAL, line no: 18,possible_change(coins total - first),METHOD_INVOCATION, 2.0, 1.0, 1.0, 0.0, 0.0, 1.0
0,NUMBER_LITERAL, line no: 18,total - first,INFIX_EXPRESSION, 2.0, 1.0, 1.0, 0.0, 0.0, 1.0
0,NUMBER_LITERAL, line no: 18,possible_change(rest total),METHOD_INVOCATION, 2.0, 1.0, 1.0, 0.0, 0.0, 1.0
first,SIMPLE_NAME, line no: 21,length,SIMPLE_NAME, 2.0, 1.0, 1.0, 0.0, 0.0, 1.0
coins[0],ARRAY_ACCESS, line no: 21,0,NUMBER_LITERAL, 2.0, 1.0, 1.0, 0.0, 0.0, 1.0
rest,SIMPLE_NAME, line no: 22,coins,SIMPLE_NAME, 2.0, 1.0, 1.0, 0.0, 0.0, 1.0
rest,SIMPLE_NAME, line no: 22,copyOfRange,SIMPLE_NAME, 2.0, 1.0, 1.0, 0.0, 0.0, 1.0
Arrays.copyOfRange(coins 1 coins.length),METHOD_INVOCATION, line no: 22,coins,SIMPLE_NAME, 2.0, 1.0, 1.0, 0.0, 0.0, 1.0
Arrays.copyOfRange(coins 1 coins.length),METHOD_INVOCATION, line no: 22,copyOfRange,SIMPLE_NAME, 2.0, 1.0, 1.0, 0.0, 0.0, 1.0
Arrays.copyOfRange(coins 1 coins.length),METHOD_INVOCATION, line no: 22,coins.length,QUALIFIED_NAME, 2.0, 1.0, 1.0, 0.0, 0.0, 1.0
copyOfRange,SIMPLE_NAME, line no: 22,coins,SIMPLE_NAME, 2.0, 1.0, 1.0, 0.0, 0.0, 1.0
coins,SIMPLE_NAME, line no: 22,copyOfRange,SIMPLE_NAME, 2.0, 1.0, 1.0, 0.0, 0.0, 1.0
coins.length,QUALIFIED_NAME, line no: 22,length,SIMPLE_NAME, 2.0, 1.0, 1.0, 0.0, 0.0, 1.0
possible_change(coins total - first) + possible_change(rest total),INFIX_EXPRESSION, line no: 23,possible_change,SIMPLE_NAME, 2.0, 1.0, 1.0, 0.0, 0.0, 1.0
possible_change(coins total - first) + possible_change(rest total),INFIX_EXPRESSION, line no: 23,total,SIMPLE_NAME, 2.0, 1.0, 1.0, 0.0, 0.0, 1.0
possible_change(coins total - first) + possible_change(rest total),INFIX_EXPRESSION, line no: 23,first,SIMPLE_NAME, 2.0, 1.0, 1.0, 0.0, 0.0, 1.0
possible_change(coins total - first),METHOD_INVOCATION, line no: 23,possible_change,SIMPLE_NAME, 2.0, 1.0, 1.0, 0.0, 0.0, 1.0
possible_change(coins total - first),METHOD_INVOCATION, line no: 23,total,SIMPLE_NAME, 2.0, 1.0, 1.0, 0.0, 0.0, 1.0
possible_change(coins total - first),METHOD_INVOCATION, line no: 23,first,SIMPLE_NAME, 2.0, 1.0, 1.0, 0.0, 0.0, 1.0
possible_change,SIMPLE_NAME, line no: 23,total,SIMPLE_NAME, 2.0, 1.0, 1.0, 0.0, 0.0, 1.0
possible_change,SIMPLE_NAME, line no: 23,first,SIMPLE_NAME, 2.0, 1.0, 1.0, 0.0, 0.0, 1.0
coins,SIMPLE_NAME, line no: 23,rest,SIMPLE_NAME, 2.0, 1.0, 1.0, 0.0, 0.0, 1.0
total - first,INFIX_EXPRESSION, line no: 23,total,SIMPLE_NAME, 2.0, 1.0, 1.0, 0.0, 0.0, 1.0
total - first,INFIX_EXPRESSION, line no: 23,first,SIMPLE_NAME, 2.0, 1.0, 1.0, 0.0, 0.0, 1.0
total,SIMPLE_NAME, line no: 23,first,SIMPLE_NAME, 2.0, 1.0, 1.0, 0.0, 0.0, 1.0
first,SIMPLE_NAME, line no: 23,total,SIMPLE_NAME, 2.0, 1.0, 1.0, 0.0, 0.0, 1.0
possible_change(rest total),METHOD_INVOCATION, line no: 23,possible_change,SIMPLE_NAME, 2.0, 1.0, 1.0, 0.0, 0.0, 1.0
possible_change(rest total),METHOD_INVOCATION, line no: 23,total,SIMPLE_NAME, 2.0, 1.0, 1.0, 0.0, 0.0, 1.0
possible_change(rest total),METHOD_INVOCATION, line no: 23,first,SIMPLE_NAME, 2.0, 1.0, 1.0, 0.0, 0.0, 1.0
possible_change,SIMPLE_NAME, line no: 23,total,SIMPLE_NAME, 2.0, 1.0, 1.0, 0.0, 0.0, 1.0
possible_change,SIMPLE_NAME, line no: 23,first,SIMPLE_NAME, 2.0, 1.0, 1.0, 0.0, 0.0, 1.0
rest,SIMPLE_NAME, line no: 23,coins,SIMPLE_NAME, 2.0, 1.0, 1.0, 0.0, 0.0, 1.0
total,SIMPLE_NAME, line no: 23,possible_change,SIMPLE_NAME, 2.0, 1.0, 1.0, 0.0, 0.0, 1.0
total,SIMPLE_NAME, line no: 23,first,SIMPLE_NAME, 2.0, 1.0, 1.0, 0.0, 0.0, 1.0
coins,SIMPLE_NAME, line no: 22,copyOfRange,SIMPLE_NAME, 1.9772727272727273, 0.9772727272727273, 1.0, 0.0, 0.0, 1.0
length,SIMPLE_NAME, line no: 22,coins.length,QUALIFIED_NAME, 1.9772727272727273, 0.9772727272727273, 1.0, 0.0, 0.0, 1.0
total,SIMPLE_NAME, line no: 23,possible_change,SIMPLE_NAME, 1.9772727272727273, 0.9772727272727273, 1.0, 0.0, 0.0, 1.0
total,SIMPLE_NAME, line no: 23,total - first,INFIX_EXPRESSION, 1.9772727272727273, 0.9772727272727273, 1.0, 0.0, 0.0, 1.0
first,SIMPLE_NAME, line no: 23,possible_change,SIMPLE_NAME, 1.9772727272727273, 0.9772727272727273, 1.0, 0.0, 0.0, 1.0
first,SIMPLE_NAME, line no: 23,total - first,INFIX_EXPRESSION, 1.9772727272727273, 0.9772727272727273, 1.0, 0.0, 0.0, 1.0
coins,SIMPLE_NAME, line no: 21,rest,SIMPLE_NAME, 1.9767441860465116, 0.9767441860465116, 1.0, 0.0, 0.0, 1.0
coins,SIMPLE_NAME, line no: 21,copyOfRange,SIMPLE_NAME, 1.9767441860465116, 0.9767441860465116, 1.0, 0.0, 0.0, 1.0
0,NUMBER_LITERAL, line no: 21,1,NUMBER_LITERAL, 1.9767441860465116, 0.9767441860465116, 1.0, 0.0, 0.0, 1.0
0,NUMBER_LITERAL, line no: 21,coins[0],ARRAY_ACCESS, 1.9767441860465116, 0.9767441860465116, 1.0, 0.0, 0.0, 1.0
copyOfRange,SIMPLE_NAME, line no: 22,rest,SIMPLE_NAME, 1.9767441860465116, 0.9767441860465116, 1.0, 0.0, 0.0, 1.0
copyOfRange,SIMPLE_NAME, line no: 22,Arrays.copyOfRange(coins 1 coins.length),METHOD_INVOCATION, 1.9767441860465116, 0.9767441860465116, 1.0, 0.0, 0.0, 1.0
coins,SIMPLE_NAME, line no: 22,rest,SIMPLE_NAME, 1.9767441860465116, 0.9767441860465116, 1.0, 0.0, 0.0, 1.0
coins,SIMPLE_NAME, line no: 22,Arrays.copyOfRange(coins 1 coins.length),METHOD_INVOCATION, 1.9767441860465116, 0.9767441860465116, 1.0, 0.0, 0.0, 1.0
1,NUMBER_LITERAL, line no: 22,0,NUMBER_LITERAL, 1.9767441860465116, 0.9767441860465116, 1.0, 0.0, 0.0, 1.0
1,NUMBER_LITERAL, line no: 22,coins.length,QUALIFIED_NAME, 1.9767441860465116, 0.9767441860465116, 1.0, 0.0, 0.0, 1.0
1,NUMBER_LITERAL, line no: 22,length,SIMPLE_NAME, 1.9767441860465116, 0.9767441860465116, 1.0, 0.0, 0.0, 1.0
coins.length,QUALIFIED_NAME, line no: 22,1,NUMBER_LITERAL, 1.9767441860465116, 0.9767441860465116, 1.0, 0.0, 0.0, 1.0
coins.length,QUALIFIED_NAME, line no: 22,Arrays.copyOfRange(coins 1 coins.length),METHOD_INVOCATION, 1.9767441860465116, 0.9767441860465116, 1.0, 0.0, 0.0, 1.0
possible_change,SIMPLE_NAME, line no: 23,possible_change(coins total - first),METHOD_INVOCATION, 1.9767441860465116, 0.9767441860465116, 1.0, 0.0, 0.0, 1.0
possible_change,SIMPLE_NAME, line no: 23,total - first,INFIX_EXPRESSION, 1.9767441860465116, 0.9767441860465116, 1.0, 0.0, 0.0, 1.0
possible_change,SIMPLE_NAME, line no: 23,possible_change(rest total),METHOD_INVOCATION, 1.9767441860465116, 0.9767441860465116, 1.0, 0.0, 0.0, 1.0
total - first,INFIX_EXPRESSION, line no: 23,possible_change,SIMPLE_NAME, 1.9767441860465116, 0.9767441860465116, 1.0, 0.0, 0.0, 1.0
possible_change,SIMPLE_NAME, line no: 23,possible_change(coins total - first),METHOD_INVOCATION, 1.9767441860465116, 0.9767441860465116, 1.0, 0.0, 0.0, 1.0
possible_change,SIMPLE_NAME, line no: 23,total - first,INFIX_EXPRESSION, 1.9767441860465116, 0.9767441860465116, 1.0, 0.0, 0.0, 1.0
possible_change,SIMPLE_NAME, line no: 23,possible_change(rest total),METHOD_INVOCATION, 1.9767441860465116, 0.9767441860465116, 1.0, 0.0, 0.0, 1.0
total,SIMPLE_NAME, line no: 23,possible_change(coins total - first),METHOD_INVOCATION, 1.9767441860465116, 0.9767441860465116, 1.0, 0.0, 0.0, 1.0
total,SIMPLE_NAME, line no: 23,total - first,INFIX_EXPRESSION, 1.9767441860465116, 0.9767441860465116, 1.0, 0.0, 0.0, 1.0
total,SIMPLE_NAME, line no: 23,possible_change(rest total),METHOD_INVOCATION, 1.9767441860465116, 0.9767441860465116, 1.0, 0.0, 0.0, 1.0
total,SIMPLE_NAME, line no: 14,possible_change,SIMPLE_NAME, 1.9761904761904763, 0.9761904761904762, 1.0, 0.0, 0.0, 1.0
total,SIMPLE_NAME, line no: 14,0,NUMBER_LITERAL, 1.9761904761904763, 0.9761904761904762, 1.0, 0.0, 0.0, 1.0
total,SIMPLE_NAME, line no: 14,first,SIMPLE_NAME, 1.9761904761904763, 0.9761904761904762, 1.0, 0.0, 0.0, 1.0
0,NUMBER_LITERAL, line no: 14,total,SIMPLE_NAME, 1.9761904761904763, 0.9761904761904762, 1.0, 0.0, 0.0, 1.0
total,SIMPLE_NAME, line no: 17,possible_change,SIMPLE_NAME, 1.9761904761904763, 0.9761904761904762, 1.0, 0.0, 0.0, 1.0
total,SIMPLE_NAME, line no: 17,0,NUMBER_LITERAL, 1.9761904761904763, 0.9761904761904762, 1.0, 0.0, 0.0, 1.0
total,SIMPLE_NAME, line no: 17,first,SIMPLE_NAME, 1.9761904761904763, 0.9761904761904762, 1.0, 0.0, 0.0, 1.0
0,NUMBER_LITERAL, line no: 17,total,SIMPLE_NAME, 1.9761904761904763, 0.9761904761904762, 1.0, 0.0, 0.0, 1.0
first,SIMPLE_NAME, line no: 21,0,NUMBER_LITERAL, 1.9761904761904763, 0.9761904761904762, 1.0, 0.0, 0.0, 1.0
first,SIMPLE_NAME, line no: 21,1,NUMBER_LITERAL, 1.9761904761904763, 0.9761904761904762, 1.0, 0.0, 0.0, 1.0
first,SIMPLE_NAME, line no: 21,coins[0],ARRAY_ACCESS, 1.9761904761904763, 0.9761904761904762, 1.0, 0.0, 0.0, 1.0
first,SIMPLE_NAME, line no: 21,coins.length,QUALIFIED_NAME, 1.9761904761904763, 0.9761904761904762, 1.0, 0.0, 0.0, 1.0
coins[0],ARRAY_ACCESS, line no: 21,1,NUMBER_LITERAL, 1.9761904761904763, 0.9761904761904762, 1.0, 0.0, 0.0, 1.0
coins[0],ARRAY_ACCESS, line no: 21,first,SIMPLE_NAME, 1.9761904761904763, 0.9761904761904762, 1.0, 0.0, 0.0, 1.0
coins[0],ARRAY_ACCESS, line no: 21,length,SIMPLE_NAME, 1.9761904761904763, 0.9761904761904762, 1.0, 0.0, 0.0, 1.0
rest,SIMPLE_NAME, line no: 22,Arrays.copyOfRange(coins 1 coins.length),METHOD_INVOCATION, 1.9761904761904763, 0.9761904761904762, 1.0, 0.0, 0.0, 1.0
Arrays.copyOfRange(coins 1 coins.length),METHOD_INVOCATION, line no: 22,rest,SIMPLE_NAME, 1.9761904761904763, 0.9761904761904762, 1.0, 0.0, 0.0, 1.0
possible_change(coins total - first) + possible_change(rest total),INFIX_EXPRESSION, line no: 23,0,NUMBER_LITERAL, 1.975609756097561, 0.975609756097561, 1.0, 0.0, 0.0, 1.0
coins,SIMPLE_NAME, line no: 22,rest,SIMPLE_NAME, 1.9545454545454546, 0.9545454545454546, 1.0, 0.0, 0.0, 1.0
coins,SIMPLE_NAME, line no: 22,Arrays.copyOfRange(coins 1 coins.length),METHOD_INVOCATION, 1.9545454545454546, 0.9545454545454546, 1.0, 0.0, 0.0, 1.0
length,SIMPLE_NAME, line no: 22,1,NUMBER_LITERAL, 1.9545454545454546, 0.9545454545454546, 1.0, 0.0, 0.0, 1.0
length,SIMPLE_NAME, line no: 22,first,SIMPLE_NAME, 1.9545454545454546, 0.9545454545454546, 1.0, 0.0, 0.0, 1.0
total,SIMPLE_NAME, line no: 23,possible_change(coins total - first),METHOD_INVOCATION, 1.9545454545454546, 0.9545454545454546, 1.0, 0.0, 0.0, 1.0
total,SIMPLE_NAME, line no: 23,possible_change(rest total),METHOD_INVOCATION, 1.9545454545454546, 0.9545454545454546, 1.0, 0.0, 0.0, 1.0
first,SIMPLE_NAME, line no: 23,possible_change(coins total - first),METHOD_INVOCATION, 1.9545454545454546, 0.9545454545454546, 1.0, 0.0, 0.0, 1.0
first,SIMPLE_NAME, line no: 23,possible_change(rest total),METHOD_INVOCATION, 1.9545454545454546, 0.9545454545454546, 1.0, 0.0, 0.0, 1.0
coins,SIMPLE_NAME, line no: 21,Arrays.copyOfRange(coins 1 coins.length),METHOD_INVOCATION, 1.9534883720930232, 0.9534883720930233, 1.0, 0.0, 0.0, 1.0
0,NUMBER_LITERAL, line no: 21,first,SIMPLE_NAME, 1.9534883720930232, 0.9534883720930233, 1.0, 0.0, 0.0, 1.0
0,NUMBER_LITERAL, line no: 21,coins.length,QUALIFIED_NAME, 1.9534883720930232, 0.9534883720930233, 1.0, 0.0, 0.0, 1.0
0,NUMBER_LITERAL, line no: 21,length,SIMPLE_NAME, 1.9534883720930232, 0.9534883720930233, 1.0, 0.0, 0.0, 1.0
1,NUMBER_LITERAL, line no: 22,first,SIMPLE_NAME, 1.9534883720930232, 0.9534883720930233, 1.0, 0.0, 0.0, 1.0
1,NUMBER_LITERAL, line no: 22,coins[0],ARRAY_ACCESS, 1.9534883720930232, 0.9534883720930233, 1.0, 0.0, 0.0, 1.0
coins.length,QUALIFIED_NAME, line no: 22,0,NUMBER_LITERAL, 1.9534883720930232, 0.9534883720930233, 1.0, 0.0, 0.0, 1.0
coins.length,QUALIFIED_NAME, line no: 22,first,SIMPLE_NAME, 1.9534883720930232, 0.9534883720930233, 1.0, 0.0, 0.0, 1.0
possible_change,SIMPLE_NAME, line no: 23,length,SIMPLE_NAME, 1.9534883720930232, 0.9534883720930233, 1.0, 0.0, 0.0, 1.0
possible_change,SIMPLE_NAME, line no: 23,possible_change(coins total - first) + possible_change(rest total),INFIX_EXPRESSION, 1.9534883720930232, 0.9534883720930233, 1.0, 0.0, 0.0, 1.0
coins,SIMPLE_NAME, line no: 23,copyOfRange,SIMPLE_NAME, 1.9534883720930232, 0.9534883720930233, 1.0, 0.0, 0.0, 1.0
possible_change,SIMPLE_NAME, line no: 23,length,SIMPLE_NAME, 1.9534883720930232, 0.9534883720930233, 1.0, 0.0, 0.0, 1.0
possible_change,SIMPLE_NAME, line no: 23,possible_change(coins total - first) + possible_change(rest total),INFIX_EXPRESSION, 1.9534883720930232, 0.9534883720930233, 1.0, 0.0, 0.0, 1.0
rest,SIMPLE_NAME, line no: 23,copyOfRange,SIMPLE_NAME, 1.9534883720930232, 0.9534883720930233, 1.0, 0.0, 0.0, 1.0
total,SIMPLE_NAME, line no: 23,length,SIMPLE_NAME, 1.9534883720930232, 0.9534883720930233, 1.0, 0.0, 0.0, 1.0
total,SIMPLE_NAME, line no: 23,possible_change(coins total - first) + possible_change(rest total),INFIX_EXPRESSION, 1.9534883720930232, 0.9534883720930233, 1.0, 0.0, 0.0, 1.0
total,SIMPLE_NAME, line no: 14,length,SIMPLE_NAME, 1.9523809523809523, 0.9523809523809523, 1.0, 0.0, 0.0, 1.0
total,SIMPLE_NAME, line no: 14,possible_change(coins total - first) + possible_change(rest total),INFIX_EXPRESSION, 1.9523809523809523, 0.9523809523809523, 1.0, 0.0, 0.0, 1.0
total,SIMPLE_NAME, line no: 14,possible_change(coins total - first),METHOD_INVOCATION, 1.9523809523809523, 0.9523809523809523, 1.0, 0.0, 0.0, 1.0
total,SIMPLE_NAME, line no: 14,total - first,INFIX_EXPRESSION, 1.9523809523809523, 0.9523809523809523, 1.0, 0.0, 0.0, 1.0
total,SIMPLE_NAME, line no: 14,possible_change(rest total),METHOD_INVOCATION, 1.9523809523809523, 0.9523809523809523, 1.0, 0.0, 0.0, 1.0
0,NUMBER_LITERAL, line no: 14,possible_change,SIMPLE_NAME, 1.9523809523809523, 0.9523809523809523, 1.0, 0.0, 0.0, 1.0
0,NUMBER_LITERAL, line no: 14,1,NUMBER_LITERAL, 1.9523809523809523, 0.9523809523809523, 1.0, 0.0, 0.0, 1.0
0,NUMBER_LITERAL, line no: 14,first,SIMPLE_NAME, 1.9523809523809523, 0.9523809523809523, 1.0, 0.0, 0.0, 1.0
0,NUMBER_LITERAL, line no: 14,possible_change(coins total - first) + possible_change(rest total),INFIX_EXPRESSION, 1.9523809523809523, 0.9523809523809523, 1.0, 0.0, 0.0, 1.0
0,NUMBER_LITERAL, line no: 14,possible_change(coins total - first),METHOD_INVOCATION, 1.9523809523809523, 0.9523809523809523, 1.0, 0.0, 0.0, 1.0
0,NUMBER_LITERAL, line no: 14,total - first,INFIX_EXPRESSION, 1.9523809523809523, 0.9523809523809523, 1.0, 0.0, 0.0, 1.0
0,NUMBER_LITERAL, line no: 14,possible_change(rest total),METHOD_INVOCATION, 1.9523809523809523, 0.9523809523809523, 1.0, 0.0, 0.0, 1.0
total,SIMPLE_NAME, line no: 17,length,SIMPLE_NAME, 1.9523809523809523, 0.9523809523809523, 1.0, 0.0, 0.0, 1.0
total,SIMPLE_NAME, line no: 17,possible_change(coins total - first) + possible_change(rest total),INFIX_EXPRESSION, 1.9523809523809523, 0.9523809523809523, 1.0, 0.0, 0.0, 1.0
total,SIMPLE_NAME, line no: 17,possible_change(coins total - first),METHOD_INVOCATION, 1.9523809523809523, 0.9523809523809523, 1.0, 0.0, 0.0, 1.0
total,SIMPLE_NAME, line no: 17,total - first,INFIX_EXPRESSION, 1.9523809523809523, 0.9523809523809523, 1.0, 0.0, 0.0, 1.0
total,SIMPLE_NAME, line no: 17,possible_change(rest total),METHOD_INVOCATION, 1.9523809523809523, 0.9523809523809523, 1.0, 0.0, 0.0, 1.0
0,NUMBER_LITERAL, line no: 17,possible_change,SIMPLE_NAME, 1.9523809523809523, 0.9523809523809523, 1.0, 0.0, 0.0, 1.0
0,NUMBER_LITERAL, line no: 17,1,NUMBER_LITERAL, 1.9523809523809523, 0.9523809523809523, 1.0, 0.0, 0.0, 1.0
0,NUMBER_LITERAL, line no: 17,first,SIMPLE_NAME, 1.9523809523809523, 0.9523809523809523, 1.0, 0.0, 0.0, 1.0
0,NUMBER_LITERAL, line no: 17,possible_change(coins total - first) + possible_change(rest total),INFIX_EXPRESSION, 1.9523809523809523, 0.9523809523809523, 1.0, 0.0, 0.0, 1.0
0,NUMBER_LITERAL, line no: 17,possible_change(coins total - first),METHOD_INVOCATION, 1.9523809523809523, 0.9523809523809523, 1.0, 0.0, 0.0, 1.0
0,NUMBER_LITERAL, line no: 17,total - first,INFIX_EXPRESSION, 1.9523809523809523, 0.9523809523809523, 1.0, 0.0, 0.0, 1.0
0,NUMBER_LITERAL, line no: 17,possible_change(rest total),METHOD_INVOCATION, 1.9523809523809523, 0.9523809523809523, 1.0, 0.0, 0.0, 1.0
first,SIMPLE_NAME, line no: 21,possible_change,SIMPLE_NAME, 1.9523809523809523, 0.9523809523809523, 1.0, 0.0, 0.0, 1.0
first,SIMPLE_NAME, line no: 21,total,SIMPLE_NAME, 1.9523809523809523, 0.9523809523809523, 1.0, 0.0, 0.0, 1.0
possible_change(coins total - first),METHOD_INVOCATION, line no: 23,0,NUMBER_LITERAL, 1.9523809523809523, 0.9523809523809523, 1.0, 0.0, 0.0, 1.0
possible_change(coins total - first),METHOD_INVOCATION, line no: 23,1,NUMBER_LITERAL, 1.9523809523809523, 0.9523809523809523, 1.0, 0.0, 0.0, 1.0
possible_change(coins total - first),METHOD_INVOCATION, line no: 23,length,SIMPLE_NAME, 1.9523809523809523, 0.9523809523809523, 1.0, 0.0, 0.0, 1.0
possible_change(rest total),METHOD_INVOCATION, line no: 23,0,NUMBER_LITERAL, 1.9523809523809523, 0.9523809523809523, 1.0, 0.0, 0.0, 1.0
possible_change(rest total),METHOD_INVOCATION, line no: 23,1,NUMBER_LITERAL, 1.9523809523809523, 0.9523809523809523, 1.0, 0.0, 0.0, 1.0
possible_change(rest total),METHOD_INVOCATION, line no: 23,length,SIMPLE_NAME, 1.9523809523809523, 0.9523809523809523, 1.0, 0.0, 0.0, 1.0
possible_change(coins total - first) + possible_change(rest total),INFIX_EXPRESSION, line no: 23,1,NUMBER_LITERAL, 1.951219512195122, 0.9512195121951219, 1.0, 0.0, 0.0, 1.0
possible_change(coins total - first) + possible_change(rest total),INFIX_EXPRESSION, line no: 23,length,SIMPLE_NAME, 1.951219512195122, 0.9512195121951219, 1.0, 0.0, 0.0, 1.0
length,SIMPLE_NAME, line no: 22,possible_change,SIMPLE_NAME, 1.9318181818181817, 0.9318181818181818, 1.0, 0.0, 0.0, 1.0
length,SIMPLE_NAME, line no: 22,total,SIMPLE_NAME, 1.9318181818181817, 0.9318181818181818, 1.0, 0.0, 0.0, 1.0
length,SIMPLE_NAME, line no: 22,0,NUMBER_LITERAL, 1.9318181818181817, 0.9318181818181818, 1.0, 0.0, 0.0, 1.0
length,SIMPLE_NAME, line no: 22,coins[0],ARRAY_ACCESS, 1.9318181818181817, 0.9318181818181818, 1.0, 0.0, 0.0, 1.0
total,SIMPLE_NAME, line no: 23,length,SIMPLE_NAME, 1.9318181818181817, 0.9318181818181818, 1.0, 0.0, 0.0, 1.0
total,SIMPLE_NAME, line no: 23,possible_change(coins total - first) + possible_change(rest total),INFIX_EXPRESSION, 1.9318181818181817, 0.9318181818181818, 1.0, 0.0, 0.0, 1.0
first,SIMPLE_NAME, line no: 23,length,SIMPLE_NAME, 1.9318181818181817, 0.9318181818181818, 1.0, 0.0, 0.0, 1.0
first,SIMPLE_NAME, line no: 23,possible_change(coins total - first) + possible_change(rest total),INFIX_EXPRESSION, 1.9318181818181817, 0.9318181818181818, 1.0, 0.0, 0.0, 1.0
1,NUMBER_LITERAL, line no: 22,possible_change,SIMPLE_NAME, 1.9302325581395348, 0.9302325581395349, 1.0, 0.0, 0.0, 1.0
1,NUMBER_LITERAL, line no: 22,total,SIMPLE_NAME, 1.9302325581395348, 0.9302325581395349, 1.0, 0.0, 0.0, 1.0
1,NUMBER_LITERAL, line no: 22,possible_change(coins total - first),METHOD_INVOCATION, 1.9302325581395348, 0.9302325581395349, 1.0, 0.0, 0.0, 1.0
1,NUMBER_LITERAL, line no: 22,total - first,INFIX_EXPRESSION, 1.9302325581395348, 0.9302325581395349, 1.0, 0.0, 0.0, 1.0
1,NUMBER_LITERAL, line no: 22,possible_change(rest total),METHOD_INVOCATION, 1.9302325581395348, 0.9302325581395349, 1.0, 0.0, 0.0, 1.0
coins.length,QUALIFIED_NAME, line no: 22,possible_change,SIMPLE_NAME, 1.9302325581395348, 0.9302325581395349, 1.0, 0.0, 0.0, 1.0
coins.length,QUALIFIED_NAME, line no: 22,total,SIMPLE_NAME, 1.9302325581395348, 0.9302325581395349, 1.0, 0.0, 0.0, 1.0
possible_change,SIMPLE_NAME, line no: 23,0,NUMBER_LITERAL, 1.9302325581395348, 0.9302325581395349, 1.0, 0.0, 0.0, 1.0
possible_change,SIMPLE_NAME, line no: 23,1,NUMBER_LITERAL, 1.9302325581395348, 0.9302325581395349, 1.0, 0.0, 0.0, 1.0
possible_change,SIMPLE_NAME, line no: 23,coins.length,QUALIFIED_NAME, 1.9302325581395348, 0.9302325581395349, 1.0, 0.0, 0.0, 1.0
coins,SIMPLE_NAME, line no: 23,Arrays.copyOfRange(coins 1 coins.length),METHOD_INVOCATION, 1.9302325581395348, 0.9302325581395349, 1.0, 0.0, 0.0, 1.0
total - first,INFIX_EXPRESSION, line no: 23,0,NUMBER_LITERAL, 1.9302325581395348, 0.9302325581395349, 1.0, 0.0, 0.0, 1.0
total - first,INFIX_EXPRESSION, line no: 23,1,NUMBER_LITERAL, 1.9302325581395348, 0.9302325581395349, 1.0, 0.0, 0.0, 1.0
total - first,INFIX_EXPRESSION, line no: 23,length,SIMPLE_NAME, 1.9302325581395348, 0.9302325581395349, 1.0, 0.0, 0.0, 1.0
possible_change,SIMPLE_NAME, line no: 23,0,NUMBER_LITERAL, 1.9302325581395348, 0.9302325581395349, 1.0, 0.0, 0.0, 1.0
possible_change,SIMPLE_NAME, line no: 23,1,NUMBER_LITERAL, 1.9302325581395348, 0.9302325581395349, 1.0, 0.0, 0.0, 1.0
possible_change,SIMPLE_NAME, line no: 23,coins.length,QUALIFIED_NAME, 1.9302325581395348, 0.9302325581395349, 1.0, 0.0, 0.0, 1.0
rest,SIMPLE_NAME, line no: 23,Arrays.copyOfRange(coins 1 coins.length),METHOD_INVOCATION, 1.9302325581395348, 0.9302325581395349, 1.0, 0.0, 0.0, 1.0
total,SIMPLE_NAME, line no: 23,0,NUMBER_LITERAL, 1.9302325581395348, 0.9302325581395349, 1.0, 0.0, 0.0, 1.0
total,SIMPLE_NAME, line no: 23,1,NUMBER_LITERAL, 1.9302325581395348, 0.9302325581395349, 1.0, 0.0, 0.0, 1.0
total,SIMPLE_NAME, line no: 23,coins.length,QUALIFIED_NAME, 1.9302325581395348, 0.9302325581395349, 1.0, 0.0, 0.0, 1.0
total,SIMPLE_NAME, line no: 14,1,NUMBER_LITERAL, 1.9285714285714286, 0.9285714285714286, 1.0, 0.0, 0.0, 1.0
total,SIMPLE_NAME, line no: 14,coins[0],ARRAY_ACCESS, 1.9285714285714286, 0.9285714285714286, 1.0, 0.0, 0.0, 1.0
total,SIMPLE_NAME, line no: 14,coins.length,QUALIFIED_NAME, 1.9285714285714286, 0.9285714285714286, 1.0, 0.0, 0.0, 1.0
0,NUMBER_LITERAL, line no: 14,coins[0],ARRAY_ACCESS, 1.9285714285714286, 0.9285714285714286, 1.0, 0.0, 0.0, 1.0
0,NUMBER_LITERAL, line no: 14,coins.length,QUALIFIED_NAME, 1.9285714285714286, 0.9285714285714286, 1.0, 0.0, 0.0, 1.0
0,NUMBER_LITERAL, line no: 14,length,SIMPLE_NAME, 1.9285714285714286, 0.9285714285714286, 1.0, 0.0, 0.0, 1.0
total,SIMPLE_NAME, line no: 17,1,NUMBER_LITERAL, 1.9285714285714286, 0.9285714285714286, 1.0, 0.0, 0.0, 1.0
total,SIMPLE_NAME, line no: 17,coins[0],ARRAY_ACCESS, 1.9285714285714286, 0.9285714285714286, 1.0, 0.0, 0.0, 1.0
total,SIMPLE_NAME, line no: 17,coins.length,QUALIFIED_NAME, 1.9285714285714286, 0.9285714285714286, 1.0, 0.0, 0.0, 1.0
0,NUMBER_LITERAL, line no: 17,coins[0],ARRAY_ACCESS, 1.9285714285714286, 0.9285714285714286, 1.0, 0.0, 0.0, 1.0
0,NUMBER_LITERAL, line no: 17,coins.length,QUALIFIED_NAME, 1.9285714285714286, 0.9285714285714286, 1.0, 0.0, 0.0, 1.0
0,NUMBER_LITERAL, line no: 17,length,SIMPLE_NAME, 1.9285714285714286, 0.9285714285714286, 1.0, 0.0, 0.0, 1.0
first,SIMPLE_NAME, line no: 21,possible_change(coins total - first) + possible_change(rest total),INFIX_EXPRESSION, 1.9285714285714286, 0.9285714285714286, 1.0, 0.0, 0.0, 1.0
first,SIMPLE_NAME, line no: 21,possible_change(coins total - first),METHOD_INVOCATION, 1.9285714285714286, 0.9285714285714286, 1.0, 0.0, 0.0, 1.0
first,SIMPLE_NAME, line no: 21,total - first,INFIX_EXPRESSION, 1.9285714285714286, 0.9285714285714286, 1.0, 0.0, 0.0, 1.0
first,SIMPLE_NAME, line no: 21,possible_change(rest total),METHOD_INVOCATION, 1.9285714285714286, 0.9285714285714286, 1.0, 0.0, 0.0, 1.0
coins[0],ARRAY_ACCESS, line no: 21,possible_change,SIMPLE_NAME, 1.9285714285714286, 0.9285714285714286, 1.0, 0.0, 0.0, 1.0
coins[0],ARRAY_ACCESS, line no: 21,total,SIMPLE_NAME, 1.9285714285714286, 0.9285714285714286, 1.0, 0.0, 0.0, 1.0
length,SIMPLE_NAME, line no: 22,possible_change(coins total - first),METHOD_INVOCATION, 1.9090909090909092, 0.9090909090909091, 1.0, 0.0, 0.0, 1.0
length,SIMPLE_NAME, line no: 22,total - first,INFIX_EXPRESSION, 1.9090909090909092, 0.9090909090909091, 1.0, 0.0, 0.0, 1.0
length,SIMPLE_NAME, line no: 22,possible_change(rest total),METHOD_INVOCATION, 1.9090909090909092, 0.9090909090909091, 1.0, 0.0, 0.0, 1.0
total,SIMPLE_NAME, line no: 23,0,NUMBER_LITERAL, 1.9090909090909092, 0.9090909090909091, 1.0, 0.0, 0.0, 1.0
total,SIMPLE_NAME, line no: 23,1,NUMBER_LITERAL, 1.9090909090909092, 0.9090909090909091, 1.0, 0.0, 0.0, 1.0
total,SIMPLE_NAME, line no: 23,coins.length,QUALIFIED_NAME, 1.9090909090909092, 0.9090909090909091, 1.0, 0.0, 0.0, 1.0
first,SIMPLE_NAME, line no: 23,0,NUMBER_LITERAL, 1.9090909090909092, 0.9090909090909091, 1.0, 0.0, 0.0, 1.0
first,SIMPLE_NAME, line no: 23,1,NUMBER_LITERAL, 1.9090909090909092, 0.9090909090909091, 1.0, 0.0, 0.0, 1.0
first,SIMPLE_NAME, line no: 23,coins.length,QUALIFIED_NAME, 1.9090909090909092, 0.9090909090909091, 1.0, 0.0, 0.0, 1.0
0,NUMBER_LITERAL, line no: 21,possible_change,SIMPLE_NAME, 1.9069767441860463, 0.9069767441860465, 1.0, 0.0, 0.0, 1.0
0,NUMBER_LITERAL, line no: 21,total,SIMPLE_NAME, 1.9069767441860463, 0.9069767441860465, 1.0, 0.0, 0.0, 1.0
0,NUMBER_LITERAL, line no: 21,possible_change(coins total - first) + possible_change(rest total),INFIX_EXPRESSION, 1.9069767441860463, 0.9069767441860465, 1.0, 0.0, 0.0, 1.0
0,NUMBER_LITERAL, line no: 21,possible_change(coins total - first),METHOD_INVOCATION, 1.9069767441860463, 0.9069767441860465, 1.0, 0.0, 0.0, 1.0
0,NUMBER_LITERAL, line no: 21,total - first,INFIX_EXPRESSION, 1.9069767441860463, 0.9069767441860465, 1.0, 0.0, 0.0, 1.0
0,NUMBER_LITERAL, line no: 21,possible_change(rest total),METHOD_INVOCATION, 1.9069767441860463, 0.9069767441860465, 1.0, 0.0, 0.0, 1.0
1,NUMBER_LITERAL, line no: 22,possible_change(coins total - first) + possible_change(rest total),INFIX_EXPRESSION, 1.9069767441860463, 0.9069767441860465, 1.0, 0.0, 0.0, 1.0
possible_change,SIMPLE_NAME, line no: 23,coins[0],ARRAY_ACCESS, 1.9069767441860463, 0.9069767441860465, 1.0, 0.0, 0.0, 1.0
possible_change,SIMPLE_NAME, line no: 23,coins[0],ARRAY_ACCESS, 1.9069767441860463, 0.9069767441860465, 1.0, 0.0, 0.0, 1.0
total,SIMPLE_NAME, line no: 23,coins[0],ARRAY_ACCESS, 1.9069767441860463, 0.9069767441860465, 1.0, 0.0, 0.0, 1.0
length,SIMPLE_NAME, line no: 22,possible_change(coins total - first) + possible_change(rest total),INFIX_EXPRESSION, 1.8863636363636362, 0.8863636363636364, 1.0, 0.0, 0.0, 1.0
total,SIMPLE_NAME, line no: 23,coins[0],ARRAY_ACCESS, 1.8863636363636362, 0.8863636363636364, 1.0, 0.0, 0.0, 1.0
first,SIMPLE_NAME, line no: 23,coins[0],ARRAY_ACCESS, 1.8863636363636362, 0.8863636363636364, 1.0, 0.0, 0.0, 1.0
1,NUMBER_LITERAL, line no: 15,possible_change,SIMPLE_NAME, 1.885618083164127, 1.0, 1.0, 0.0, 0.0, 0.9428090415820635
1,NUMBER_LITERAL, line no: 15,total,SIMPLE_NAME, 1.885618083164127, 1.0, 1.0, 0.0, 0.0, 0.9428090415820635
1,NUMBER_LITERAL, line no: 15,0,NUMBER_LITERAL, 1.885618083164127, 1.0, 1.0, 0.0, 0.0, 0.9428090415820635
1,NUMBER_LITERAL, line no: 15,first,SIMPLE_NAME, 1.885618083164127, 1.0, 1.0, 0.0, 0.0, 0.9428090415820635
1,NUMBER_LITERAL, line no: 15,coins[0],ARRAY_ACCESS, 1.885618083164127, 1.0, 1.0, 0.0, 0.0, 0.9428090415820635
1,NUMBER_LITERAL, line no: 15,coins.length,QUALIFIED_NAME, 1.885618083164127, 1.0, 1.0, 0.0, 0.0, 0.9428090415820635
1,NUMBER_LITERAL, line no: 15,length,SIMPLE_NAME, 1.885618083164127, 1.0, 1.0, 0.0, 0.0, 0.9428090415820635
1,NUMBER_LITERAL, line no: 15,possible_change(coins total - first) + possible_change(rest total),INFIX_EXPRESSION, 1.885618083164127, 1.0, 1.0, 0.0, 0.0, 0.9428090415820635
1,NUMBER_LITERAL, line no: 15,possible_change(coins total - first),METHOD_INVOCATION, 1.885618083164127, 1.0, 1.0, 0.0, 0.0, 0.9428090415820635
1,NUMBER_LITERAL, line no: 15,total - first,INFIX_EXPRESSION, 1.885618083164127, 1.0, 1.0, 0.0, 0.0, 0.9428090415820635
1,NUMBER_LITERAL, line no: 15,possible_change(rest total),METHOD_INVOCATION, 1.885618083164127, 1.0, 1.0, 0.0, 0.0, 0.9428090415820635
possible_change(coins total - first) + possible_change(rest total),INFIX_EXPRESSION, line no: 23,possible_change(coins total - first),METHOD_INVOCATION, 1.75, 1.0, 0.75, 0.0, 0.0, 1.0
possible_change(coins total - first),METHOD_INVOCATION, line no: 23,possible_change(coins total - first) + possible_change(rest total),INFIX_EXPRESSION, 1.7261904761904763, 0.9761904761904762, 0.75, 0.0, 0.0, 1.0
possible_change(coins total - first),METHOD_INVOCATION, line no: 23,total - first,INFIX_EXPRESSION, 1.6666666666666665, 1.0, 0.6666666666666666, 0.0, 0.0, 1.0
total - first,INFIX_EXPRESSION, line no: 23,possible_change(coins total - first),METHOD_INVOCATION, 1.643410852713178, 0.9767441860465116, 0.6666666666666666, 0.0, 0.0, 1.0
possible_change(coins total - first) + possible_change(rest total),INFIX_EXPRESSION, line no: 23,total - first,INFIX_EXPRESSION, 1.5, 1.0, 0.5, 0.0, 0.0, 1.0
possible_change(coins total - first) + possible_change(rest total),INFIX_EXPRESSION, line no: 23,possible_change(rest total),METHOD_INVOCATION, 1.5, 1.0, 0.5, 0.0, 0.0, 1.0
coins[0],ARRAY_ACCESS, line no: 21,Arrays.copyOfRange(coins 1 coins.length),METHOD_INVOCATION, 1.4761904761904763, 0.9761904761904762, 0.5, 0.0, 0.0, 1.0
coins[0],ARRAY_ACCESS, line no: 21,coins.length,QUALIFIED_NAME, 1.4761904761904763, 0.9761904761904762, 0.5, 0.0, 0.0, 1.0
Arrays.copyOfRange(coins 1 coins.length),METHOD_INVOCATION, line no: 22,coins[0],ARRAY_ACCESS, 1.4761904761904763, 0.9761904761904762, 0.5, 0.0, 0.0, 1.0
possible_change(rest total),METHOD_INVOCATION, line no: 23,possible_change(coins total - first) + possible_change(rest total),INFIX_EXPRESSION, 1.4761904761904763, 0.9761904761904762, 0.5, 0.0, 0.0, 1.0
total == 0,INFIX_EXPRESSION, line no: 14,total - first,INFIX_EXPRESSION, 1.475609756097561, 0.975609756097561, 0.5, 0.0, 0.0, 1.0
total == 0,INFIX_EXPRESSION, line no: 14,possible_change(rest total),METHOD_INVOCATION, 1.475609756097561, 0.975609756097561, 0.5, 0.0, 0.0, 1.0
total < 0,INFIX_EXPRESSION, line no: 17,total - first,INFIX_EXPRESSION, 1.475609756097561, 0.975609756097561, 0.5, 0.0, 0.0, 1.0
total < 0,INFIX_EXPRESSION, line no: 17,possible_change(rest total),METHOD_INVOCATION, 1.475609756097561, 0.975609756097561, 0.5, 0.0, 0.0, 1.0
coins.length,QUALIFIED_NAME, line no: 22,coins[0],ARRAY_ACCESS, 1.4534883720930232, 0.9534883720930233, 0.5, 0.0, 0.0, 1.0
total - first,INFIX_EXPRESSION, line no: 23,possible_change(coins total - first) + possible_change(rest total),INFIX_EXPRESSION, 1.4534883720930232, 0.9534883720930233, 0.5, 0.0, 0.0, 1.0
possible_change(rest total),METHOD_INVOCATION, line no: 23,total == 0,INFIX_EXPRESSION, 1.4523809523809523, 0.9523809523809523, 0.5, 0.0, 0.0, 1.0
possible_change(rest total),METHOD_INVOCATION, line no: 23,total < 0,INFIX_EXPRESSION, 1.4523809523809523, 0.9523809523809523, 0.5, 0.0, 0.0, 1.0
total - first,INFIX_EXPRESSION, line no: 23,total == 0,INFIX_EXPRESSION, 1.4302325581395348, 0.9302325581395349, 0.5, 0.0, 0.0, 1.0
total - first,INFIX_EXPRESSION, line no: 23,total < 0,INFIX_EXPRESSION, 1.4302325581395348, 0.9302325581395349, 0.5, 0.0, 0.0, 1.0
possible_change(rest total),METHOD_INVOCATION, line no: 23,total - first,INFIX_EXPRESSION, 1.3333333333333333, 1.0, 0.3333333333333333, 0.0, 0.0, 1.0
total - first,INFIX_EXPRESSION, line no: 23,possible_change(rest total),METHOD_INVOCATION, 1.3100775193798448, 0.9767441860465116, 0.3333333333333333, 0.0, 0.0, 1.0
total == 0,INFIX_EXPRESSION, line no: 14,possible_change(coins total - first),METHOD_INVOCATION, 1.3089430894308942, 0.975609756097561, 0.3333333333333333, 0.0, 0.0, 1.0
total < 0,INFIX_EXPRESSION, line no: 17,possible_change(coins total - first),METHOD_INVOCATION, 1.3089430894308942, 0.975609756097561, 0.3333333333333333, 0.0, 0.0, 1.0
possible_change(coins total - first),METHOD_INVOCATION, line no: 23,total == 0,INFIX_EXPRESSION, 1.2857142857142856, 0.9523809523809523, 0.3333333333333333, 0.0, 0.0, 1.0
possible_change(coins total - first),METHOD_INVOCATION, line no: 23,total < 0,INFIX_EXPRESSION, 1.2857142857142856, 0.9523809523809523, 0.3333333333333333, 0.0, 0.0, 1.0
coins[0],ARRAY_ACCESS, line no: 21,possible_change(coins total - first),METHOD_INVOCATION, 1.2619047619047619, 0.9285714285714286, 0.3333333333333333, 0.0, 0.0, 1.0
possible_change(coins total - first),METHOD_INVOCATION, line no: 23,coins[0],ARRAY_ACCESS, 1.2619047619047619, 0.9285714285714286, 0.3333333333333333, 0.0, 0.0, 1.0
possible_change(coins total - first),METHOD_INVOCATION, line no: 23,possible_change(rest total),METHOD_INVOCATION, 1.25, 1.0, 0.25, 0.0, 0.0, 1.0
possible_change(rest total),METHOD_INVOCATION, line no: 23,possible_change(coins total - first),METHOD_INVOCATION, 1.25, 1.0, 0.25, 0.0, 0.0, 1.0
total == 0,INFIX_EXPRESSION, line no: 14,possible_change(coins total - first) + possible_change(rest total),INFIX_EXPRESSION, 1.225609756097561, 0.975609756097561, 0.25, 0.0, 0.0, 1.0
total < 0,INFIX_EXPRESSION, line no: 17,possible_change(coins total - first) + possible_change(rest total),INFIX_EXPRESSION, 1.225609756097561, 0.975609756097561, 0.25, 0.0, 0.0, 1.0
possible_change(coins total - first) + possible_change(rest total),INFIX_EXPRESSION, line no: 23,total == 0,INFIX_EXPRESSION, 1.225609756097561, 0.975609756097561, 0.25, 0.0, 0.0, 1.0
possible_change(coins total - first) + possible_change(rest total),INFIX_EXPRESSION, line no: 23,total < 0,INFIX_EXPRESSION, 1.225609756097561, 0.975609756097561, 0.25, 0.0, 0.0, 1.0
Arrays.copyOfRange(coins 1 coins.length),METHOD_INVOCATION, line no: 22,possible_change(coins total - first),METHOD_INVOCATION, 1.2023809523809523, 0.9523809523809523, 0.25, 0.0, 0.0, 1.0
possible_change(coins total - first),METHOD_INVOCATION, line no: 23,Arrays.copyOfRange(coins 1 coins.length),METHOD_INVOCATION, 1.2023809523809523, 0.9523809523809523, 0.25, 0.0, 0.0, 1.0
possible_change(coins total - first),METHOD_INVOCATION, line no: 23,coins.length,QUALIFIED_NAME, 1.2023809523809523, 0.9523809523809523, 0.25, 0.0, 0.0, 1.0
possible_change(coins total - first) + possible_change(rest total),INFIX_EXPRESSION, line no: 23,coins[0],ARRAY_ACCESS, 1.201219512195122, 0.9512195121951219, 0.25, 0.0, 0.0, 1.0
coins.length,QUALIFIED_NAME, line no: 22,possible_change(coins total - first),METHOD_INVOCATION, 1.1802325581395348, 0.9302325581395349, 0.25, 0.0, 0.0, 1.0
coins[0],ARRAY_ACCESS, line no: 21,possible_change(coins total - first) + possible_change(rest total),INFIX_EXPRESSION, 1.1785714285714286, 0.9285714285714286, 0.25, 0.0, 0.0, 1.0
possible_change(coins total - first) + possible_change(rest total),INFIX_EXPRESSION, line no: 23,Arrays.copyOfRange(coins 1 coins.length),METHOD_INVOCATION, 1.1512195121951219, 0.9512195121951219, 0.2, 0.0, 0.0, 1.0
possible_change(coins total - first) + possible_change(rest total),INFIX_EXPRESSION, line no: 23,coins.length,QUALIFIED_NAME, 1.1512195121951219, 0.9512195121951219, 0.2, 0.0, 0.0, 1.0
Arrays.copyOfRange(coins 1 coins.length),METHOD_INVOCATION, line no: 22,possible_change(coins total - first) + possible_change(rest total),INFIX_EXPRESSION, 1.1285714285714286, 0.9285714285714286, 0.2, 0.0, 0.0, 1.0
coins.length,QUALIFIED_NAME, line no: 22,possible_change(coins total - first) + possible_change(rest total),INFIX_EXPRESSION, 1.1069767441860465, 0.9069767441860465, 0.2, 0.0, 0.0, 1.0
total == 0,INFIX_EXPRESSION, line no: 14,total,SIMPLE_NAME, 1.0, 1.0, 0.0, 0.0, 0.0, 1.0
total == 0,INFIX_EXPRESSION, line no: 14,0,NUMBER_LITERAL, 1.0, 1.0, 0.0, 0.0, 0.0, 1.0
total < 0,INFIX_EXPRESSION, line no: 17,total,SIMPLE_NAME, 1.0, 1.0, 0.0, 0.0, 0.0, 1.0
total < 0,INFIX_EXPRESSION, line no: 17,0,NUMBER_LITERAL, 1.0, 1.0, 0.0, 0.0, 0.0, 1.0
0,NUMBER_LITERAL, line no: 18,coins,SIMPLE_NAME, 1.0, 1.0, 0.0, 0.0, 0.0, 1.0
0,NUMBER_LITERAL, line no: 18,total == 0,INFIX_EXPRESSION, 1.0, 1.0, 0.0, 0.0, 0.0, 1.0
0,NUMBER_LITERAL, line no: 18,total < 0,INFIX_EXPRESSION, 1.0, 1.0, 0.0, 0.0, 0.0, 1.0
0,NUMBER_LITERAL, line no: 18,rest,SIMPLE_NAME, 1.0, 1.0, 0.0, 0.0, 0.0, 1.0
0,NUMBER_LITERAL, line no: 18,Arrays.copyOfRange(coins 1 coins.length),METHOD_INVOCATION, 1.0, 1.0, 0.0, 0.0, 0.0, 1.0
0,NUMBER_LITERAL, line no: 18,Arrays,SIMPLE_NAME, 1.0, 1.0, 0.0, 0.0, 0.0, 1.0
0,NUMBER_LITERAL, line no: 18,copyOfRange,SIMPLE_NAME, 1.0, 1.0, 0.0, 0.0, 0.0, 1.0
first,SIMPLE_NAME, line no: 21,coins,SIMPLE_NAME, 1.0, 1.0, 0.0, 0.0, 0.0, 1.0
first,SIMPLE_NAME, line no: 21,rest,SIMPLE_NAME, 1.0, 1.0, 0.0, 0.0, 0.0, 1.0
first,SIMPLE_NAME, line no: 21,Arrays,SIMPLE_NAME, 1.0, 1.0, 0.0, 0.0, 0.0, 1.0
first,SIMPLE_NAME, line no: 21,copyOfRange,SIMPLE_NAME, 1.0, 1.0, 0.0, 0.0, 0.0, 1.0
coins[0],ARRAY_ACCESS, line no: 21,coins,SIMPLE_NAME, 1.0, 1.0, 0.0, 0.0, 0.0, 1.0
rest,SIMPLE_NAME, line no: 22,first,SIMPLE_NAME, 1.0, 1.0, 0.0, 0.0, 0.0, 1.0
rest,SIMPLE_NAME, line no: 22,Arrays,SIMPLE_NAME, 1.0, 1.0, 0.0, 0.0, 0.0, 1.0
rest,SIMPLE_NAME, line no: 22,length,SIMPLE_NAME, 1.0, 1.0, 0.0, 0.0, 0.0, 1.0
Arrays.copyOfRange(coins 1 coins.length),METHOD_INVOCATION, line no: 22,1,NUMBER_LITERAL, 1.0, 1.0, 0.0, 0.0, 0.0, 1.0
Arrays.copyOfRange(coins 1 coins.length),METHOD_INVOCATION, line no: 22,Arrays,SIMPLE_NAME, 1.0, 1.0, 0.0, 0.0, 0.0, 1.0
Arrays.copyOfRange(coins 1 coins.length),METHOD_INVOCATION, line no: 22,length,SIMPLE_NAME, 1.0, 1.0, 0.0, 0.0, 0.0, 1.0
Arrays,SIMPLE_NAME, line no: 22,coins,SIMPLE_NAME, 1.0, 1.0, 0.0, 0.0, 0.0, 1.0
Arrays,SIMPLE_NAME, line no: 22,copyOfRange,SIMPLE_NAME, 1.0, 1.0, 0.0, 0.0, 0.0, 1.0
Arrays,SIMPLE_NAME, line no: 22,length,SIMPLE_NAME, 1.0, 1.0, 0.0, 0.0, 0.0, 1.0
copyOfRange,SIMPLE_NAME, line no: 22,Arrays,SIMPLE_NAME, 1.0, 1.0, 0.0, 0.0, 0.0, 1.0
copyOfRange,SIMPLE_NAME, line no: 22,length,SIMPLE_NAME, 1.0, 1.0, 0.0, 0.0, 0.0, 1.0
coins,SIMPLE_NAME, line no: 22,Arrays,SIMPLE_NAME, 1.0, 1.0, 0.0, 0.0, 0.0, 1.0
coins,SIMPLE_NAME, line no: 22,length,SIMPLE_NAME, 1.0, 1.0, 0.0, 0.0, 0.0, 1.0
coins.length,QUALIFIED_NAME, line no: 22,coins,SIMPLE_NAME, 1.0, 1.0, 0.0, 0.0, 0.0, 1.0
coins,SIMPLE_NAME, line no: 22,length,SIMPLE_NAME, 1.0, 1.0, 0.0, 0.0, 0.0, 1.0
length,SIMPLE_NAME, line no: 22,coins,SIMPLE_NAME, 1.0, 1.0, 0.0, 0.0, 0.0, 1.0
possible_change(coins total - first) + possible_change(rest total),INFIX_EXPRESSION, line no: 23,coins,SIMPLE_NAME, 1.0, 1.0, 0.0, 0.0, 0.0, 1.0
possible_change(coins total - first) + possible_change(rest total),INFIX_EXPRESSION, line no: 23,rest,SIMPLE_NAME, 1.0, 1.0, 0.0, 0.0, 0.0, 1.0
possible_change(coins total - first),METHOD_INVOCATION, line no: 23,coins,SIMPLE_NAME, 1.0, 1.0, 0.0, 0.0, 0.0, 1.0
possible_change(coins total - first),METHOD_INVOCATION, line no: 23,rest,SIMPLE_NAME, 1.0, 1.0, 0.0, 0.0, 0.0, 1.0
possible_change,SIMPLE_NAME, line no: 23,coins,SIMPLE_NAME, 1.0, 1.0, 0.0, 0.0, 0.0, 1.0
possible_change,SIMPLE_NAME, line no: 23,rest,SIMPLE_NAME, 1.0, 1.0, 0.0, 0.0, 0.0, 1.0
coins,SIMPLE_NAME, line no: 23,possible_change,SIMPLE_NAME, 1.0, 1.0, 0.0, 0.0, 0.0, 1.0
coins,SIMPLE_NAME, line no: 23,total,SIMPLE_NAME, 1.0, 1.0, 0.0, 0.0, 0.0, 1.0
coins,SIMPLE_NAME, line no: 23,first,SIMPLE_NAME, 1.0, 1.0, 0.0, 0.0, 0.0, 1.0
possible_change(rest total),METHOD_INVOCATION, line no: 23,coins,SIMPLE_NAME, 1.0, 1.0, 0.0, 0.0, 0.0, 1.0
possible_change(rest total),METHOD_INVOCATION, line no: 23,rest,SIMPLE_NAME, 1.0, 1.0, 0.0, 0.0, 0.0, 1.0
possible_change,SIMPLE_NAME, line no: 23,coins,SIMPLE_NAME, 1.0, 1.0, 0.0, 0.0, 0.0, 1.0
possible_change,SIMPLE_NAME, line no: 23,rest,SIMPLE_NAME, 1.0, 1.0, 0.0, 0.0, 0.0, 1.0
rest,SIMPLE_NAME, line no: 23,possible_change,SIMPLE_NAME, 1.0, 1.0, 0.0, 0.0, 0.0, 1.0
rest,SIMPLE_NAME, line no: 23,total,SIMPLE_NAME, 1.0, 1.0, 0.0, 0.0, 0.0, 1.0
rest,SIMPLE_NAME, line no: 23,first,SIMPLE_NAME, 1.0, 1.0, 0.0, 0.0, 0.0, 1.0
total,SIMPLE_NAME, line no: 23,coins,SIMPLE_NAME, 1.0, 1.0, 0.0, 0.0, 0.0, 1.0
total,SIMPLE_NAME, line no: 23,rest,SIMPLE_NAME, 1.0, 1.0, 0.0, 0.0, 0.0, 1.0
coins,SIMPLE_NAME, line no: 22,Arrays,SIMPLE_NAME, 0.9772727272727273, 0.9772727272727273, 0.0, 0.0, 0.0, 1.0
coins,SIMPLE_NAME, line no: 22,coins.length,QUALIFIED_NAME, 0.9772727272727273, 0.9772727272727273, 0.0, 0.0, 0.0, 1.0
length,SIMPLE_NAME, line no: 22,Arrays,SIMPLE_NAME, 0.9772727272727273, 0.9772727272727273, 0.0, 0.0, 0.0, 1.0
length,SIMPLE_NAME, line no: 22,copyOfRange,SIMPLE_NAME, 0.9772727272727273, 0.9772727272727273, 0.0, 0.0, 0.0, 1.0
total,SIMPLE_NAME, line no: 23,coins,SIMPLE_NAME, 0.9772727272727273, 0.9772727272727273, 0.0, 0.0, 0.0, 1.0
total,SIMPLE_NAME, line no: 23,rest,SIMPLE_NAME, 0.9772727272727273, 0.9772727272727273, 0.0, 0.0, 0.0, 1.0
first,SIMPLE_NAME, line no: 23,coins,SIMPLE_NAME, 0.9772727272727273, 0.9772727272727273, 0.0, 0.0, 0.0, 1.0
first,SIMPLE_NAME, line no: 23,rest,SIMPLE_NAME, 0.9772727272727273, 0.9772727272727273, 0.0, 0.0, 0.0, 1.0
coins,SIMPLE_NAME, line no: 21,0,NUMBER_LITERAL, 0.9767441860465116, 0.9767441860465116, 0.0, 0.0, 0.0, 1.0
coins,SIMPLE_NAME, line no: 21,first,SIMPLE_NAME, 0.9767441860465116, 0.9767441860465116, 0.0, 0.0, 0.0, 1.0
coins,SIMPLE_NAME, line no: 21,coins[0],ARRAY_ACCESS, 0.9767441860465116, 0.9767441860465116, 0.0, 0.0, 0.0, 1.0
coins,SIMPLE_NAME, line no: 21,Arrays,SIMPLE_NAME, 0.9767441860465116, 0.9767441860465116, 0.0, 0.0, 0.0, 1.0
coins,SIMPLE_NAME, line no: 21,length,SIMPLE_NAME, 0.9767441860465116, 0.9767441860465116, 0.0, 0.0, 0.0, 1.0
0,NUMBER_LITERAL, line no: 21,coins,SIMPLE_NAME, 0.9767441860465116, 0.9767441860465116, 0.0, 0.0, 0.0, 1.0
Arrays,SIMPLE_NAME, line no: 22,1,NUMBER_LITERAL, 0.9767441860465116, 0.9767441860465116, 0.0, 0.0, 0.0, 1.0
Arrays,SIMPLE_NAME, line no: 22,first,SIMPLE_NAME, 0.9767441860465116, 0.9767441860465116, 0.0, 0.0, 0.0, 1.0
Arrays,SIMPLE_NAME, line no: 22,rest,SIMPLE_NAME, 0.9767441860465116, 0.9767441860465116, 0.0, 0.0, 0.0, 1.0
Arrays,SIMPLE_NAME, line no: 22,Arrays.copyOfRange(coins 1 coins.length),METHOD_INVOCATION, 0.9767441860465116, 0.9767441860465116, 0.0, 0.0, 0.0, 1.0
Arrays,SIMPLE_NAME, line no: 22,coins.length,QUALIFIED_NAME, 0.9767441860465116, 0.9767441860465116, 0.0, 0.0, 0.0, 1.0
copyOfRange,SIMPLE_NAME, line no: 22,1,NUMBER_LITERAL, 0.9767441860465116, 0.9767441860465116, 0.0, 0.0, 0.0, 1.0
copyOfRange,SIMPLE_NAME, line no: 22,first,SIMPLE_NAME, 0.9767441860465116, 0.9767441860465116, 0.0, 0.0, 0.0, 1.0
copyOfRange,SIMPLE_NAME, line no: 22,coins.length,QUALIFIED_NAME, 0.9767441860465116, 0.9767441860465116, 0.0, 0.0, 0.0, 1.0
coins,SIMPLE_NAME, line no: 22,1,NUMBER_LITERAL, 0.9767441860465116, 0.9767441860465116, 0.0, 0.0, 0.0, 1.0
coins,SIMPLE_NAME, line no: 22,first,SIMPLE_NAME, 0.9767441860465116, 0.9767441860465116, 0.0, 0.0, 0.0, 1.0
coins,SIMPLE_NAME, line no: 22,coins.length,QUALIFIED_NAME, 0.9767441860465116, 0.9767441860465116, 0.0, 0.0, 0.0, 1.0
1,NUMBER_LITERAL, line no: 22,coins,SIMPLE_NAME, 0.9767441860465116, 0.9767441860465116, 0.0, 0.0, 0.0, 1.0
1,NUMBER_LITERAL, line no: 22,Arrays.copyOfRange(coins 1 coins.length),METHOD_INVOCATION, 0.9767441860465116, 0.9767441860465116, 0.0, 0.0, 0.0, 1.0
1,NUMBER_LITERAL, line no: 22,Arrays,SIMPLE_NAME, 0.9767441860465116, 0.9767441860465116, 0.0, 0.0, 0.0, 1.0
1,NUMBER_LITERAL, line no: 22,copyOfRange,SIMPLE_NAME, 0.9767441860465116, 0.9767441860465116, 0.0, 0.0, 0.0, 1.0
coins.length,QUALIFIED_NAME, line no: 22,Arrays,SIMPLE_NAME, 0.9767441860465116, 0.9767441860465116, 0.0, 0.0, 0.0, 1.0
coins.length,QUALIFIED_NAME, line no: 22,copyOfRange,SIMPLE_NAME, 0.9767441860465116, 0.9767441860465116, 0.0, 0.0, 0.0, 1.0
coins,SIMPLE_NAME, line no: 23,possible_change(coins total - first),METHOD_INVOCATION, 0.9767441860465116, 0.9767441860465116, 0.0, 0.0, 0.0, 1.0
coins,SIMPLE_NAME, line no: 23,total - first,INFIX_EXPRESSION, 0.9767441860465116, 0.9767441860465116, 0.0, 0.0, 0.0, 1.0
coins,SIMPLE_NAME, line no: 23,possible_change(rest total),METHOD_INVOCATION, 0.9767441860465116, 0.9767441860465116, 0.0, 0.0, 0.0, 1.0
total - first,INFIX_EXPRESSION, line no: 23,coins,SIMPLE_NAME, 0.9767441860465116, 0.9767441860465116, 0.0, 0.0, 0.0, 1.0
total - first,INFIX_EXPRESSION, line no: 23,rest,SIMPLE_NAME, 0.9767441860465116, 0.9767441860465116, 0.0, 0.0, 0.0, 1.0
rest,SIMPLE_NAME, line no: 23,possible_change(coins total - first),METHOD_INVOCATION, 0.9767441860465116, 0.9767441860465116, 0.0, 0.0, 0.0, 1.0
rest,SIMPLE_NAME, line no: 23,total - first,INFIX_EXPRESSION, 0.9767441860465116, 0.9767441860465116, 0.0, 0.0, 0.0, 1.0
rest,SIMPLE_NAME, line no: 23,possible_change(rest total),METHOD_INVOCATION, 0.9767441860465116, 0.9767441860465116, 0.0, 0.0, 0.0, 1.0
total,SIMPLE_NAME, line no: 14,coins,SIMPLE_NAME, 0.9761904761904762, 0.9761904761904762, 0.0, 0.0, 0.0, 1.0
total,SIMPLE_NAME, line no: 14,total == 0,INFIX_EXPRESSION, 0.9761904761904762, 0.9761904761904762, 0.0, 0.0, 0.0, 1.0
total,SIMPLE_NAME, line no: 14,total < 0,INFIX_EXPRESSION, 0.9761904761904762, 0.9761904761904762, 0.0, 0.0, 0.0, 1.0
total,SIMPLE_NAME, line no: 14,rest,SIMPLE_NAME, 0.9761904761904762, 0.9761904761904762, 0.0, 0.0, 0.0, 1.0
0,NUMBER_LITERAL, line no: 14,total == 0,INFIX_EXPRESSION, 0.9761904761904762, 0.9761904761904762, 0.0, 0.0, 0.0, 1.0
0,NUMBER_LITERAL, line no: 14,total < 0,INFIX_EXPRESSION, 0.9761904761904762, 0.9761904761904762, 0.0, 0.0, 0.0, 1.0
total,SIMPLE_NAME, line no: 17,coins,SIMPLE_NAME, 0.9761904761904762, 0.9761904761904762, 0.0, 0.0, 0.0, 1.0
total,SIMPLE_NAME, line no: 17,total == 0,INFIX_EXPRESSION, 0.9761904761904762, 0.9761904761904762, 0.0, 0.0, 0.0, 1.0
total,SIMPLE_NAME, line no: 17,total < 0,INFIX_EXPRESSION, 0.9761904761904762, 0.9761904761904762, 0.0, 0.0, 0.0, 1.0
total,SIMPLE_NAME, line no: 17,rest,SIMPLE_NAME, 0.9761904761904762, 0.9761904761904762, 0.0, 0.0, 0.0, 1.0
0,NUMBER_LITERAL, line no: 17,total == 0,INFIX_EXPRESSION, 0.9761904761904762, 0.9761904761904762, 0.0, 0.0, 0.0, 1.0
0,NUMBER_LITERAL, line no: 17,total < 0,INFIX_EXPRESSION, 0.9761904761904762, 0.9761904761904762, 0.0, 0.0, 0.0, 1.0
first,SIMPLE_NAME, line no: 21,Arrays.copyOfRange(coins 1 coins.length),METHOD_INVOCATION, 0.9761904761904762, 0.9761904761904762, 0.0, 0.0, 0.0, 1.0
coins[0],ARRAY_ACCESS, line no: 21,rest,SIMPLE_NAME, 0.9761904761904762, 0.9761904761904762, 0.0, 0.0, 0.0, 1.0
coins[0],ARRAY_ACCESS, line no: 21,Arrays,SIMPLE_NAME, 0.9761904761904762, 0.9761904761904762, 0.0, 0.0, 0.0, 1.0
coins[0],ARRAY_ACCESS, line no: 21,copyOfRange,SIMPLE_NAME, 0.9761904761904762, 0.9761904761904762, 0.0, 0.0, 0.0, 1.0
rest,SIMPLE_NAME, line no: 22,0,NUMBER_LITERAL, 0.9761904761904762, 0.9761904761904762, 0.0, 0.0, 0.0, 1.0
rest,SIMPLE_NAME, line no: 22,1,NUMBER_LITERAL, 0.9761904761904762, 0.9761904761904762, 0.0, 0.0, 0.0, 1.0
rest,SIMPLE_NAME, line no: 22,coins[0],ARRAY_ACCESS, 0.9761904761904762, 0.9761904761904762, 0.0, 0.0, 0.0, 1.0
rest,SIMPLE_NAME, line no: 22,coins.length,QUALIFIED_NAME, 0.9761904761904762, 0.9761904761904762, 0.0, 0.0, 0.0, 1.0
Arrays.copyOfRange(coins 1 coins.length),METHOD_INVOCATION, line no: 22,0,NUMBER_LITERAL, 0.9761904761904762, 0.9761904761904762, 0.0, 0.0, 0.0, 1.0
Arrays.copyOfRange(coins 1 coins.length),METHOD_INVOCATION, line no: 22,first,SIMPLE_NAME, 0.9761904761904762, 0.9761904761904762, 0.0, 0.0, 0.0, 1.0
total == 0,INFIX_EXPRESSION, line no: 14,possible_change,SIMPLE_NAME, 0.975609756097561, 0.975609756097561, 0.0, 0.0, 0.0, 1.0
total == 0,INFIX_EXPRESSION, line no: 14,coins,SIMPLE_NAME, 0.975609756097561, 0.975609756097561, 0.0, 0.0, 0.0, 1.0
total == 0,INFIX_EXPRESSION, line no: 14,first,SIMPLE_NAME, 0.975609756097561, 0.975609756097561, 0.0, 0.0, 0.0, 1.0
total == 0,INFIX_EXPRESSION, line no: 14,rest,SIMPLE_NAME, 0.975609756097561, 0.975609756097561, 0.0, 0.0, 0.0, 1.0
total < 0,INFIX_EXPRESSION, line no: 17,possible_change,SIMPLE_NAME, 0.975609756097561, 0.975609756097561, 0.0, 0.0, 0.0, 1.0
total < 0,INFIX_EXPRESSION, line no: 17,coins,SIMPLE_NAME, 0.975609756097561, 0.975609756097561, 0.0, 0.0, 0.0, 1.0
total < 0,INFIX_EXPRESSION, line no: 17,first,SIMPLE_NAME, 0.975609756097561, 0.975609756097561, 0.0, 0.0, 0.0, 1.0
total < 0,INFIX_EXPRESSION, line no: 17,rest,SIMPLE_NAME, 0.975609756097561, 0.975609756097561, 0.0, 0.0, 0.0, 1.0
coins,SIMPLE_NAME, line no: 22,1,NUMBER_LITERAL, 0.9545454545454546, 0.9545454545454546, 0.0, 0.0, 0.0, 1.0
coins,SIMPLE_NAME, line no: 22,first,SIMPLE_NAME, 0.9545454545454546, 0.9545454545454546, 0.0, 0.0, 0.0, 1.0
length,SIMPLE_NAME, line no: 22,rest,SIMPLE_NAME, 0.9545454545454546, 0.9545454545454546, 0.0, 0.0, 0.0, 1.0
length,SIMPLE_NAME, line no: 22,Arrays.copyOfRange(coins 1 coins.length),METHOD_INVOCATION, 0.9545454545454546, 0.9545454545454546, 0.0, 0.0, 0.0, 1.0
coins,SIMPLE_NAME, line no: 21,1,NUMBER_LITERAL, 0.9534883720930233, 0.9534883720930233, 0.0, 0.0, 0.0, 1.0
coins,SIMPLE_NAME, line no: 21,coins.length,QUALIFIED_NAME, 0.9534883720930233, 0.9534883720930233, 0.0, 0.0, 0.0, 1.0
0,NUMBER_LITERAL, line no: 21,rest,SIMPLE_NAME, 0.9534883720930233, 0.9534883720930233, 0.0, 0.0, 0.0, 1.0
0,NUMBER_LITERAL, line no: 21,Arrays.copyOfRange(coins 1 coins.length),METHOD_INVOCATION, 0.9534883720930233, 0.9534883720930233, 0.0, 0.0, 0.0, 1.0
0,NUMBER_LITERAL, line no: 21,Arrays,SIMPLE_NAME, 0.9534883720930233, 0.9534883720930233, 0.0, 0.0, 0.0, 1.0
0,NUMBER_LITERAL, line no: 21,copyOfRange,SIMPLE_NAME, 0.9534883720930233, 0.9534883720930233, 0.0, 0.0, 0.0, 1.0
Arrays,SIMPLE_NAME, line no: 22,possible_change,SIMPLE_NAME, 0.9534883720930233, 0.9534883720930233, 0.0, 0.0, 0.0, 1.0
Arrays,SIMPLE_NAME, line no: 22,total,SIMPLE_NAME, 0.9534883720930233, 0.9534883720930233, 0.0, 0.0, 0.0, 1.0
Arrays,SIMPLE_NAME, line no: 22,0,NUMBER_LITERAL, 0.9534883720930233, 0.9534883720930233, 0.0, 0.0, 0.0, 1.0
Arrays,SIMPLE_NAME, line no: 22,coins[0],ARRAY_ACCESS, 0.9534883720930233, 0.9534883720930233, 0.0, 0.0, 0.0, 1.0
copyOfRange,SIMPLE_NAME, line no: 22,possible_change,SIMPLE_NAME, 0.9534883720930233, 0.9534883720930233, 0.0, 0.0, 0.0, 1.0
copyOfRange,SIMPLE_NAME, line no: 22,total,SIMPLE_NAME, 0.9534883720930233, 0.9534883720930233, 0.0, 0.0, 0.0, 1.0
copyOfRange,SIMPLE_NAME, line no: 22,0,NUMBER_LITERAL, 0.9534883720930233, 0.9534883720930233, 0.0, 0.0, 0.0, 1.0
copyOfRange,SIMPLE_NAME, line no: 22,coins[0],ARRAY_ACCESS, 0.9534883720930233, 0.9534883720930233, 0.0, 0.0, 0.0, 1.0
coins,SIMPLE_NAME, line no: 22,possible_change,SIMPLE_NAME, 0.9534883720930233, 0.9534883720930233, 0.0, 0.0, 0.0, 1.0
coins,SIMPLE_NAME, line no: 22,total,SIMPLE_NAME, 0.9534883720930233, 0.9534883720930233, 0.0, 0.0, 0.0, 1.0
coins,SIMPLE_NAME, line no: 22,0,NUMBER_LITERAL, 0.9534883720930233, 0.9534883720930233, 0.0, 0.0, 0.0, 1.0
coins,SIMPLE_NAME, line no: 22,coins[0],ARRAY_ACCESS, 0.9534883720930233, 0.9534883720930233, 0.0, 0.0, 0.0, 1.0
1,NUMBER_LITERAL, line no: 22,rest,SIMPLE_NAME, 0.9534883720930233, 0.9534883720930233, 0.0, 0.0, 0.0, 1.0
coins.length,QUALIFIED_NAME, line no: 22,rest,SIMPLE_NAME, 0.9534883720930233, 0.9534883720930233, 0.0, 0.0, 0.0, 1.0
possible_change,SIMPLE_NAME, line no: 23,Arrays,SIMPLE_NAME, 0.9534883720930233, 0.9534883720930233, 0.0, 0.0, 0.0, 1.0
possible_change,SIMPLE_NAME, line no: 23,copyOfRange,SIMPLE_NAME, 0.9534883720930233, 0.9534883720930233, 0.0, 0.0, 0.0, 1.0
coins,SIMPLE_NAME, line no: 23,Arrays,SIMPLE_NAME, 0.9534883720930233, 0.9534883720930233, 0.0, 0.0, 0.0, 1.0
coins,SIMPLE_NAME, line no: 23,length,SIMPLE_NAME, 0.9534883720930233, 0.9534883720930233, 0.0, 0.0, 0.0, 1.0
coins,SIMPLE_NAME, line no: 23,possible_change(coins total - first) + possible_change(rest total),INFIX_EXPRESSION, 0.9534883720930233, 0.9534883720930233, 0.0, 0.0, 0.0, 1.0
possible_change,SIMPLE_NAME, line no: 23,Arrays,SIMPLE_NAME, 0.9534883720930233, 0.9534883720930233, 0.0, 0.0, 0.0, 1.0
possible_change,SIMPLE_NAME, line no: 23,copyOfRange,SIMPLE_NAME, 0.9534883720930233, 0.9534883720930233, 0.0, 0.0, 0.0, 1.0
rest,SIMPLE_NAME, line no: 23,Arrays,SIMPLE_NAME, 0.9534883720930233, 0.9534883720930233, 0.0, 0.0, 0.0, 1.0
rest,SIMPLE_NAME, line no: 23,length,SIMPLE_NAME, 0.9534883720930233, 0.9534883720930233, 0.0, 0.0, 0.0, 1.0
rest,SIMPLE_NAME, line no: 23,possible_change(coins total - first) + possible_change(rest total),INFIX_EXPRESSION, 0.9534883720930233, 0.9534883720930233, 0.0, 0.0, 0.0, 1.0
total,SIMPLE_NAME, line no: 23,Arrays,SIMPLE_NAME, 0.9534883720930233, 0.9534883720930233, 0.0, 0.0, 0.0, 1.0
total,SIMPLE_NAME, line no: 23,copyOfRange,SIMPLE_NAME, 0.9534883720930233, 0.9534883720930233, 0.0, 0.0, 0.0, 1.0
total,SIMPLE_NAME, line no: 14,Arrays,SIMPLE_NAME, 0.9523809523809523, 0.9523809523809523, 0.0, 0.0, 0.0, 1.0
total,SIMPLE_NAME, line no: 14,copyOfRange,SIMPLE_NAME, 0.9523809523809523, 0.9523809523809523, 0.0, 0.0, 0.0, 1.0
0,NUMBER_LITERAL, line no: 14,coins,SIMPLE_NAME, 0.9523809523809523, 0.9523809523809523, 0.0, 0.0, 0.0, 1.0
0,NUMBER_LITERAL, line no: 14,rest,SIMPLE_NAME, 0.9523809523809523, 0.9523809523809523, 0.0, 0.0, 0.0, 1.0
total,SIMPLE_NAME, line no: 17,Arrays,SIMPLE_NAME, 0.9523809523809523, 0.9523809523809523, 0.0, 0.0, 0.0, 1.0
total,SIMPLE_NAME, line no: 17,copyOfRange,SIMPLE_NAME, 0.9523809523809523, 0.9523809523809523, 0.0, 0.0, 0.0, 1.0
0,NUMBER_LITERAL, line no: 17,coins,SIMPLE_NAME, 0.9523809523809523, 0.9523809523809523, 0.0, 0.0, 0.0, 1.0
0,NUMBER_LITERAL, line no: 17,rest,SIMPLE_NAME, 0.9523809523809523, 0.9523809523809523, 0.0, 0.0, 0.0, 1.0
rest,SIMPLE_NAME, line no: 22,possible_change,SIMPLE_NAME, 0.9523809523809523, 0.9523809523809523, 0.0, 0.0, 0.0, 1.0
rest,SIMPLE_NAME, line no: 22,total,SIMPLE_NAME, 0.9523809523809523, 0.9523809523809523, 0.0, 0.0, 0.0, 1.0
Arrays.copyOfRange(coins 1 coins.length),METHOD_INVOCATION, line no: 22,possible_change,SIMPLE_NAME, 0.9523809523809523, 0.9523809523809523, 0.0, 0.0, 0.0, 1.0
Arrays.copyOfRange(coins 1 coins.length),METHOD_INVOCATION, line no: 22,total,SIMPLE_NAME, 0.9523809523809523, 0.9523809523809523, 0.0, 0.0, 0.0, 1.0
Arrays.copyOfRange(coins 1 coins.length),METHOD_INVOCATION, line no: 22,total - first,INFIX_EXPRESSION, 0.9523809523809523, 0.9523809523809523, 0.0, 0.0, 0.0, 1.0
Arrays.copyOfRange(coins 1 coins.length),METHOD_INVOCATION, line no: 22,possible_change(rest total),METHOD_INVOCATION, 0.9523809523809523, 0.9523809523809523, 0.0, 0.0, 0.0, 1.0
possible_change(coins total - first),METHOD_INVOCATION, line no: 23,Arrays,SIMPLE_NAME, 0.9523809523809523, 0.9523809523809523, 0.0, 0.0, 0.0, 1.0
possible_change(coins total - first),METHOD_INVOCATION, line no: 23,copyOfRange,SIMPLE_NAME, 0.9523809523809523, 0.9523809523809523, 0.0, 0.0, 0.0, 1.0
possible_change(rest total),METHOD_INVOCATION, line no: 23,Arrays.copyOfRange(coins 1 coins.length),METHOD_INVOCATION, 0.9523809523809523, 0.9523809523809523, 0.0, 0.0, 0.0, 1.0
possible_change(rest total),METHOD_INVOCATION, line no: 23,Arrays,SIMPLE_NAME, 0.9523809523809523, 0.9523809523809523, 0.0, 0.0, 0.0, 1.0
possible_change(rest total),METHOD_INVOCATION, line no: 23,copyOfRange,SIMPLE_NAME, 0.9523809523809523, 0.9523809523809523, 0.0, 0.0, 0.0, 1.0
possible_change(rest total),METHOD_INVOCATION, line no: 23,coins.length,QUALIFIED_NAME, 0.9523809523809523, 0.9523809523809523, 0.0, 0.0, 0.0, 1.0
total == 0,INFIX_EXPRESSION, line no: 14,1,NUMBER_LITERAL, 0.9512195121951219, 0.9512195121951219, 0.0, 0.0, 0.0, 1.0
total == 0,INFIX_EXPRESSION, line no: 14,coins[0],ARRAY_ACCESS, 0.9512195121951219, 0.9512195121951219, 0.0, 0.0, 0.0, 1.0
total == 0,INFIX_EXPRESSION, line no: 14,Arrays.copyOfRange(coins 1 coins.length),METHOD_INVOCATION, 0.9512195121951219, 0.9512195121951219, 0.0, 0.0, 0.0, 1.0
total == 0,INFIX_EXPRESSION, line no: 14,Arrays,SIMPLE_NAME, 0.9512195121951219, 0.9512195121951219, 0.0, 0.0, 0.0, 1.0
total == 0,INFIX_EXPRESSION, line no: 14,copyOfRange,SIMPLE_NAME, 0.9512195121951219, 0.9512195121951219, 0.0, 0.0, 0.0, 1.0
total == 0,INFIX_EXPRESSION, line no: 14,coins.length,QUALIFIED_NAME, 0.9512195121951219, 0.9512195121951219, 0.0, 0.0, 0.0, 1.0
total == 0,INFIX_EXPRESSION, line no: 14,length,SIMPLE_NAME, 0.9512195121951219, 0.9512195121951219, 0.0, 0.0, 0.0, 1.0
total < 0,INFIX_EXPRESSION, line no: 17,1,NUMBER_LITERAL, 0.9512195121951219, 0.9512195121951219, 0.0, 0.0, 0.0, 1.0
total < 0,INFIX_EXPRESSION, line no: 17,coins[0],ARRAY_ACCESS, 0.9512195121951219, 0.9512195121951219, 0.0, 0.0, 0.0, 1.0
total < 0,INFIX_EXPRESSION, line no: 17,Arrays.copyOfRange(coins 1 coins.length),METHOD_INVOCATION, 0.9512195121951219, 0.9512195121951219, 0.0, 0.0, 0.0, 1.0
total < 0,INFIX_EXPRESSION, line no: 17,Arrays,SIMPLE_NAME, 0.9512195121951219, 0.9512195121951219, 0.0, 0.0, 0.0, 1.0
total < 0,INFIX_EXPRESSION, line no: 17,copyOfRange,SIMPLE_NAME, 0.9512195121951219, 0.9512195121951219, 0.0, 0.0, 0.0, 1.0
total < 0,INFIX_EXPRESSION, line no: 17,coins.length,QUALIFIED_NAME, 0.9512195121951219, 0.9512195121951219, 0.0, 0.0, 0.0, 1.0
total < 0,INFIX_EXPRESSION, line no: 17,length,SIMPLE_NAME, 0.9512195121951219, 0.9512195121951219, 0.0, 0.0, 0.0, 1.0
possible_change(coins total - first) + possible_change(rest total),INFIX_EXPRESSION, line no: 23,Arrays,SIMPLE_NAME, 0.9512195121951219, 0.9512195121951219, 0.0, 0.0, 0.0, 1.0
possible_change(coins total - first) + possible_change(rest total),INFIX_EXPRESSION, line no: 23,copyOfRange,SIMPLE_NAME, 0.9512195121951219, 0.9512195121951219, 0.0, 0.0, 0.0, 1.0
1,NUMBER_LITERAL, line no: 15,coins,SIMPLE_NAME, 0.9428090415820635, 1.0, 0.0, 0.0, 0.0, 0.9428090415820635
1,NUMBER_LITERAL, line no: 15,total == 0,INFIX_EXPRESSION, 0.9428090415820635, 1.0, 0.0, 0.0, 0.0, 0.9428090415820635
1,NUMBER_LITERAL, line no: 15,total < 0,INFIX_EXPRESSION, 0.9428090415820635, 1.0, 0.0, 0.0, 0.0, 0.9428090415820635
1,NUMBER_LITERAL, line no: 15,rest,SIMPLE_NAME, 0.9428090415820635, 1.0, 0.0, 0.0, 0.0, 0.9428090415820635
1,NUMBER_LITERAL, line no: 15,Arrays.copyOfRange(coins 1 coins.length),METHOD_INVOCATION, 0.9428090415820635, 1.0, 0.0, 0.0, 0.0, 0.9428090415820635
1,NUMBER_LITERAL, line no: 15,Arrays,SIMPLE_NAME, 0.9428090415820635, 1.0, 0.0, 0.0, 0.0, 0.9428090415820635
1,NUMBER_LITERAL, line no: 15,copyOfRange,SIMPLE_NAME, 0.9428090415820635, 1.0, 0.0, 0.0, 0.0, 0.9428090415820635
coins,SIMPLE_NAME, line no: 22,possible_change,SIMPLE_NAME, 0.9318181818181818, 0.9318181818181818, 0.0, 0.0, 0.0, 1.0
coins,SIMPLE_NAME, line no: 22,total,SIMPLE_NAME, 0.9318181818181818, 0.9318181818181818, 0.0, 0.0, 0.0, 1.0
coins,SIMPLE_NAME, line no: 22,0,NUMBER_LITERAL, 0.9318181818181818, 0.9318181818181818, 0.0, 0.0, 0.0, 1.0
coins,SIMPLE_NAME, line no: 22,coins[0],ARRAY_ACCESS, 0.9318181818181818, 0.9318181818181818, 0.0, 0.0, 0.0, 1.0
total,SIMPLE_NAME, line no: 23,Arrays,SIMPLE_NAME, 0.9318181818181818, 0.9318181818181818, 0.0, 0.0, 0.0, 1.0
total,SIMPLE_NAME, line no: 23,copyOfRange,SIMPLE_NAME, 0.9318181818181818, 0.9318181818181818, 0.0, 0.0, 0.0, 1.0
first,SIMPLE_NAME, line no: 23,Arrays,SIMPLE_NAME, 0.9318181818181818, 0.9318181818181818, 0.0, 0.0, 0.0, 1.0
first,SIMPLE_NAME, line no: 23,copyOfRange,SIMPLE_NAME, 0.9318181818181818, 0.9318181818181818, 0.0, 0.0, 0.0, 1.0
coins,SIMPLE_NAME, line no: 21,possible_change,SIMPLE_NAME, 0.9302325581395349, 0.9302325581395349, 0.0, 0.0, 0.0, 1.0
coins,SIMPLE_NAME, line no: 21,total,SIMPLE_NAME, 0.9302325581395349, 0.9302325581395349, 0.0, 0.0, 0.0, 1.0
Arrays,SIMPLE_NAME, line no: 22,possible_change(coins total - first),METHOD_INVOCATION, 0.9302325581395349, 0.9302325581395349, 0.0, 0.0, 0.0, 1.0
Arrays,SIMPLE_NAME, line no: 22,total - first,INFIX_EXPRESSION, 0.9302325581395349, 0.9302325581395349, 0.0, 0.0, 0.0, 1.0
Arrays,SIMPLE_NAME, line no: 22,possible_change(rest total),METHOD_INVOCATION, 0.9302325581395349, 0.9302325581395349, 0.0, 0.0, 0.0, 1.0
copyOfRange,SIMPLE_NAME, line no: 22,possible_change(coins total - first),METHOD_INVOCATION, 0.9302325581395349, 0.9302325581395349, 0.0, 0.0, 0.0, 1.0
copyOfRange,SIMPLE_NAME, line no: 22,total - first,INFIX_EXPRESSION, 0.9302325581395349, 0.9302325581395349, 0.0, 0.0, 0.0, 1.0
copyOfRange,SIMPLE_NAME, line no: 22,possible_change(rest total),METHOD_INVOCATION, 0.9302325581395349, 0.9302325581395349, 0.0, 0.0, 0.0, 1.0
coins,SIMPLE_NAME, line no: 22,possible_change(coins total - first),METHOD_INVOCATION, 0.9302325581395349, 0.9302325581395349, 0.0, 0.0, 0.0, 1.0
coins,SIMPLE_NAME, line no: 22,total - first,INFIX_EXPRESSION, 0.9302325581395349, 0.9302325581395349, 0.0, 0.0, 0.0, 1.0
coins,SIMPLE_NAME, line no: 22,possible_change(rest total),METHOD_INVOCATION, 0.9302325581395349, 0.9302325581395349, 0.0, 0.0, 0.0, 1.0
coins.length,QUALIFIED_NAME, line no: 22,total - first,INFIX_EXPRESSION, 0.9302325581395349, 0.9302325581395349, 0.0, 0.0, 0.0, 1.0
coins.length,QUALIFIED_NAME, line no: 22,possible_change(rest total),METHOD_INVOCATION, 0.9302325581395349, 0.9302325581395349, 0.0, 0.0, 0.0, 1.0
possible_change,SIMPLE_NAME, line no: 23,total == 0,INFIX_EXPRESSION, 0.9302325581395349, 0.9302325581395349, 0.0, 0.0, 0.0, 1.0
possible_change,SIMPLE_NAME, line no: 23,total < 0,INFIX_EXPRESSION, 0.9302325581395349, 0.9302325581395349, 0.0, 0.0, 0.0, 1.0
possible_change,SIMPLE_NAME, line no: 23,Arrays.copyOfRange(coins 1 coins.length),METHOD_INVOCATION, 0.9302325581395349, 0.9302325581395349, 0.0, 0.0, 0.0, 1.0
coins,SIMPLE_NAME, line no: 23,total == 0,INFIX_EXPRESSION, 0.9302325581395349, 0.9302325581395349, 0.0, 0.0, 0.0, 1.0
coins,SIMPLE_NAME, line no: 23,0,NUMBER_LITERAL, 0.9302325581395349, 0.9302325581395349, 0.0, 0.0, 0.0, 1.0
coins,SIMPLE_NAME, line no: 23,1,NUMBER_LITERAL, 0.9302325581395349, 0.9302325581395349, 0.0, 0.0, 0.0, 1.0
coins,SIMPLE_NAME, line no: 23,total < 0,INFIX_EXPRESSION, 0.9302325581395349, 0.9302325581395349, 0.0, 0.0, 0.0, 1.0
coins,SIMPLE_NAME, line no: 23,coins.length,QUALIFIED_NAME, 0.9302325581395349, 0.9302325581395349, 0.0, 0.0, 0.0, 1.0
total - first,INFIX_EXPRESSION, line no: 23,Arrays.copyOfRange(coins 1 coins.length),METHOD_INVOCATION, 0.9302325581395349, 0.9302325581395349, 0.0, 0.0, 0.0, 1.0
total - first,INFIX_EXPRESSION, line no: 23,Arrays,SIMPLE_NAME, 0.9302325581395349, 0.9302325581395349, 0.0, 0.0, 0.0, 1.0
total - first,INFIX_EXPRESSION, line no: 23,copyOfRange,SIMPLE_NAME, 0.9302325581395349, 0.9302325581395349, 0.0, 0.0, 0.0, 1.0
total - first,INFIX_EXPRESSION, line no: 23,coins.length,QUALIFIED_NAME, 0.9302325581395349, 0.9302325581395349, 0.0, 0.0, 0.0, 1.0
possible_change,SIMPLE_NAME, line no: 23,total == 0,INFIX_EXPRESSION, 0.9302325581395349, 0.9302325581395349, 0.0, 0.0, 0.0, 1.0
possible_change,SIMPLE_NAME, line no: 23,total < 0,INFIX_EXPRESSION, 0.9302325581395349, 0.9302325581395349, 0.0, 0.0, 0.0, 1.0
possible_change,SIMPLE_NAME, line no: 23,Arrays.copyOfRange(coins 1 coins.length),METHOD_INVOCATION, 0.9302325581395349, 0.9302325581395349, 0.0, 0.0, 0.0, 1.0
rest,SIMPLE_NAME, line no: 23,total == 0,INFIX_EXPRESSION, 0.9302325581395349, 0.9302325581395349, 0.0, 0.0, 0.0, 1.0
rest,SIMPLE_NAME, line no: 23,0,NUMBER_LITERAL, 0.9302325581395349, 0.9302325581395349, 0.0, 0.0, 0.0, 1.0
rest,SIMPLE_NAME, line no: 23,1,NUMBER_LITERAL, 0.9302325581395349, 0.9302325581395349, 0.0, 0.0, 0.0, 1.0
rest,SIMPLE_NAME, line no: 23,total < 0,INFIX_EXPRESSION, 0.9302325581395349, 0.9302325581395349, 0.0, 0.0, 0.0, 1.0
rest,SIMPLE_NAME, line no: 23,coins.length,QUALIFIED_NAME, 0.9302325581395349, 0.9302325581395349, 0.0, 0.0, 0.0, 1.0
total,SIMPLE_NAME, line no: 23,total == 0,INFIX_EXPRESSION, 0.9302325581395349, 0.9302325581395349, 0.0, 0.0, 0.0, 1.0
total,SIMPLE_NAME, line no: 23,total < 0,INFIX_EXPRESSION, 0.9302325581395349, 0.9302325581395349, 0.0, 0.0, 0.0, 1.0
total,SIMPLE_NAME, line no: 23,Arrays.copyOfRange(coins 1 coins.length),METHOD_INVOCATION, 0.9302325581395349, 0.9302325581395349, 0.0, 0.0, 0.0, 1.0
total,SIMPLE_NAME, line no: 14,Arrays.copyOfRange(coins 1 coins.length),METHOD_INVOCATION, 0.9285714285714286, 0.9285714285714286, 0.0, 0.0, 0.0, 1.0
0,NUMBER_LITERAL, line no: 14,Arrays.copyOfRange(coins 1 coins.length),METHOD_INVOCATION, 0.9285714285714286, 0.9285714285714286, 0.0, 0.0, 0.0, 1.0
0,NUMBER_LITERAL, line no: 14,Arrays,SIMPLE_NAME, 0.9285714285714286, 0.9285714285714286, 0.0, 0.0, 0.0, 1.0
0,NUMBER_LITERAL, line no: 14,copyOfRange,SIMPLE_NAME, 0.9285714285714286, 0.9285714285714286, 0.0, 0.0, 0.0, 1.0
total,SIMPLE_NAME, line no: 17,Arrays.copyOfRange(coins 1 coins.length),METHOD_INVOCATION, 0.9285714285714286, 0.9285714285714286, 0.0, 0.0, 0.0, 1.0
0,NUMBER_LITERAL, line no: 17,Arrays.copyOfRange(coins 1 coins.length),METHOD_INVOCATION, 0.9285714285714286, 0.9285714285714286, 0.0, 0.0, 0.0, 1.0
0,NUMBER_LITERAL, line no: 17,Arrays,SIMPLE_NAME, 0.9285714285714286, 0.9285714285714286, 0.0, 0.0, 0.0, 1.0
0,NUMBER_LITERAL, line no: 17,copyOfRange,SIMPLE_NAME, 0.9285714285714286, 0.9285714285714286, 0.0, 0.0, 0.0, 1.0
first,SIMPLE_NAME, line no: 21,total == 0,INFIX_EXPRESSION, 0.9285714285714286, 0.9285714285714286, 0.0, 0.0, 0.0, 1.0
first,SIMPLE_NAME, line no: 21,total < 0,INFIX_EXPRESSION, 0.9285714285714286, 0.9285714285714286, 0.0, 0.0, 0.0, 1.0
coins[0],ARRAY_ACCESS, line no: 21,total == 0,INFIX_EXPRESSION, 0.9285714285714286, 0.9285714285714286, 0.0, 0.0, 0.0, 1.0
coins[0],ARRAY_ACCESS, line no: 21,total < 0,INFIX_EXPRESSION, 0.9285714285714286, 0.9285714285714286, 0.0, 0.0, 0.0, 1.0
coins[0],ARRAY_ACCESS, line no: 21,total - first,INFIX_EXPRESSION, 0.9285714285714286, 0.9285714285714286, 0.0, 0.0, 0.0, 1.0
coins[0],ARRAY_ACCESS, line no: 21,possible_change(rest total),METHOD_INVOCATION, 0.9285714285714286, 0.9285714285714286, 0.0, 0.0, 0.0, 1.0
rest,SIMPLE_NAME, line no: 22,total == 0,INFIX_EXPRESSION, 0.9285714285714286, 0.9285714285714286, 0.0, 0.0, 0.0, 1.0
rest,SIMPLE_NAME, line no: 22,total < 0,INFIX_EXPRESSION, 0.9285714285714286, 0.9285714285714286, 0.0, 0.0, 0.0, 1.0
rest,SIMPLE_NAME, line no: 22,possible_change(coins total - first) + possible_change(rest total),INFIX_EXPRESSION, 0.9285714285714286, 0.9285714285714286, 0.0, 0.0, 0.0, 1.0
rest,SIMPLE_NAME, line no: 22,possible_change(coins total - first),METHOD_INVOCATION, 0.9285714285714286, 0.9285714285714286, 0.0, 0.0, 0.0, 1.0
rest,SIMPLE_NAME, line no: 22,total - first,INFIX_EXPRESSION, 0.9285714285714286, 0.9285714285714286, 0.0, 0.0, 0.0, 1.0
rest,SIMPLE_NAME, line no: 22,possible_change(rest total),METHOD_INVOCATION, 0.9285714285714286, 0.9285714285714286, 0.0, 0.0, 0.0, 1.0
Arrays.copyOfRange(coins 1 coins.length),METHOD_INVOCATION, line no: 22,total == 0,INFIX_EXPRESSION, 0.9285714285714286, 0.9285714285714286, 0.0, 0.0, 0.0, 1.0
Arrays.copyOfRange(coins 1 coins.length),METHOD_INVOCATION, line no: 22,total < 0,INFIX_EXPRESSION, 0.9285714285714286, 0.9285714285714286, 0.0, 0.0, 0.0, 1.0
possible_change(rest total),METHOD_INVOCATION, line no: 23,coins[0],ARRAY_ACCESS, 0.9285714285714286, 0.9285714285714286, 0.0, 0.0, 0.0, 1.0
coins,SIMPLE_NAME, line no: 22,possible_change(coins total - first),METHOD_INVOCATION, 0.9090909090909091, 0.9090909090909091, 0.0, 0.0, 0.0, 1.0
coins,SIMPLE_NAME, line no: 22,total - first,INFIX_EXPRESSION, 0.9090909090909091, 0.9090909090909091, 0.0, 0.0, 0.0, 1.0
coins,SIMPLE_NAME, line no: 22,possible_change(rest total),METHOD_INVOCATION, 0.9090909090909091, 0.9090909090909091, 0.0, 0.0, 0.0, 1.0
total,SIMPLE_NAME, line no: 23,total == 0,INFIX_EXPRESSION, 0.9090909090909091, 0.9090909090909091, 0.0, 0.0, 0.0, 1.0
total,SIMPLE_NAME, line no: 23,total < 0,INFIX_EXPRESSION, 0.9090909090909091, 0.9090909090909091, 0.0, 0.0, 0.0, 1.0
total,SIMPLE_NAME, line no: 23,Arrays.copyOfRange(coins 1 coins.length),METHOD_INVOCATION, 0.9090909090909091, 0.9090909090909091, 0.0, 0.0, 0.0, 1.0
first,SIMPLE_NAME, line no: 23,total == 0,INFIX_EXPRESSION, 0.9090909090909091, 0.9090909090909091, 0.0, 0.0, 0.0, 1.0
first,SIMPLE_NAME, line no: 23,total < 0,INFIX_EXPRESSION, 0.9090909090909091, 0.9090909090909091, 0.0, 0.0, 0.0, 1.0
first,SIMPLE_NAME, line no: 23,Arrays.copyOfRange(coins 1 coins.length),METHOD_INVOCATION, 0.9090909090909091, 0.9090909090909091, 0.0, 0.0, 0.0, 1.0
coins,SIMPLE_NAME, line no: 21,total == 0,INFIX_EXPRESSION, 0.9069767441860465, 0.9069767441860465, 0.0, 0.0, 0.0, 1.0
coins,SIMPLE_NAME, line no: 21,total < 0,INFIX_EXPRESSION, 0.9069767441860465, 0.9069767441860465, 0.0, 0.0, 0.0, 1.0
coins,SIMPLE_NAME, line no: 21,possible_change(coins total - first) + possible_change(rest total),INFIX_EXPRESSION, 0.9069767441860465, 0.9069767441860465, 0.0, 0.0, 0.0, 1.0
coins,SIMPLE_NAME, line no: 21,possible_change(coins total - first),METHOD_INVOCATION, 0.9069767441860465, 0.9069767441860465, 0.0, 0.0, 0.0, 1.0
coins,SIMPLE_NAME, line no: 21,total - first,INFIX_EXPRESSION, 0.9069767441860465, 0.9069767441860465, 0.0, 0.0, 0.0, 1.0
coins,SIMPLE_NAME, line no: 21,possible_change(rest total),METHOD_INVOCATION, 0.9069767441860465, 0.9069767441860465, 0.0, 0.0, 0.0, 1.0
0,NUMBER_LITERAL, line no: 21,total == 0,INFIX_EXPRESSION, 0.9069767441860465, 0.9069767441860465, 0.0, 0.0, 0.0, 1.0
0,NUMBER_LITERAL, line no: 21,total < 0,INFIX_EXPRESSION, 0.9069767441860465, 0.9069767441860465, 0.0, 0.0, 0.0, 1.0
Arrays,SIMPLE_NAME, line no: 22,total == 0,INFIX_EXPRESSION, 0.9069767441860465, 0.9069767441860465, 0.0, 0.0, 0.0, 1.0
Arrays,SIMPLE_NAME, line no: 22,total < 0,INFIX_EXPRESSION, 0.9069767441860465, 0.9069767441860465, 0.0, 0.0, 0.0, 1.0
Arrays,SIMPLE_NAME, line no: 22,possible_change(coins total - first) + possible_change(rest total),INFIX_EXPRESSION, 0.9069767441860465, 0.9069767441860465, 0.0, 0.0, 0.0, 1.0
copyOfRange,SIMPLE_NAME, line no: 22,total == 0,INFIX_EXPRESSION, 0.9069767441860465, 0.9069767441860465, 0.0, 0.0, 0.0, 1.0
copyOfRange,SIMPLE_NAME, line no: 22,total < 0,INFIX_EXPRESSION, 0.9069767441860465, 0.9069767441860465, 0.0, 0.0, 0.0, 1.0
copyOfRange,SIMPLE_NAME, line no: 22,possible_change(coins total - first) + possible_change(rest total),INFIX_EXPRESSION, 0.9069767441860465, 0.9069767441860465, 0.0, 0.0, 0.0, 1.0
coins,SIMPLE_NAME, line no: 22,total == 0,INFIX_EXPRESSION, 0.9069767441860465, 0.9069767441860465, 0.0, 0.0, 0.0, 1.0
coins,SIMPLE_NAME, line no: 22,total < 0,INFIX_EXPRESSION, 0.9069767441860465, 0.9069767441860465, 0.0, 0.0, 0.0, 1.0
coins,SIMPLE_NAME, line no: 22,possible_change(coins total - first) + possible_change(rest total),INFIX_EXPRESSION, 0.9069767441860465, 0.9069767441860465, 0.0, 0.0, 0.0, 1.0
1,NUMBER_LITERAL, line no: 22,total == 0,INFIX_EXPRESSION, 0.9069767441860465, 0.9069767441860465, 0.0, 0.0, 0.0, 1.0
1,NUMBER_LITERAL, line no: 22,total < 0,INFIX_EXPRESSION, 0.9069767441860465, 0.9069767441860465, 0.0, 0.0, 0.0, 1.0
coins.length,QUALIFIED_NAME, line no: 22,total == 0,INFIX_EXPRESSION, 0.9069767441860465, 0.9069767441860465, 0.0, 0.0, 0.0, 1.0
coins.length,QUALIFIED_NAME, line no: 22,total < 0,INFIX_EXPRESSION, 0.9069767441860465, 0.9069767441860465, 0.0, 0.0, 0.0, 1.0
coins,SIMPLE_NAME, line no: 23,coins[0],ARRAY_ACCESS, 0.9069767441860465, 0.9069767441860465, 0.0, 0.0, 0.0, 1.0
total - first,INFIX_EXPRESSION, line no: 23,coins[0],ARRAY_ACCESS, 0.9069767441860465, 0.9069767441860465, 0.0, 0.0, 0.0, 1.0
rest,SIMPLE_NAME, line no: 23,coins[0],ARRAY_ACCESS, 0.9069767441860465, 0.9069767441860465, 0.0, 0.0, 0.0, 1.0
coins,SIMPLE_NAME, line no: 22,total == 0,INFIX_EXPRESSION, 0.8863636363636364, 0.8863636363636364, 0.0, 0.0, 0.0, 1.0
coins,SIMPLE_NAME, line no: 22,total < 0,INFIX_EXPRESSION, 0.8863636363636364, 0.8863636363636364, 0.0, 0.0, 0.0, 1.0
coins,SIMPLE_NAME, line no: 22,possible_change(coins total - first) + possible_change(rest total),INFIX_EXPRESSION, 0.8863636363636364, 0.8863636363636364, 0.0, 0.0, 0.0, 1.0
length,SIMPLE_NAME, line no: 22,total == 0,INFIX_EXPRESSION, 0.8863636363636364, 0.8863636363636364, 0.0, 0.0, 0.0, 1.0
length,SIMPLE_NAME, line no: 22,total < 0,INFIX_EXPRESSION, 0.8863636363636364, 0.8863636363636364, 0.0, 0.0, 0.0, 1.0
total == 0,INFIX_EXPRESSION, line no: 14,java,SIMPLE_NAME, 0.04878048780487805, 0.04878048780487805, 0.0, 0.0, 0.0, 1.0
total == 0,INFIX_EXPRESSION, line no: 14,util,SIMPLE_NAME, 0.04878048780487805, 0.04878048780487805, 0.0, 0.0, 0.0, 1.0
total < 0,INFIX_EXPRESSION, line no: 17,java,SIMPLE_NAME, 0.04878048780487805, 0.04878048780487805, 0.0, 0.0, 0.0, 1.0
total < 0,INFIX_EXPRESSION, line no: 17,util,SIMPLE_NAME, 0.04878048780487805, 0.04878048780487805, 0.0, 0.0, 0.0, 1.0
possible_change(coins total - first) + possible_change(rest total),INFIX_EXPRESSION, line no: 23,java,SIMPLE_NAME, 0.04878048780487805, 0.04878048780487805, 0.0, 0.0, 0.0, 1.0
possible_change(coins total - first) + possible_change(rest total),INFIX_EXPRESSION, line no: 23,util,SIMPLE_NAME, 0.04878048780487805, 0.04878048780487805, 0.0, 0.0, 0.0, 1.0
total,SIMPLE_NAME, line no: 14,java,SIMPLE_NAME, 0.047619047619047616, 0.047619047619047616, 0.0, 0.0, 0.0, 1.0
total,SIMPLE_NAME, line no: 14,util,SIMPLE_NAME, 0.047619047619047616, 0.047619047619047616, 0.0, 0.0, 0.0, 1.0
0,NUMBER_LITERAL, line no: 14,java,SIMPLE_NAME, 0.047619047619047616, 0.047619047619047616, 0.0, 0.0, 0.0, 1.0
0,NUMBER_LITERAL, line no: 14,util,SIMPLE_NAME, 0.047619047619047616, 0.047619047619047616, 0.0, 0.0, 0.0, 1.0
total,SIMPLE_NAME, line no: 17,java,SIMPLE_NAME, 0.047619047619047616, 0.047619047619047616, 0.0, 0.0, 0.0, 1.0
total,SIMPLE_NAME, line no: 17,util,SIMPLE_NAME, 0.047619047619047616, 0.047619047619047616, 0.0, 0.0, 0.0, 1.0
0,NUMBER_LITERAL, line no: 17,java,SIMPLE_NAME, 0.047619047619047616, 0.047619047619047616, 0.0, 0.0, 0.0, 1.0
0,NUMBER_LITERAL, line no: 17,util,SIMPLE_NAME, 0.047619047619047616, 0.047619047619047616, 0.0, 0.0, 0.0, 1.0
first,SIMPLE_NAME, line no: 21,java,SIMPLE_NAME, 0.047619047619047616, 0.047619047619047616, 0.0, 0.0, 0.0, 1.0
first,SIMPLE_NAME, line no: 21,util,SIMPLE_NAME, 0.047619047619047616, 0.047619047619047616, 0.0, 0.0, 0.0, 1.0
coins[0],ARRAY_ACCESS, line no: 21,java,SIMPLE_NAME, 0.047619047619047616, 0.047619047619047616, 0.0, 0.0, 0.0, 1.0
coins[0],ARRAY_ACCESS, line no: 21,util,SIMPLE_NAME, 0.047619047619047616, 0.047619047619047616, 0.0, 0.0, 0.0, 1.0
rest,SIMPLE_NAME, line no: 22,java,SIMPLE_NAME, 0.047619047619047616, 0.047619047619047616, 0.0, 0.0, 0.0, 1.0
rest,SIMPLE_NAME, line no: 22,util,SIMPLE_NAME, 0.047619047619047616, 0.047619047619047616, 0.0, 0.0, 0.0, 1.0
Arrays.copyOfRange(coins 1 coins.length),METHOD_INVOCATION, line no: 22,java,SIMPLE_NAME, 0.047619047619047616, 0.047619047619047616, 0.0, 0.0, 0.0, 1.0
Arrays.copyOfRange(coins 1 coins.length),METHOD_INVOCATION, line no: 22,util,SIMPLE_NAME, 0.047619047619047616, 0.047619047619047616, 0.0, 0.0, 0.0, 1.0
possible_change(coins total - first),METHOD_INVOCATION, line no: 23,java,SIMPLE_NAME, 0.047619047619047616, 0.047619047619047616, 0.0, 0.0, 0.0, 1.0
possible_change(coins total - first),METHOD_INVOCATION, line no: 23,util,SIMPLE_NAME, 0.047619047619047616, 0.047619047619047616, 0.0, 0.0, 0.0, 1.0
possible_change(rest total),METHOD_INVOCATION, line no: 23,java,SIMPLE_NAME, 0.047619047619047616, 0.047619047619047616, 0.0, 0.0, 0.0, 1.0
possible_change(rest total),METHOD_INVOCATION, line no: 23,util,SIMPLE_NAME, 0.047619047619047616, 0.047619047619047616, 0.0, 0.0, 0.0, 1.0
coins,SIMPLE_NAME, line no: 21,java,SIMPLE_NAME, 0.046511627906976744, 0.046511627906976744, 0.0, 0.0, 0.0, 1.0
coins,SIMPLE_NAME, line no: 21,util,SIMPLE_NAME, 0.046511627906976744, 0.046511627906976744, 0.0, 0.0, 0.0, 1.0
0,NUMBER_LITERAL, line no: 21,java,SIMPLE_NAME, 0.046511627906976744, 0.046511627906976744, 0.0, 0.0, 0.0, 1.0
0,NUMBER_LITERAL, line no: 21,util,SIMPLE_NAME, 0.046511627906976744, 0.046511627906976744, 0.0, 0.0, 0.0, 1.0
Arrays,SIMPLE_NAME, line no: 22,java,SIMPLE_NAME, 0.046511627906976744, 0.046511627906976744, 0.0, 0.0, 0.0, 1.0
Arrays,SIMPLE_NAME, line no: 22,util,SIMPLE_NAME, 0.046511627906976744, 0.046511627906976744, 0.0, 0.0, 0.0, 1.0
copyOfRange,SIMPLE_NAME, line no: 22,java,SIMPLE_NAME, 0.046511627906976744, 0.046511627906976744, 0.0, 0.0, 0.0, 1.0
copyOfRange,SIMPLE_NAME, line no: 22,util,SIMPLE_NAME, 0.046511627906976744, 0.046511627906976744, 0.0, 0.0, 0.0, 1.0
coins,SIMPLE_NAME, line no: 22,java,SIMPLE_NAME, 0.046511627906976744, 0.046511627906976744, 0.0, 0.0, 0.0, 1.0
coins,SIMPLE_NAME, line no: 22,util,SIMPLE_NAME, 0.046511627906976744, 0.046511627906976744, 0.0, 0.0, 0.0, 1.0
1,NUMBER_LITERAL, line no: 22,java,SIMPLE_NAME, 0.046511627906976744, 0.046511627906976744, 0.0, 0.0, 0.0, 1.0
1,NUMBER_LITERAL, line no: 22,util,SIMPLE_NAME, 0.046511627906976744, 0.046511627906976744, 0.0, 0.0, 0.0, 1.0
coins.length,QUALIFIED_NAME, line no: 22,java,SIMPLE_NAME, 0.046511627906976744, 0.046511627906976744, 0.0, 0.0, 0.0, 1.0
coins.length,QUALIFIED_NAME, line no: 22,util,SIMPLE_NAME, 0.046511627906976744, 0.046511627906976744, 0.0, 0.0, 0.0, 1.0
possible_change,SIMPLE_NAME, line no: 23,java,SIMPLE_NAME, 0.046511627906976744, 0.046511627906976744, 0.0, 0.0, 0.0, 1.0
possible_change,SIMPLE_NAME, line no: 23,util,SIMPLE_NAME, 0.046511627906976744, 0.046511627906976744, 0.0, 0.0, 0.0, 1.0
coins,SIMPLE_NAME, line no: 23,java,SIMPLE_NAME, 0.046511627906976744, 0.046511627906976744, 0.0, 0.0, 0.0, 1.0
coins,SIMPLE_NAME, line no: 23,util,SIMPLE_NAME, 0.046511627906976744, 0.046511627906976744, 0.0, 0.0, 0.0, 1.0
total - first,INFIX_EXPRESSION, line no: 23,java,SIMPLE_NAME, 0.046511627906976744, 0.046511627906976744, 0.0, 0.0, 0.0, 1.0
total - first,INFIX_EXPRESSION, line no: 23,util,SIMPLE_NAME, 0.046511627906976744, 0.046511627906976744, 0.0, 0.0, 0.0, 1.0
possible_change,SIMPLE_NAME, line no: 23,java,SIMPLE_NAME, 0.046511627906976744, 0.046511627906976744, 0.0, 0.0, 0.0, 1.0
possible_change,SIMPLE_NAME, line no: 23,util,SIMPLE_NAME, 0.046511627906976744, 0.046511627906976744, 0.0, 0.0, 0.0, 1.0
rest,SIMPLE_NAME, line no: 23,java,SIMPLE_NAME, 0.046511627906976744, 0.046511627906976744, 0.0, 0.0, 0.0, 1.0
rest,SIMPLE_NAME, line no: 23,util,SIMPLE_NAME, 0.046511627906976744, 0.046511627906976744, 0.0, 0.0, 0.0, 1.0
total,SIMPLE_NAME, line no: 23,java,SIMPLE_NAME, 0.046511627906976744, 0.046511627906976744, 0.0, 0.0, 0.0, 1.0
total,SIMPLE_NAME, line no: 23,util,SIMPLE_NAME, 0.046511627906976744, 0.046511627906976744, 0.0, 0.0, 0.0, 1.0
coins,SIMPLE_NAME, line no: 22,java,SIMPLE_NAME, 0.045454545454545456, 0.045454545454545456, 0.0, 0.0, 0.0, 1.0
coins,SIMPLE_NAME, line no: 22,util,SIMPLE_NAME, 0.045454545454545456, 0.045454545454545456, 0.0, 0.0, 0.0, 1.0
length,SIMPLE_NAME, line no: 22,java,SIMPLE_NAME, 0.045454545454545456, 0.045454545454545456, 0.0, 0.0, 0.0, 1.0
length,SIMPLE_NAME, line no: 22,util,SIMPLE_NAME, 0.045454545454545456, 0.045454545454545456, 0.0, 0.0, 0.0, 1.0
total,SIMPLE_NAME, line no: 23,java,SIMPLE_NAME, 0.045454545454545456, 0.045454545454545456, 0.0, 0.0, 0.0, 1.0
total,SIMPLE_NAME, line no: 23,util,SIMPLE_NAME, 0.045454545454545456, 0.045454545454545456, 0.0, 0.0, 0.0, 1.0
first,SIMPLE_NAME, line no: 23,java,SIMPLE_NAME, 0.045454545454545456, 0.045454545454545456, 0.0, 0.0, 0.0, 1.0
first,SIMPLE_NAME, line no: 23,util,SIMPLE_NAME, 0.045454545454545456, 0.045454545454545456, 0.0, 0.0, 0.0, 1.0
total == 0,INFIX_EXPRESSION, line no: 14,buggy_java_programs,SIMPLE_NAME, 0.024390243902439025, 0.024390243902439025, 0.0, 0.0, 0.0, 1.0
total == 0,INFIX_EXPRESSION, line no: 14,java.util,QUALIFIED_NAME, 0.024390243902439025, 0.024390243902439025, 0.0, 0.0, 0.0, 1.0
total == 0,INFIX_EXPRESSION, line no: 14,POSSIBLE_CHANGE,SIMPLE_NAME, 0.024390243902439025, 0.024390243902439025, 0.0, 0.0, 0.0, 1.0
total < 0,INFIX_EXPRESSION, line no: 17,buggy_java_programs,SIMPLE_NAME, 0.024390243902439025, 0.024390243902439025, 0.0, 0.0, 0.0, 1.0
total < 0,INFIX_EXPRESSION, line no: 17,java.util,QUALIFIED_NAME, 0.024390243902439025, 0.024390243902439025, 0.0, 0.0, 0.0, 1.0
total < 0,INFIX_EXPRESSION, line no: 17,POSSIBLE_CHANGE,SIMPLE_NAME, 0.024390243902439025, 0.024390243902439025, 0.0, 0.0, 0.0, 1.0
possible_change(coins total - first) + possible_change(rest total),INFIX_EXPRESSION, line no: 23,buggy_java_programs,SIMPLE_NAME, 0.024390243902439025, 0.024390243902439025, 0.0, 0.0, 0.0, 1.0
possible_change(coins total - first) + possible_change(rest total),INFIX_EXPRESSION, line no: 23,java.util,QUALIFIED_NAME, 0.024390243902439025, 0.024390243902439025, 0.0, 0.0, 0.0, 1.0
possible_change(coins total - first) + possible_change(rest total),INFIX_EXPRESSION, line no: 23,POSSIBLE_CHANGE,SIMPLE_NAME, 0.024390243902439025, 0.024390243902439025, 0.0, 0.0, 0.0, 1.0
total,SIMPLE_NAME, line no: 14,buggy_java_programs,SIMPLE_NAME, 0.023809523809523808, 0.023809523809523808, 0.0, 0.0, 0.0, 1.0
total,SIMPLE_NAME, line no: 14,java.util,QUALIFIED_NAME, 0.023809523809523808, 0.023809523809523808, 0.0, 0.0, 0.0, 1.0
total,SIMPLE_NAME, line no: 14,POSSIBLE_CHANGE,SIMPLE_NAME, 0.023809523809523808, 0.023809523809523808, 0.0, 0.0, 0.0, 1.0
0,NUMBER_LITERAL, line no: 14,buggy_java_programs,SIMPLE_NAME, 0.023809523809523808, 0.023809523809523808, 0.0, 0.0, 0.0, 1.0
0,NUMBER_LITERAL, line no: 14,java.util,QUALIFIED_NAME, 0.023809523809523808, 0.023809523809523808, 0.0, 0.0, 0.0, 1.0
0,NUMBER_LITERAL, line no: 14,POSSIBLE_CHANGE,SIMPLE_NAME, 0.023809523809523808, 0.023809523809523808, 0.0, 0.0, 0.0, 1.0
total,SIMPLE_NAME, line no: 17,buggy_java_programs,SIMPLE_NAME, 0.023809523809523808, 0.023809523809523808, 0.0, 0.0, 0.0, 1.0
total,SIMPLE_NAME, line no: 17,java.util,QUALIFIED_NAME, 0.023809523809523808, 0.023809523809523808, 0.0, 0.0, 0.0, 1.0
total,SIMPLE_NAME, line no: 17,POSSIBLE_CHANGE,SIMPLE_NAME, 0.023809523809523808, 0.023809523809523808, 0.0, 0.0, 0.0, 1.0
0,NUMBER_LITERAL, line no: 17,buggy_java_programs,SIMPLE_NAME, 0.023809523809523808, 0.023809523809523808, 0.0, 0.0, 0.0, 1.0
0,NUMBER_LITERAL, line no: 17,java.util,QUALIFIED_NAME, 0.023809523809523808, 0.023809523809523808, 0.0, 0.0, 0.0, 1.0
0,NUMBER_LITERAL, line no: 17,POSSIBLE_CHANGE,SIMPLE_NAME, 0.023809523809523808, 0.023809523809523808, 0.0, 0.0, 0.0, 1.0
first,SIMPLE_NAME, line no: 21,buggy_java_programs,SIMPLE_NAME, 0.023809523809523808, 0.023809523809523808, 0.0, 0.0, 0.0, 1.0
first,SIMPLE_NAME, line no: 21,java.util,QUALIFIED_NAME, 0.023809523809523808, 0.023809523809523808, 0.0, 0.0, 0.0, 1.0
first,SIMPLE_NAME, line no: 21,POSSIBLE_CHANGE,SIMPLE_NAME, 0.023809523809523808, 0.023809523809523808, 0.0, 0.0, 0.0, 1.0
coins[0],ARRAY_ACCESS, line no: 21,buggy_java_programs,SIMPLE_NAME, 0.023809523809523808, 0.023809523809523808, 0.0, 0.0, 0.0, 1.0
coins[0],ARRAY_ACCESS, line no: 21,java.util,QUALIFIED_NAME, 0.023809523809523808, 0.023809523809523808, 0.0, 0.0, 0.0, 1.0
coins[0],ARRAY_ACCESS, line no: 21,POSSIBLE_CHANGE,SIMPLE_NAME, 0.023809523809523808, 0.023809523809523808, 0.0, 0.0, 0.0, 1.0
rest,SIMPLE_NAME, line no: 22,buggy_java_programs,SIMPLE_NAME, 0.023809523809523808, 0.023809523809523808, 0.0, 0.0, 0.0, 1.0
rest,SIMPLE_NAME, line no: 22,java.util,QUALIFIED_NAME, 0.023809523809523808, 0.023809523809523808, 0.0, 0.0, 0.0, 1.0
rest,SIMPLE_NAME, line no: 22,POSSIBLE_CHANGE,SIMPLE_NAME, 0.023809523809523808, 0.023809523809523808, 0.0, 0.0, 0.0, 1.0
Arrays.copyOfRange(coins 1 coins.length),METHOD_INVOCATION, line no: 22,buggy_java_programs,SIMPLE_NAME, 0.023809523809523808, 0.023809523809523808, 0.0, 0.0, 0.0, 1.0
Arrays.copyOfRange(coins 1 coins.length),METHOD_INVOCATION, line no: 22,java.util,QUALIFIED_NAME, 0.023809523809523808, 0.023809523809523808, 0.0, 0.0, 0.0, 1.0
Arrays.copyOfRange(coins 1 coins.length),METHOD_INVOCATION, line no: 22,POSSIBLE_CHANGE,SIMPLE_NAME, 0.023809523809523808, 0.023809523809523808, 0.0, 0.0, 0.0, 1.0
possible_change(coins total - first),METHOD_INVOCATION, line no: 23,buggy_java_programs,SIMPLE_NAME, 0.023809523809523808, 0.023809523809523808, 0.0, 0.0, 0.0, 1.0
possible_change(coins total - first),METHOD_INVOCATION, line no: 23,java.util,QUALIFIED_NAME, 0.023809523809523808, 0.023809523809523808, 0.0, 0.0, 0.0, 1.0
possible_change(coins total - first),METHOD_INVOCATION, line no: 23,POSSIBLE_CHANGE,SIMPLE_NAME, 0.023809523809523808, 0.023809523809523808, 0.0, 0.0, 0.0, 1.0
possible_change(rest total),METHOD_INVOCATION, line no: 23,buggy_java_programs,SIMPLE_NAME, 0.023809523809523808, 0.023809523809523808, 0.0, 0.0, 0.0, 1.0
possible_change(rest total),METHOD_INVOCATION, line no: 23,java.util,QUALIFIED_NAME, 0.023809523809523808, 0.023809523809523808, 0.0, 0.0, 0.0, 1.0
possible_change(rest total),METHOD_INVOCATION, line no: 23,POSSIBLE_CHANGE,SIMPLE_NAME, 0.023809523809523808, 0.023809523809523808, 0.0, 0.0, 0.0, 1.0
coins,SIMPLE_NAME, line no: 21,buggy_java_programs,SIMPLE_NAME, 0.023255813953488372, 0.023255813953488372, 0.0, 0.0, 0.0, 1.0
coins,SIMPLE_NAME, line no: 21,java.util,QUALIFIED_NAME, 0.023255813953488372, 0.023255813953488372, 0.0, 0.0, 0.0, 1.0
coins,SIMPLE_NAME, line no: 21,POSSIBLE_CHANGE,SIMPLE_NAME, 0.023255813953488372, 0.023255813953488372, 0.0, 0.0, 0.0, 1.0
0,NUMBER_LITERAL, line no: 21,buggy_java_programs,SIMPLE_NAME, 0.023255813953488372, 0.023255813953488372, 0.0, 0.0, 0.0, 1.0
0,NUMBER_LITERAL, line no: 21,java.util,QUALIFIED_NAME, 0.023255813953488372, 0.023255813953488372, 0.0, 0.0, 0.0, 1.0
0,NUMBER_LITERAL, line no: 21,POSSIBLE_CHANGE,SIMPLE_NAME, 0.023255813953488372, 0.023255813953488372, 0.0, 0.0, 0.0, 1.0
Arrays,SIMPLE_NAME, line no: 22,buggy_java_programs,SIMPLE_NAME, 0.023255813953488372, 0.023255813953488372, 0.0, 0.0, 0.0, 1.0
Arrays,SIMPLE_NAME, line no: 22,java.util,QUALIFIED_NAME, 0.023255813953488372, 0.023255813953488372, 0.0, 0.0, 0.0, 1.0
Arrays,SIMPLE_NAME, line no: 22,POSSIBLE_CHANGE,SIMPLE_NAME, 0.023255813953488372, 0.023255813953488372, 0.0, 0.0, 0.0, 1.0
copyOfRange,SIMPLE_NAME, line no: 22,buggy_java_programs,SIMPLE_NAME, 0.023255813953488372, 0.023255813953488372, 0.0, 0.0, 0.0, 1.0
copyOfRange,SIMPLE_NAME, line no: 22,java.util,QUALIFIED_NAME, 0.023255813953488372, 0.023255813953488372, 0.0, 0.0, 0.0, 1.0
copyOfRange,SIMPLE_NAME, line no: 22,POSSIBLE_CHANGE,SIMPLE_NAME, 0.023255813953488372, 0.023255813953488372, 0.0, 0.0, 0.0, 1.0
coins,SIMPLE_NAME, line no: 22,buggy_java_programs,SIMPLE_NAME, 0.023255813953488372, 0.023255813953488372, 0.0, 0.0, 0.0, 1.0
coins,SIMPLE_NAME, line no: 22,java.util,QUALIFIED_NAME, 0.023255813953488372, 0.023255813953488372, 0.0, 0.0, 0.0, 1.0
coins,SIMPLE_NAME, line no: 22,POSSIBLE_CHANGE,SIMPLE_NAME, 0.023255813953488372, 0.023255813953488372, 0.0, 0.0, 0.0, 1.0
1,NUMBER_LITERAL, line no: 22,buggy_java_programs,SIMPLE_NAME, 0.023255813953488372, 0.023255813953488372, 0.0, 0.0, 0.0, 1.0
1,NUMBER_LITERAL, line no: 22,java.util,QUALIFIED_NAME, 0.023255813953488372, 0.023255813953488372, 0.0, 0.0, 0.0, 1.0
1,NUMBER_LITERAL, line no: 22,POSSIBLE_CHANGE,SIMPLE_NAME, 0.023255813953488372, 0.023255813953488372, 0.0, 0.0, 0.0, 1.0
coins.length,QUALIFIED_NAME, line no: 22,buggy_java_programs,SIMPLE_NAME, 0.023255813953488372, 0.023255813953488372, 0.0, 0.0, 0.0, 1.0
coins.length,QUALIFIED_NAME, line no: 22,java.util,QUALIFIED_NAME, 0.023255813953488372, 0.023255813953488372, 0.0, 0.0, 0.0, 1.0
coins.length,QUALIFIED_NAME, line no: 22,POSSIBLE_CHANGE,SIMPLE_NAME, 0.023255813953488372, 0.023255813953488372, 0.0, 0.0, 0.0, 1.0
possible_change,SIMPLE_NAME, line no: 23,buggy_java_programs,SIMPLE_NAME, 0.023255813953488372, 0.023255813953488372, 0.0, 0.0, 0.0, 1.0
possible_change,SIMPLE_NAME, line no: 23,java.util,QUALIFIED_NAME, 0.023255813953488372, 0.023255813953488372, 0.0, 0.0, 0.0, 1.0
possible_change,SIMPLE_NAME, line no: 23,POSSIBLE_CHANGE,SIMPLE_NAME, 0.023255813953488372, 0.023255813953488372, 0.0, 0.0, 0.0, 1.0
coins,SIMPLE_NAME, line no: 23,buggy_java_programs,SIMPLE_NAME, 0.023255813953488372, 0.023255813953488372, 0.0, 0.0, 0.0, 1.0
coins,SIMPLE_NAME, line no: 23,java.util,QUALIFIED_NAME, 0.023255813953488372, 0.023255813953488372, 0.0, 0.0, 0.0, 1.0
coins,SIMPLE_NAME, line no: 23,POSSIBLE_CHANGE,SIMPLE_NAME, 0.023255813953488372, 0.023255813953488372, 0.0, 0.0, 0.0, 1.0
total - first,INFIX_EXPRESSION, line no: 23,buggy_java_programs,SIMPLE_NAME, 0.023255813953488372, 0.023255813953488372, 0.0, 0.0, 0.0, 1.0
total - first,INFIX_EXPRESSION, line no: 23,java.util,QUALIFIED_NAME, 0.023255813953488372, 0.023255813953488372, 0.0, 0.0, 0.0, 1.0
total - first,INFIX_EXPRESSION, line no: 23,POSSIBLE_CHANGE,SIMPLE_NAME, 0.023255813953488372, 0.023255813953488372, 0.0, 0.0, 0.0, 1.0
possible_change,SIMPLE_NAME, line no: 23,buggy_java_programs,SIMPLE_NAME, 0.023255813953488372, 0.023255813953488372, 0.0, 0.0, 0.0, 1.0
possible_change,SIMPLE_NAME, line no: 23,java.util,QUALIFIED_NAME, 0.023255813953488372, 0.023255813953488372, 0.0, 0.0, 0.0, 1.0
possible_change,SIMPLE_NAME, line no: 23,POSSIBLE_CHANGE,SIMPLE_NAME, 0.023255813953488372, 0.023255813953488372, 0.0, 0.0, 0.0, 1.0
rest,SIMPLE_NAME, line no: 23,buggy_java_programs,SIMPLE_NAME, 0.023255813953488372, 0.023255813953488372, 0.0, 0.0, 0.0, 1.0
rest,SIMPLE_NAME, line no: 23,java.util,QUALIFIED_NAME, 0.023255813953488372, 0.023255813953488372, 0.0, 0.0, 0.0, 1.0
rest,SIMPLE_NAME, line no: 23,POSSIBLE_CHANGE,SIMPLE_NAME, 0.023255813953488372, 0.023255813953488372, 0.0, 0.0, 0.0, 1.0
total,SIMPLE_NAME, line no: 23,buggy_java_programs,SIMPLE_NAME, 0.023255813953488372, 0.023255813953488372, 0.0, 0.0, 0.0, 1.0
total,SIMPLE_NAME, line no: 23,java.util,QUALIFIED_NAME, 0.023255813953488372, 0.023255813953488372, 0.0, 0.0, 0.0, 1.0
total,SIMPLE_NAME, line no: 23,POSSIBLE_CHANGE,SIMPLE_NAME, 0.023255813953488372, 0.023255813953488372, 0.0, 0.0, 0.0, 1.0
coins,SIMPLE_NAME, line no: 22,buggy_java_programs,SIMPLE_NAME, 0.022727272727272728, 0.022727272727272728, 0.0, 0.0, 0.0, 1.0
coins,SIMPLE_NAME, line no: 22,java.util,QUALIFIED_NAME, 0.022727272727272728, 0.022727272727272728, 0.0, 0.0, 0.0, 1.0
coins,SIMPLE_NAME, line no: 22,POSSIBLE_CHANGE,SIMPLE_NAME, 0.022727272727272728, 0.022727272727272728, 0.0, 0.0, 0.0, 1.0
length,SIMPLE_NAME, line no: 22,buggy_java_programs,SIMPLE_NAME, 0.022727272727272728, 0.022727272727272728, 0.0, 0.0, 0.0, 1.0
length,SIMPLE_NAME, line no: 22,java.util,QUALIFIED_NAME, 0.022727272727272728, 0.022727272727272728, 0.0, 0.0, 0.0, 1.0
length,SIMPLE_NAME, line no: 22,POSSIBLE_CHANGE,SIMPLE_NAME, 0.022727272727272728, 0.022727272727272728, 0.0, 0.0, 0.0, 1.0
total,SIMPLE_NAME, line no: 23,buggy_java_programs,SIMPLE_NAME, 0.022727272727272728, 0.022727272727272728, 0.0, 0.0, 0.0, 1.0
total,SIMPLE_NAME, line no: 23,java.util,QUALIFIED_NAME, 0.022727272727272728, 0.022727272727272728, 0.0, 0.0, 0.0, 1.0
total,SIMPLE_NAME, line no: 23,POSSIBLE_CHANGE,SIMPLE_NAME, 0.022727272727272728, 0.022727272727272728, 0.0, 0.0, 0.0, 1.0
first,SIMPLE_NAME, line no: 23,buggy_java_programs,SIMPLE_NAME, 0.022727272727272728, 0.022727272727272728, 0.0, 0.0, 0.0, 1.0
first,SIMPLE_NAME, line no: 23,java.util,QUALIFIED_NAME, 0.022727272727272728, 0.022727272727272728, 0.0, 0.0, 0.0, 1.0
first,SIMPLE_NAME, line no: 23,POSSIBLE_CHANGE,SIMPLE_NAME, 0.022727272727272728, 0.022727272727272728, 0.0, 0.0, 0.0, 1.0
1,NUMBER_LITERAL, line no: 15,buggy_java_programs,SIMPLE_NAME, 0.0, 0.0, 0.0, 0.0, 0.0, 0.9428090415820635
1,NUMBER_LITERAL, line no: 15,java.util,QUALIFIED_NAME, 0.0, 0.0, 0.0, 0.0, 0.0, 0.9428090415820635
1,NUMBER_LITERAL, line no: 15,java,SIMPLE_NAME, 0.0, 0.0, 0.0, 0.0, 0.0, 0.9428090415820635
1,NUMBER_LITERAL, line no: 15,util,SIMPLE_NAME, 0.0, 0.0, 0.0, 0.0, 0.0, 0.9428090415820635
1,NUMBER_LITERAL, line no: 15,POSSIBLE_CHANGE,SIMPLE_NAME, 0.0, 0.0, 0.0, 0.0, 0.0, 0.9428090415820635
0,NUMBER_LITERAL, line no: 18,buggy_java_programs,SIMPLE_NAME, 0.0, 0.0, 0.0, 0.0, 0.0, 1.0
0,NUMBER_LITERAL, line no: 18,java.util,QUALIFIED_NAME, 0.0, 0.0, 0.0, 0.0, 0.0, 1.0
0,NUMBER_LITERAL, line no: 18,java,SIMPLE_NAME, 0.0, 0.0, 0.0, 0.0, 0.0, 1.0
0,NUMBER_LITERAL, line no: 18,util,SIMPLE_NAME, 0.0, 0.0, 0.0, 0.0, 0.0, 1.0
0,NUMBER_LITERAL, line no: 18,POSSIBLE_CHANGE,SIMPLE_NAME, 0.0, 0.0, 0.0, 0.0, 0.0, 1.0
