total == 0,INFIX_EXPRESSION, line no: 14,total < 0,INFIX_EXPRESSION, 2.8, 1.0, 1.0, 0.8, 0.0, 1.0
total < 0,INFIX_EXPRESSION, line no: 17,total == 0,INFIX_EXPRESSION, 2.8, 1.0, 1.0, 0.8, 0.0, 1.0
possible_change(rest total),METHOD_INVOCATION, line no: 23,possible_change,SIMPLE_NAME, 2.5555555555555554, 0.023809523809523808, 1.0, 0.5555555555555556, 0.0, 1.0
possible_change,SIMPLE_NAME, line no: 23,possible_change(rest total),METHOD_INVOCATION, 2.532299741602067, 0.9767441860465116, 1.0, 0.5555555555555556, 0.0, 1.0
possible_change,SIMPLE_NAME, line no: 23,possible_change(rest total),METHOD_INVOCATION, 2.532299741602067, 0.9767441860465116, 1.0, 0.5555555555555556, 0.0, 1.0
coins.length,QUALIFIED_NAME, line no: 22,length,SIMPLE_NAME, 2.5, 1.0, 1.0, 0.5, 0.0, 1.0
length,SIMPLE_NAME, line no: 22,coins.length,QUALIFIED_NAME, 2.4772727272727275, 0.9772727272727273, 1.0, 0.5, 0.0, 1.0
possible_change(coins total - first),METHOD_INVOCATION, line no: 23,possible_change,SIMPLE_NAME, 2.4166666666666665, 0.023809523809523808, 1.0, 0.4166666666666667, 0.0, 1.0
possible_change,SIMPLE_NAME, line no: 23,possible_change(coins total - first),METHOD_INVOCATION, 2.393410852713178, 0.9767441860465116, 1.0, 0.4166666666666667, 0.0, 1.0
possible_change,SIMPLE_NAME, line no: 23,possible_change(coins total - first),METHOD_INVOCATION, 2.393410852713178, 0.9767441860465116, 1.0, 0.4166666666666667, 0.0, 1.0
total - first,INFIX_EXPRESSION, line no: 23,total,SIMPLE_NAME, 2.3846153846153846, 0.023255813953488372, 1.0, 0.38461538461538464, 0.0, 1.0
total - first,INFIX_EXPRESSION, line no: 23,first,SIMPLE_NAME, 2.3846153846153846, 0.9069767441860465, 1.0, 0.38461538461538464, 0.0, 1.0
total,SIMPLE_NAME, line no: 23,total - first,INFIX_EXPRESSION, 2.361888111888112, 0.9772727272727273, 1.0, 0.38461538461538464, 0.0, 1.0
first,SIMPLE_NAME, line no: 23,total - first,INFIX_EXPRESSION, 2.361888111888112, 0.9772727272727273, 1.0, 0.38461538461538464, 0.0, 1.0
total,SIMPLE_NAME, line no: 23,total - first,INFIX_EXPRESSION, 2.361359570661896, 0.9767441860465116, 1.0, 0.38461538461538464, 0.0, 1.0
total,SIMPLE_NAME, line no: 14,total - first,INFIX_EXPRESSION, 2.336996336996337, 0.9523809523809523, 1.0, 0.38461538461538464, 0.0, 1.0
total,SIMPLE_NAME, line no: 17,total - first,INFIX_EXPRESSION, 2.336996336996337, 0.9523809523809523, 1.0, 0.38461538461538464, 0.0, 1.0
coins.length,QUALIFIED_NAME, line no: 22,possible_change,SIMPLE_NAME, 2.3302325581395347, 0.023255813953488372, 1.0, 0.4, 0.0, 1.0
possible_change,SIMPLE_NAME, line no: 23,coins.length,QUALIFIED_NAME, 2.3302325581395347, 0.9302325581395349, 1.0, 0.4, 0.0, 1.0
possible_change,SIMPLE_NAME, line no: 23,coins.length,QUALIFIED_NAME, 2.3302325581395347, 0.9302325581395349, 1.0, 0.4, 0.0, 1.0
first,SIMPLE_NAME, line no: 21,total - first,INFIX_EXPRESSION, 2.3131868131868134, 0.9285714285714286, 1.0, 0.38461538461538464, 0.0, 1.0
Arrays.copyOfRange(coins 1 coins.length),METHOD_INVOCATION, line no: 22,coins.length,QUALIFIED_NAME, 2.3, 1.0, 1.0, 0.3, 0.0, 1.0
possible_change(coins total - first) + possible_change(rest total),INFIX_EXPRESSION, line no: 23,possible_change(coins total - first),METHOD_INVOCATION, 2.2954545454545454, 1.0, 0.75, 0.5454545454545454, 0.0, 1.0
coins.length,QUALIFIED_NAME, line no: 22,Arrays.copyOfRange(coins 1 coins.length),METHOD_INVOCATION, 2.2767441860465114, 0.9767441860465116, 1.0, 0.3, 0.0, 1.0
Arrays.copyOfRange(coins 1 coins.length),METHOD_INVOCATION, line no: 22,copyOfRange,SIMPLE_NAME, 2.275, 1.0, 1.0, 0.275, 0.0, 1.0
copyOfRange,SIMPLE_NAME, line no: 22,coins,SIMPLE_NAME, 2.2727272727272725, 0.023255813953488372, 1.0, 0.2727272727272727, 0.0, 1.0
coins,SIMPLE_NAME, line no: 22,copyOfRange,SIMPLE_NAME, 2.2727272727272725, 1.0, 1.0, 0.2727272727272727, 0.0, 1.0
possible_change(coins total - first),METHOD_INVOCATION, line no: 23,possible_change(coins total - first) + possible_change(rest total),INFIX_EXPRESSION, 2.2716450216450217, 0.9761904761904762, 0.75, 0.5454545454545454, 0.0, 1.0
copyOfRange,SIMPLE_NAME, line no: 22,Arrays.copyOfRange(coins 1 coins.length),METHOD_INVOCATION, 2.2517441860465115, 0.9767441860465116, 1.0, 0.275, 0.0, 1.0
coins,SIMPLE_NAME, line no: 22,copyOfRange,SIMPLE_NAME, 2.25, 0.9772727272727273, 1.0, 0.2727272727272727, 0.0, 1.0
coins,SIMPLE_NAME, line no: 21,copyOfRange,SIMPLE_NAME, 2.249471458773784, 0.9767441860465116, 1.0, 0.2727272727272727, 0.0, 1.0
possible_change(coins total - first) + possible_change(rest total),INFIX_EXPRESSION, line no: 23,possible_change,SIMPLE_NAME, 2.227272727272727, 0.024390243902439025, 1.0, 0.22727272727272727, 0.0, 1.0
coins,SIMPLE_NAME, line no: 23,copyOfRange,SIMPLE_NAME, 2.2262156448202957, 0.9534883720930233, 1.0, 0.2727272727272727, 0.0, 1.0
first,SIMPLE_NAME, line no: 21,coins[0],ARRAY_ACCESS, 2.2261904761904763, 0.9761904761904762, 1.0, 0.25, 0.0, 1.0
first,SIMPLE_NAME, line no: 21,coins.length,QUALIFIED_NAME, 2.2261904761904763, 0.9761904761904762, 1.0, 0.25, 0.0, 1.0
coins[0],ARRAY_ACCESS, line no: 21,first,SIMPLE_NAME, 2.2261904761904763, 0.9761904761904762, 1.0, 0.25, 0.0, 1.0
possible_change,SIMPLE_NAME, line no: 23,length,SIMPLE_NAME, 2.22015503875969, 0.9534883720930233, 1.0, 0.26666666666666666, 0.0, 1.0
possible_change,SIMPLE_NAME, line no: 23,length,SIMPLE_NAME, 2.22015503875969, 0.9534883720930233, 1.0, 0.26666666666666666, 0.0, 1.0
coins.length,QUALIFIED_NAME, line no: 22,first,SIMPLE_NAME, 2.203488372093023, 0.9534883720930233, 1.0, 0.25, 0.0, 1.0
rest,SIMPLE_NAME, line no: 22,coins,SIMPLE_NAME, 2.2, 0.023809523809523808, 1.0, 0.2, 0.0, 1.0
coins,SIMPLE_NAME, line no: 23,rest,SIMPLE_NAME, 2.2, 0.9302325581395349, 1.0, 0.2, 0.0, 1.0
total,SIMPLE_NAME, line no: 23,first,SIMPLE_NAME, 2.2, 0.9090909090909091, 1.0, 0.2, 0.0, 1.0
first,SIMPLE_NAME, line no: 23,total,SIMPLE_NAME, 2.2, 0.022727272727272728, 1.0, 0.2, 0.0, 1.0
rest,SIMPLE_NAME, line no: 23,coins,SIMPLE_NAME, 2.2, 0.023255813953488372, 1.0, 0.2, 0.0, 1.0
total,SIMPLE_NAME, line no: 23,first,SIMPLE_NAME, 2.2, 0.9302325581395349, 1.0, 0.2, 0.0, 1.0
length,SIMPLE_NAME, line no: 22,possible_change,SIMPLE_NAME, 2.1984848484848483, 0.022727272727272728, 1.0, 0.26666666666666666, 0.0, 1.0
possible_change(rest total),METHOD_INVOCATION, line no: 23,total,SIMPLE_NAME, 2.185185185185185, 0.023809523809523808, 1.0, 0.18518518518518517, 0.0, 1.0
possible_change,SIMPLE_NAME, line no: 23,possible_change(coins total - first) + possible_change(rest total),INFIX_EXPRESSION, 2.1807610993657502, 0.9534883720930233, 1.0, 0.22727272727272727, 0.0, 1.0
possible_change,SIMPLE_NAME, line no: 23,possible_change(coins total - first) + possible_change(rest total),INFIX_EXPRESSION, 2.1807610993657502, 0.9534883720930233, 1.0, 0.22727272727272727, 0.0, 1.0
coins,SIMPLE_NAME, line no: 21,rest,SIMPLE_NAME, 2.1767441860465118, 0.9767441860465116, 1.0, 0.2, 0.0, 1.0
coins,SIMPLE_NAME, line no: 22,rest,SIMPLE_NAME, 2.1767441860465118, 0.9767441860465116, 1.0, 0.2, 0.0, 1.0
total,SIMPLE_NAME, line no: 14,first,SIMPLE_NAME, 2.1761904761904765, 0.9523809523809523, 1.0, 0.2, 0.0, 1.0
total,SIMPLE_NAME, line no: 17,first,SIMPLE_NAME, 2.1761904761904765, 0.9523809523809523, 1.0, 0.2, 0.0, 1.0
first,SIMPLE_NAME, line no: 21,length,SIMPLE_NAME, 2.1666666666666665, 1.0, 1.0, 0.16666666666666666, 0.0, 1.0
total,SIMPLE_NAME, line no: 23,possible_change(rest total),METHOD_INVOCATION, 2.1619293712316967, 0.9767441860465116, 1.0, 0.18518518518518517, 0.0, 1.0
first,SIMPLE_NAME, line no: 23,coins.length,QUALIFIED_NAME, 2.159090909090909, 0.9090909090909091, 1.0, 0.25, 0.0, 1.0
coins,SIMPLE_NAME, line no: 22,rest,SIMPLE_NAME, 2.1545454545454548, 0.9545454545454546, 1.0, 0.2, 0.0, 1.0
first,SIMPLE_NAME, line no: 21,total,SIMPLE_NAME, 2.1523809523809523, 0.023809523809523808, 1.0, 0.2, 0.0, 1.0
possible_change(rest total),METHOD_INVOCATION, line no: 23,first,SIMPLE_NAME, 2.148148148148148, 0.9285714285714286, 1.0, 0.14814814814814814, 0.0, 1.0
total,SIMPLE_NAME, line no: 23,possible_change(rest total),METHOD_INVOCATION, 2.1397306397306397, 0.9545454545454546, 1.0, 0.18518518518518517, 0.0, 1.0
possible_change(coins total - first),METHOD_INVOCATION, line no: 23,total,SIMPLE_NAME, 2.138888888888889, 0.023809523809523808, 1.0, 0.1388888888888889, 0.0, 1.0
possible_change(coins total - first),METHOD_INVOCATION, line no: 23,first,SIMPLE_NAME, 2.138888888888889, 0.9285714285714286, 1.0, 0.1388888888888889, 0.0, 1.0
total,SIMPLE_NAME, line no: 14,possible_change(rest total),METHOD_INVOCATION, 2.1375661375661377, 0.9523809523809523, 1.0, 0.18518518518518517, 0.0, 1.0
total,SIMPLE_NAME, line no: 17,possible_change(rest total),METHOD_INVOCATION, 2.1375661375661377, 0.9523809523809523, 1.0, 0.18518518518518517, 0.0, 1.0
possible_change(rest total),METHOD_INVOCATION, line no: 23,length,SIMPLE_NAME, 2.1375661375661377, 0.9523809523809523, 1.0, 0.18518518518518517, 0.0, 1.0
first,SIMPLE_NAME, line no: 23,coins[0],ARRAY_ACCESS, 2.1363636363636362, 0.8863636363636364, 1.0, 0.25, 0.0, 1.0
possible_change,SIMPLE_NAME, line no: 23,total,SIMPLE_NAME, 2.1333333333333333, 0.023255813953488372, 1.0, 0.13333333333333333, 0.0, 1.0
possible_change,SIMPLE_NAME, line no: 23,total,SIMPLE_NAME, 2.1333333333333333, 0.023255813953488372, 1.0, 0.13333333333333333, 0.0, 1.0
total,SIMPLE_NAME, line no: 23,possible_change,SIMPLE_NAME, 2.1333333333333333, 0.023255813953488372, 1.0, 0.13333333333333333, 0.0, 1.0
coins[0],ARRAY_ACCESS, line no: 21,possible_change,SIMPLE_NAME, 2.1285714285714286, 0.023809523809523808, 1.0, 0.2, 0.0, 1.0
0,NUMBER_LITERAL, line no: 18,coins[0],ARRAY_ACCESS, 2.125, 1.0, 1.0, 0.125, 0.0, 1.0
coins[0],ARRAY_ACCESS, line no: 21,0,NUMBER_LITERAL, 2.125, 0.9285714285714286, 1.0, 0.125, 0.0, 1.0
Arrays.copyOfRange(coins 1 coins.length),METHOD_INVOCATION, line no: 22,coins,SIMPLE_NAME, 2.125, 0.023809523809523808, 1.0, 0.125, 0.0, 1.0
length,SIMPLE_NAME, line no: 22,first,SIMPLE_NAME, 2.121212121212121, 0.9545454545454546, 1.0, 0.16666666666666666, 0.0, 1.0
total,SIMPLE_NAME, line no: 23,length,SIMPLE_NAME, 2.1201550387596897, 0.9534883720930233, 1.0, 0.16666666666666666, 0.0, 1.0
total,SIMPLE_NAME, line no: 14,length,SIMPLE_NAME, 2.119047619047619, 0.9523809523809523, 1.0, 0.16666666666666666, 0.0, 1.0
total,SIMPLE_NAME, line no: 17,length,SIMPLE_NAME, 2.119047619047619, 0.9523809523809523, 1.0, 0.16666666666666666, 0.0, 1.0
total,SIMPLE_NAME, line no: 23,possible_change(coins total - first),METHOD_INVOCATION, 2.1156330749354004, 0.9767441860465116, 1.0, 0.1388888888888889, 0.0, 1.0
total,SIMPLE_NAME, line no: 23,possible_change,SIMPLE_NAME, 2.110606060606061, 0.022727272727272728, 1.0, 0.13333333333333333, 0.0, 1.0
possible_change,SIMPLE_NAME, line no: 23,total - first,INFIX_EXPRESSION, 2.110077519379845, 0.9767441860465116, 1.0, 0.13333333333333333, 0.0, 1.0
total - first,INFIX_EXPRESSION, line no: 23,possible_change,SIMPLE_NAME, 2.110077519379845, 0.023255813953488372, 1.0, 0.13333333333333333, 0.0, 1.0
possible_change,SIMPLE_NAME, line no: 23,total - first,INFIX_EXPRESSION, 2.110077519379845, 0.9767441860465116, 1.0, 0.13333333333333333, 0.0, 1.0
total,SIMPLE_NAME, line no: 14,possible_change,SIMPLE_NAME, 2.1095238095238096, 0.023809523809523808, 1.0, 0.13333333333333333, 0.0, 1.0
total,SIMPLE_NAME, line no: 17,possible_change,SIMPLE_NAME, 2.1095238095238096, 0.023809523809523808, 1.0, 0.13333333333333333, 0.0, 1.0
possible_change,SIMPLE_NAME, line no: 23,coins[0],ARRAY_ACCESS, 2.1069767441860465, 0.9069767441860465, 1.0, 0.2, 0.0, 1.0
possible_change,SIMPLE_NAME, line no: 23,coins[0],ARRAY_ACCESS, 2.1069767441860465, 0.9069767441860465, 1.0, 0.2, 0.0, 1.0
first,SIMPLE_NAME, line no: 23,possible_change(rest total),METHOD_INVOCATION, 2.102693602693603, 0.9545454545454546, 1.0, 0.14814814814814814, 0.0, 1.0
0,NUMBER_LITERAL, line no: 21,coins[0],ARRAY_ACCESS, 2.1017441860465116, 0.9767441860465116, 1.0, 0.125, 0.0, 1.0
coins,SIMPLE_NAME, line no: 22,Arrays.copyOfRange(coins 1 coins.length),METHOD_INVOCATION, 2.1017441860465116, 0.9767441860465116, 1.0, 0.125, 0.0, 1.0
coins[0],ARRAY_ACCESS, line no: 21,length,SIMPLE_NAME, 2.1011904761904763, 0.9761904761904762, 1.0, 0.125, 0.0, 1.0
length,SIMPLE_NAME, line no: 22,total,SIMPLE_NAME, 2.098484848484848, 0.022727272727272728, 1.0, 0.16666666666666666, 0.0, 1.0
total,SIMPLE_NAME, line no: 23,length,SIMPLE_NAME, 2.098484848484848, 0.9318181818181818, 1.0, 0.16666666666666666, 0.0, 1.0
first,SIMPLE_NAME, line no: 23,length,SIMPLE_NAME, 2.098484848484848, 0.9318181818181818, 1.0, 0.16666666666666666, 0.0, 1.0
coins.length,QUALIFIED_NAME, line no: 22,total,SIMPLE_NAME, 2.0968992248062013, 0.023255813953488372, 1.0, 0.16666666666666666, 0.0, 1.0
total,SIMPLE_NAME, line no: 23,coins.length,QUALIFIED_NAME, 2.0968992248062013, 0.9302325581395349, 1.0, 0.16666666666666666, 0.0, 1.0
total,SIMPLE_NAME, line no: 14,coins.length,QUALIFIED_NAME, 2.0952380952380953, 0.9285714285714286, 1.0, 0.16666666666666666, 0.0, 1.0
total,SIMPLE_NAME, line no: 17,coins.length,QUALIFIED_NAME, 2.0952380952380953, 0.9285714285714286, 1.0, 0.16666666666666666, 0.0, 1.0
length,SIMPLE_NAME, line no: 22,possible_change(rest total),METHOD_INVOCATION, 2.0942760942760943, 0.9090909090909091, 1.0, 0.18518518518518517, 0.0, 1.0
total,SIMPLE_NAME, line no: 23,possible_change(coins total - first),METHOD_INVOCATION, 2.0934343434343434, 0.9545454545454546, 1.0, 0.1388888888888889, 0.0, 1.0
first,SIMPLE_NAME, line no: 23,possible_change(coins total - first),METHOD_INVOCATION, 2.0934343434343434, 0.9545454545454546, 1.0, 0.1388888888888889, 0.0, 1.0
total,SIMPLE_NAME, line no: 14,possible_change(coins total - first),METHOD_INVOCATION, 2.0912698412698414, 0.9523809523809523, 1.0, 0.1388888888888889, 0.0, 1.0
total,SIMPLE_NAME, line no: 17,possible_change(coins total - first),METHOD_INVOCATION, 2.0912698412698414, 0.9523809523809523, 1.0, 0.1388888888888889, 0.0, 1.0
possible_change(coins total - first),METHOD_INVOCATION, line no: 23,length,SIMPLE_NAME, 2.0912698412698414, 0.9523809523809523, 1.0, 0.1388888888888889, 0.0, 1.0
rest,SIMPLE_NAME, line no: 22,copyOfRange,SIMPLE_NAME, 2.090909090909091, 1.0, 1.0, 0.09090909090909091, 0.0, 1.0
total - first,INFIX_EXPRESSION, line no: 23,length,SIMPLE_NAME, 2.0840787119856885, 0.9302325581395349, 1.0, 0.15384615384615385, 0.0, 1.0
coins,SIMPLE_NAME, line no: 22,Arrays.copyOfRange(coins 1 coins.length),METHOD_INVOCATION, 2.0795454545454546, 0.9545454545454546, 1.0, 0.125, 0.0, 1.0
coins,SIMPLE_NAME, line no: 21,Arrays.copyOfRange(coins 1 coins.length),METHOD_INVOCATION, 2.078488372093023, 0.9534883720930233, 1.0, 0.125, 0.0, 1.0
first,SIMPLE_NAME, line no: 21,possible_change(rest total),METHOD_INVOCATION, 2.0767195767195767, 0.9285714285714286, 1.0, 0.14814814814814814, 0.0, 1.0
rest,SIMPLE_NAME, line no: 22,Arrays.copyOfRange(coins 1 coins.length),METHOD_INVOCATION, 2.0761904761904764, 0.9761904761904762, 1.0, 0.1, 0.0, 1.0
Arrays.copyOfRange(coins 1 coins.length),METHOD_INVOCATION, line no: 22,rest,SIMPLE_NAME, 2.0761904761904764, 0.9761904761904762, 1.0, 0.1, 0.0, 1.0
possible_change(coins total - first) + possible_change(rest total),INFIX_EXPRESSION, line no: 23,total,SIMPLE_NAME, 2.0757575757575757, 0.024390243902439025, 1.0, 0.07575757575757576, 0.0, 1.0
possible_change(coins total - first) + possible_change(rest total),INFIX_EXPRESSION, line no: 23,first,SIMPLE_NAME, 2.0757575757575757, 0.9512195121951219, 1.0, 0.07575757575757576, 0.0, 1.0
total,SIMPLE_NAME, line no: 23,coins.length,QUALIFIED_NAME, 2.0757575757575757, 0.9090909090909091, 1.0, 0.16666666666666666, 0.0, 1.0
copyOfRange,SIMPLE_NAME, line no: 22,rest,SIMPLE_NAME, 2.0676532769556024, 0.9767441860465116, 1.0, 0.09090909090909091, 0.0, 1.0
first,SIMPLE_NAME, line no: 21,possible_change(coins total - first),METHOD_INVOCATION, 2.0674603174603177, 0.9285714285714286, 1.0, 0.1388888888888889, 0.0, 1.0
possible_change,SIMPLE_NAME, line no: 23,first,SIMPLE_NAME, 2.066666666666667, 0.9302325581395349, 1.0, 0.06666666666666667, 0.0, 1.0
possible_change,SIMPLE_NAME, line no: 23,first,SIMPLE_NAME, 2.066666666666667, 0.9302325581395349, 1.0, 0.06666666666666667, 0.0, 1.0
length,SIMPLE_NAME, line no: 22,total - first,INFIX_EXPRESSION, 2.062937062937063, 0.9090909090909091, 1.0, 0.15384615384615385, 0.0, 1.0
length,SIMPLE_NAME, line no: 22,coins[0],ARRAY_ACCESS, 2.0568181818181817, 0.9318181818181818, 1.0, 0.125, 0.0, 1.0
coins,SIMPLE_NAME, line no: 23,Arrays.copyOfRange(coins 1 coins.length),METHOD_INVOCATION, 2.0552325581395348, 0.9302325581395349, 1.0, 0.125, 0.0, 1.0
total,SIMPLE_NAME, line no: 14,coins[0],ARRAY_ACCESS, 2.053571428571429, 0.9285714285714286, 1.0, 0.125, 0.0, 1.0
0,NUMBER_LITERAL, line no: 14,coins[0],ARRAY_ACCESS, 2.053571428571429, 0.9285714285714286, 1.0, 0.125, 0.0, 1.0
total,SIMPLE_NAME, line no: 17,coins[0],ARRAY_ACCESS, 2.053571428571429, 0.9285714285714286, 1.0, 0.125, 0.0, 1.0
0,NUMBER_LITERAL, line no: 17,coins[0],ARRAY_ACCESS, 2.053571428571429, 0.9285714285714286, 1.0, 0.125, 0.0, 1.0
coins[0],ARRAY_ACCESS, line no: 21,total,SIMPLE_NAME, 2.053571428571429, 0.023809523809523808, 1.0, 0.125, 0.0, 1.0
length,SIMPLE_NAME, line no: 22,possible_change(coins total - first),METHOD_INVOCATION, 2.047979797979798, 0.9090909090909091, 1.0, 0.1388888888888889, 0.0, 1.0
rest,SIMPLE_NAME, line no: 23,copyOfRange,SIMPLE_NAME, 2.044397463002114, 0.9534883720930233, 1.0, 0.09090909090909091, 0.0, 1.0
first,SIMPLE_NAME, line no: 23,possible_change,SIMPLE_NAME, 2.043939393939394, 0.022727272727272728, 1.0, 0.06666666666666667, 0.0, 1.0
possible_change(coins total - first) + possible_change(rest total),INFIX_EXPRESSION, line no: 23,length,SIMPLE_NAME, 2.0421286031042127, 0.9512195121951219, 1.0, 0.09090909090909091, 0.0, 1.0
total,SIMPLE_NAME, line no: 23,coins[0],ARRAY_ACCESS, 2.0319767441860463, 0.9069767441860465, 1.0, 0.125, 0.0, 1.0
rest,SIMPLE_NAME, line no: 23,Arrays.copyOfRange(coins 1 coins.length),METHOD_INVOCATION, 2.030232558139535, 0.9302325581395349, 1.0, 0.1, 0.0, 1.0
total,SIMPLE_NAME, line no: 23,possible_change(coins total - first) + possible_change(rest total),INFIX_EXPRESSION, 2.029245947850599, 0.9534883720930233, 1.0, 0.07575757575757576, 0.0, 1.0
total,SIMPLE_NAME, line no: 14,possible_change(coins total - first) + possible_change(rest total),INFIX_EXPRESSION, 2.0281385281385282, 0.9523809523809523, 1.0, 0.07575757575757576, 0.0, 1.0
total,SIMPLE_NAME, line no: 17,possible_change(coins total - first) + possible_change(rest total),INFIX_EXPRESSION, 2.0281385281385282, 0.9523809523809523, 1.0, 0.07575757575757576, 0.0, 1.0
possible_change(coins total - first),METHOD_INVOCATION, line no: 23,total - first,INFIX_EXPRESSION, 2.0277777777777777, 1.0, 0.6666666666666666, 0.3611111111111111, 0.0, 1.0
first,SIMPLE_NAME, line no: 21,possible_change,SIMPLE_NAME, 2.019047619047619, 0.023809523809523808, 1.0, 0.06666666666666667, 0.0, 1.0
total == 0,INFIX_EXPRESSION, line no: 14,total - first,INFIX_EXPRESSION, 2.0140712945590993, 0.975609756097561, 0.5, 0.5384615384615384, 0.0, 1.0
total < 0,INFIX_EXPRESSION, line no: 17,total - first,INFIX_EXPRESSION, 2.0140712945590993, 0.975609756097561, 0.5, 0.5384615384615384, 0.0, 1.0
total,SIMPLE_NAME, line no: 23,coins[0],ARRAY_ACCESS, 2.0113636363636362, 0.8863636363636364, 1.0, 0.125, 0.0, 1.0
total,SIMPLE_NAME, line no: 23,possible_change(coins total - first) + possible_change(rest total),INFIX_EXPRESSION, 2.0075757575757573, 0.9318181818181818, 1.0, 0.07575757575757576, 0.0, 1.0
first,SIMPLE_NAME, line no: 23,possible_change(coins total - first) + possible_change(rest total),INFIX_EXPRESSION, 2.0075757575757573, 0.9318181818181818, 1.0, 0.07575757575757576, 0.0, 1.0
total - first,INFIX_EXPRESSION, line no: 23,possible_change(coins total - first),METHOD_INVOCATION, 2.0045219638242893, 0.9767441860465116, 0.6666666666666666, 0.3611111111111111, 0.0, 1.0
first,SIMPLE_NAME, line no: 21,possible_change(coins total - first) + possible_change(rest total),INFIX_EXPRESSION, 2.0043290043290045, 0.9285714285714286, 1.0, 0.07575757575757576, 0.0, 1.0
0,NUMBER_LITERAL, line no: 18,possible_change,SIMPLE_NAME, 2.0, 0.0, 1.0, 0.0, 0.0, 1.0
0,NUMBER_LITERAL, line no: 18,total,SIMPLE_NAME, 2.0, 0.0, 1.0, 0.0, 0.0, 1.0
0,NUMBER_LITERAL, line no: 18,1,NUMBER_LITERAL, 2.0, 1.0, 1.0, 0.0, 0.0, 1.0
0,NUMBER_LITERAL, line no: 18,first,SIMPLE_NAME, 2.0, 1.0, 1.0, 0.0, 0.0, 1.0
0,NUMBER_LITERAL, line no: 18,coins.length,QUALIFIED_NAME, 2.0, 1.0, 1.0, 0.0, 0.0, 1.0
0,NUMBER_LITERAL, line no: 18,length,SIMPLE_NAME, 2.0, 1.0, 1.0, 0.0, 0.0, 1.0
0,NUMBER_LITERAL, line no: 18,possible_change(coins total - first) + possible_change(rest total),INFIX_EXPRESSION, 2.0, 1.0, 1.0, 0.0, 0.0, 1.0
0,NUMBER_LITERAL, line no: 18,possible_change(coins total - first),METHOD_INVOCATION, 2.0, 1.0, 1.0, 0.0, 0.0, 1.0
0,NUMBER_LITERAL, line no: 18,total - first,INFIX_EXPRESSION, 2.0, 1.0, 1.0, 0.0, 0.0, 1.0
0,NUMBER_LITERAL, line no: 18,possible_change(rest total),METHOD_INVOCATION, 2.0, 1.0, 1.0, 0.0, 0.0, 1.0
length,SIMPLE_NAME, line no: 22,possible_change(coins total - first) + possible_change(rest total),INFIX_EXPRESSION, 1.977272727272727, 0.8863636363636364, 1.0, 0.09090909090909091, 0.0, 1.0
0,NUMBER_LITERAL, line no: 21,1,NUMBER_LITERAL, 1.9767441860465116, 0.11627906976744186, 1.0, 0.0, 0.0, 1.0
1,NUMBER_LITERAL, line no: 22,0,NUMBER_LITERAL, 1.9767441860465116, 0.9302325581395349, 1.0, 0.0, 0.0, 1.0
1,NUMBER_LITERAL, line no: 22,coins.length,QUALIFIED_NAME, 1.9767441860465116, 0.9767441860465116, 1.0, 0.0, 0.0, 1.0
1,NUMBER_LITERAL, line no: 22,length,SIMPLE_NAME, 1.9767441860465116, 0.9767441860465116, 1.0, 0.0, 0.0, 1.0
coins.length,QUALIFIED_NAME, line no: 22,1,NUMBER_LITERAL, 1.9767441860465116, 0.11627906976744186, 1.0, 0.0, 0.0, 1.0
total,SIMPLE_NAME, line no: 14,0,NUMBER_LITERAL, 1.9761904761904763, 0.9761904761904762, 1.0, 0.0, 0.0, 1.0
0,NUMBER_LITERAL, line no: 14,total,SIMPLE_NAME, 1.9761904761904763, 0.023809523809523808, 1.0, 0.0, 0.0, 1.0
total,SIMPLE_NAME, line no: 17,0,NUMBER_LITERAL, 1.9761904761904763, 0.9761904761904762, 1.0, 0.0, 0.0, 1.0
0,NUMBER_LITERAL, line no: 17,total,SIMPLE_NAME, 1.9761904761904763, 0.023809523809523808, 1.0, 0.0, 0.0, 1.0
first,SIMPLE_NAME, line no: 21,0,NUMBER_LITERAL, 1.9761904761904763, 0.9285714285714286, 1.0, 0.0, 0.0, 1.0
first,SIMPLE_NAME, line no: 21,1,NUMBER_LITERAL, 1.9761904761904763, 0.11904761904761904, 1.0, 0.0, 0.0, 1.0
coins[0],ARRAY_ACCESS, line no: 21,1,NUMBER_LITERAL, 1.9761904761904763, 0.11904761904761904, 1.0, 0.0, 0.0, 1.0
possible_change(coins total - first) + possible_change(rest total),INFIX_EXPRESSION, line no: 23,0,NUMBER_LITERAL, 1.975609756097561, 0.975609756097561, 1.0, 0.0, 0.0, 1.0
total - first,INFIX_EXPRESSION, line no: 23,total == 0,INFIX_EXPRESSION, 1.968694096601073, 0.9302325581395349, 0.5, 0.5384615384615384, 0.0, 1.0
total - first,INFIX_EXPRESSION, line no: 23,total < 0,INFIX_EXPRESSION, 1.968694096601073, 0.9302325581395349, 0.5, 0.5384615384615384, 0.0, 1.0
length,SIMPLE_NAME, line no: 22,1,NUMBER_LITERAL, 1.9545454545454546, 0.11363636363636363, 1.0, 0.0, 0.0, 1.0
0,NUMBER_LITERAL, line no: 21,first,SIMPLE_NAME, 1.9534883720930232, 0.9534883720930233, 1.0, 0.0, 0.0, 1.0
0,NUMBER_LITERAL, line no: 21,coins.length,QUALIFIED_NAME, 1.9534883720930232, 0.9534883720930233, 1.0, 0.0, 0.0, 1.0
0,NUMBER_LITERAL, line no: 21,length,SIMPLE_NAME, 1.9534883720930232, 0.9534883720930233, 1.0, 0.0, 0.0, 1.0
1,NUMBER_LITERAL, line no: 22,first,SIMPLE_NAME, 1.9534883720930232, 0.9534883720930233, 1.0, 0.0, 0.0, 1.0
1,NUMBER_LITERAL, line no: 22,coins[0],ARRAY_ACCESS, 1.9534883720930232, 0.9534883720930233, 1.0, 0.0, 0.0, 1.0
coins.length,QUALIFIED_NAME, line no: 22,0,NUMBER_LITERAL, 1.9534883720930232, 0.9069767441860465, 1.0, 0.0, 0.0, 1.0
0,NUMBER_LITERAL, line no: 14,possible_change,SIMPLE_NAME, 1.9523809523809523, 0.023809523809523808, 1.0, 0.0, 0.0, 1.0
0,NUMBER_LITERAL, line no: 14,1,NUMBER_LITERAL, 1.9523809523809523, 0.11904761904761904, 1.0, 0.0, 0.0, 1.0
0,NUMBER_LITERAL, line no: 14,first,SIMPLE_NAME, 1.9523809523809523, 0.9285714285714286, 1.0, 0.0, 0.0, 1.0
0,NUMBER_LITERAL, line no: 14,possible_change(coins total - first) + possible_change(rest total),INFIX_EXPRESSION, 1.9523809523809523, 0.9523809523809523, 1.0, 0.0, 0.0, 1.0
0,NUMBER_LITERAL, line no: 14,possible_change(coins total - first),METHOD_INVOCATION, 1.9523809523809523, 0.9523809523809523, 1.0, 0.0, 0.0, 1.0
0,NUMBER_LITERAL, line no: 14,total - first,INFIX_EXPRESSION, 1.9523809523809523, 0.9523809523809523, 1.0, 0.0, 0.0, 1.0
0,NUMBER_LITERAL, line no: 14,possible_change(rest total),METHOD_INVOCATION, 1.9523809523809523, 0.9523809523809523, 1.0, 0.0, 0.0, 1.0
0,NUMBER_LITERAL, line no: 17,possible_change,SIMPLE_NAME, 1.9523809523809523, 0.023809523809523808, 1.0, 0.0, 0.0, 1.0
0,NUMBER_LITERAL, line no: 17,1,NUMBER_LITERAL, 1.9523809523809523, 0.11904761904761904, 1.0, 0.0, 0.0, 1.0
0,NUMBER_LITERAL, line no: 17,first,SIMPLE_NAME, 1.9523809523809523, 0.9285714285714286, 1.0, 0.0, 0.0, 1.0
0,NUMBER_LITERAL, line no: 17,possible_change(coins total - first) + possible_change(rest total),INFIX_EXPRESSION, 1.9523809523809523, 0.9523809523809523, 1.0, 0.0, 0.0, 1.0
0,NUMBER_LITERAL, line no: 17,possible_change(coins total - first),METHOD_INVOCATION, 1.9523809523809523, 0.9523809523809523, 1.0, 0.0, 0.0, 1.0
0,NUMBER_LITERAL, line no: 17,total - first,INFIX_EXPRESSION, 1.9523809523809523, 0.9523809523809523, 1.0, 0.0, 0.0, 1.0
0,NUMBER_LITERAL, line no: 17,possible_change(rest total),METHOD_INVOCATION, 1.9523809523809523, 0.9523809523809523, 1.0, 0.0, 0.0, 1.0
possible_change(coins total - first),METHOD_INVOCATION, line no: 23,0,NUMBER_LITERAL, 1.9523809523809523, 0.9523809523809523, 1.0, 0.0, 0.0, 1.0
possible_change(coins total - first),METHOD_INVOCATION, line no: 23,1,NUMBER_LITERAL, 1.9523809523809523, 0.11904761904761904, 1.0, 0.0, 0.0, 1.0
possible_change(rest total),METHOD_INVOCATION, line no: 23,0,NUMBER_LITERAL, 1.9523809523809523, 0.9523809523809523, 1.0, 0.0, 0.0, 1.0
possible_change(rest total),METHOD_INVOCATION, line no: 23,1,NUMBER_LITERAL, 1.9523809523809523, 0.11904761904761904, 1.0, 0.0, 0.0, 1.0
possible_change(coins total - first) + possible_change(rest total),INFIX_EXPRESSION, line no: 23,1,NUMBER_LITERAL, 1.951219512195122, 0.12195121951219512, 1.0, 0.0, 0.0, 1.0
length,SIMPLE_NAME, line no: 22,0,NUMBER_LITERAL, 1.9318181818181817, 0.8863636363636364, 1.0, 0.0, 0.0, 1.0
1,NUMBER_LITERAL, line no: 22,possible_change,SIMPLE_NAME, 1.9302325581395348, 0.023255813953488372, 1.0, 0.0, 0.0, 1.0
1,NUMBER_LITERAL, line no: 22,total,SIMPLE_NAME, 1.9302325581395348, 0.023255813953488372, 1.0, 0.0, 0.0, 1.0
1,NUMBER_LITERAL, line no: 22,possible_change(coins total - first),METHOD_INVOCATION, 1.9302325581395348, 0.9302325581395349, 1.0, 0.0, 0.0, 1.0
1,NUMBER_LITERAL, line no: 22,total - first,INFIX_EXPRESSION, 1.9302325581395348, 0.9302325581395349, 1.0, 0.0, 0.0, 1.0
1,NUMBER_LITERAL, line no: 22,possible_change(rest total),METHOD_INVOCATION, 1.9302325581395348, 0.9302325581395349, 1.0, 0.0, 0.0, 1.0
possible_change,SIMPLE_NAME, line no: 23,0,NUMBER_LITERAL, 1.9302325581395348, 0.9302325581395349, 1.0, 0.0, 0.0, 1.0
possible_change,SIMPLE_NAME, line no: 23,1,NUMBER_LITERAL, 1.9302325581395348, 0.11627906976744186, 1.0, 0.0, 0.0, 1.0
total - first,INFIX_EXPRESSION, line no: 23,0,NUMBER_LITERAL, 1.9302325581395348, 0.9302325581395349, 1.0, 0.0, 0.0, 1.0
total - first,INFIX_EXPRESSION, line no: 23,1,NUMBER_LITERAL, 1.9302325581395348, 0.11627906976744186, 1.0, 0.0, 0.0, 1.0
possible_change,SIMPLE_NAME, line no: 23,0,NUMBER_LITERAL, 1.9302325581395348, 0.9302325581395349, 1.0, 0.0, 0.0, 1.0
possible_change,SIMPLE_NAME, line no: 23,1,NUMBER_LITERAL, 1.9302325581395348, 0.11627906976744186, 1.0, 0.0, 0.0, 1.0
total,SIMPLE_NAME, line no: 23,0,NUMBER_LITERAL, 1.9302325581395348, 0.9302325581395349, 1.0, 0.0, 0.0, 1.0
total,SIMPLE_NAME, line no: 23,1,NUMBER_LITERAL, 1.9302325581395348, 0.11627906976744186, 1.0, 0.0, 0.0, 1.0
total,SIMPLE_NAME, line no: 14,1,NUMBER_LITERAL, 1.9285714285714286, 0.11904761904761904, 1.0, 0.0, 0.0, 1.0
0,NUMBER_LITERAL, line no: 14,coins.length,QUALIFIED_NAME, 1.9285714285714286, 0.9285714285714286, 1.0, 0.0, 0.0, 1.0
0,NUMBER_LITERAL, line no: 14,length,SIMPLE_NAME, 1.9285714285714286, 0.9285714285714286, 1.0, 0.0, 0.0, 1.0
total,SIMPLE_NAME, line no: 17,1,NUMBER_LITERAL, 1.9285714285714286, 0.11904761904761904, 1.0, 0.0, 0.0, 1.0
0,NUMBER_LITERAL, line no: 17,coins.length,QUALIFIED_NAME, 1.9285714285714286, 0.9285714285714286, 1.0, 0.0, 0.0, 1.0
0,NUMBER_LITERAL, line no: 17,length,SIMPLE_NAME, 1.9285714285714286, 0.9285714285714286, 1.0, 0.0, 0.0, 1.0
possible_change(coins total - first),METHOD_INVOCATION, line no: 23,possible_change(rest total),METHOD_INVOCATION, 1.9166666666666665, 1.0, 0.25, 0.6666666666666666, 0.0, 1.0
possible_change(rest total),METHOD_INVOCATION, line no: 23,possible_change(coins total - first),METHOD_INVOCATION, 1.9166666666666665, 1.0, 0.25, 0.6666666666666666, 0.0, 1.0
possible_change(coins total - first) + possible_change(rest total),INFIX_EXPRESSION, line no: 23,possible_change(rest total),METHOD_INVOCATION, 1.9090909090909092, 1.0, 0.5, 0.4090909090909091, 0.0, 1.0
total,SIMPLE_NAME, line no: 23,0,NUMBER_LITERAL, 1.9090909090909092, 0.9090909090909091, 1.0, 0.0, 0.0, 1.0
total,SIMPLE_NAME, line no: 23,1,NUMBER_LITERAL, 1.9090909090909092, 0.11363636363636363, 1.0, 0.0, 0.0, 1.0
first,SIMPLE_NAME, line no: 23,0,NUMBER_LITERAL, 1.9090909090909092, 0.9090909090909091, 1.0, 0.0, 0.0, 1.0
first,SIMPLE_NAME, line no: 23,1,NUMBER_LITERAL, 1.9090909090909092, 0.11363636363636363, 1.0, 0.0, 0.0, 1.0
0,NUMBER_LITERAL, line no: 21,possible_change,SIMPLE_NAME, 1.9069767441860463, 0.023255813953488372, 1.0, 0.0, 0.0, 1.0
0,NUMBER_LITERAL, line no: 21,total,SIMPLE_NAME, 1.9069767441860463, 0.023255813953488372, 1.0, 0.0, 0.0, 1.0
0,NUMBER_LITERAL, line no: 21,possible_change(coins total - first) + possible_change(rest total),INFIX_EXPRESSION, 1.9069767441860463, 0.9069767441860465, 1.0, 0.0, 0.0, 1.0
0,NUMBER_LITERAL, line no: 21,possible_change(coins total - first),METHOD_INVOCATION, 1.9069767441860463, 0.9069767441860465, 1.0, 0.0, 0.0, 1.0
0,NUMBER_LITERAL, line no: 21,total - first,INFIX_EXPRESSION, 1.9069767441860463, 0.9069767441860465, 1.0, 0.0, 0.0, 1.0
0,NUMBER_LITERAL, line no: 21,possible_change(rest total),METHOD_INVOCATION, 1.9069767441860463, 0.9069767441860465, 1.0, 0.0, 0.0, 1.0
1,NUMBER_LITERAL, line no: 22,possible_change(coins total - first) + possible_change(rest total),INFIX_EXPRESSION, 1.9069767441860463, 0.9069767441860465, 1.0, 0.0, 0.0, 1.0
coins[0],ARRAY_ACCESS, line no: 21,coins.length,QUALIFIED_NAME, 1.892857142857143, 0.9761904761904762, 0.5, 0.4166666666666667, 0.0, 1.0
1,NUMBER_LITERAL, line no: 15,possible_change,SIMPLE_NAME, 1.885618083164127, 0.0, 1.0, 0.0, 0.0, 0.9428090415820635
1,NUMBER_LITERAL, line no: 15,total,SIMPLE_NAME, 1.885618083164127, 0.0, 1.0, 0.0, 0.0, 0.9428090415820635
1,NUMBER_LITERAL, line no: 15,0,NUMBER_LITERAL, 1.885618083164127, 1.0, 1.0, 0.0, 0.0, 0.9428090415820635
1,NUMBER_LITERAL, line no: 15,first,SIMPLE_NAME, 1.885618083164127, 1.0, 1.0, 0.0, 0.0, 0.9428090415820635
1,NUMBER_LITERAL, line no: 15,coins[0],ARRAY_ACCESS, 1.885618083164127, 1.0, 1.0, 0.0, 0.0, 0.9428090415820635
1,NUMBER_LITERAL, line no: 15,coins.length,QUALIFIED_NAME, 1.885618083164127, 1.0, 1.0, 0.0, 0.0, 0.9428090415820635
1,NUMBER_LITERAL, line no: 15,length,SIMPLE_NAME, 1.885618083164127, 1.0, 1.0, 0.0, 0.0, 0.9428090415820635
1,NUMBER_LITERAL, line no: 15,possible_change(coins total - first) + possible_change(rest total),INFIX_EXPRESSION, 1.885618083164127, 1.0, 1.0, 0.0, 0.0, 0.9428090415820635
1,NUMBER_LITERAL, line no: 15,possible_change(coins total - first),METHOD_INVOCATION, 1.885618083164127, 1.0, 1.0, 0.0, 0.0, 0.9428090415820635
1,NUMBER_LITERAL, line no: 15,total - first,INFIX_EXPRESSION, 1.885618083164127, 1.0, 1.0, 0.0, 0.0, 0.9428090415820635
1,NUMBER_LITERAL, line no: 15,possible_change(rest total),METHOD_INVOCATION, 1.885618083164127, 1.0, 1.0, 0.0, 0.0, 0.9428090415820635
possible_change(rest total),METHOD_INVOCATION, line no: 23,possible_change(coins total - first) + possible_change(rest total),INFIX_EXPRESSION, 1.8852813852813854, 0.9761904761904762, 0.5, 0.4090909090909091, 0.0, 1.0
coins.length,QUALIFIED_NAME, line no: 22,coins[0],ARRAY_ACCESS, 1.87015503875969, 0.9534883720930233, 0.5, 0.4166666666666667, 0.0, 1.0
possible_change(coins total - first) + possible_change(rest total),INFIX_EXPRESSION, line no: 23,total - first,INFIX_EXPRESSION, 1.696969696969697, 1.0, 0.5, 0.19696969696969696, 0.0, 1.0
total == 0,INFIX_EXPRESSION, line no: 14,possible_change(rest total),METHOD_INVOCATION, 1.660794941282746, 0.975609756097561, 0.5, 0.18518518518518517, 0.0, 1.0
total < 0,INFIX_EXPRESSION, line no: 17,possible_change(rest total),METHOD_INVOCATION, 1.660794941282746, 0.975609756097561, 0.5, 0.18518518518518517, 0.0, 1.0
Arrays.copyOfRange(coins 1 coins.length),METHOD_INVOCATION, line no: 22,possible_change(coins total - first),METHOD_INVOCATION, 1.6523809523809523, 0.9523809523809523, 0.25, 0.45, 0.0, 1.0
possible_change(coins total - first),METHOD_INVOCATION, line no: 23,Arrays.copyOfRange(coins 1 coins.length),METHOD_INVOCATION, 1.6523809523809523, 0.9523809523809523, 0.25, 0.45, 0.0, 1.0
total - first,INFIX_EXPRESSION, line no: 23,possible_change(coins total - first) + possible_change(rest total),INFIX_EXPRESSION, 1.6504580690627202, 0.9534883720930233, 0.5, 0.19696969696969696, 0.0, 1.0
possible_change(rest total),METHOD_INVOCATION, line no: 23,total == 0,INFIX_EXPRESSION, 1.6375661375661374, 0.9523809523809523, 0.5, 0.18518518518518517, 0.0, 1.0
possible_change(rest total),METHOD_INVOCATION, line no: 23,total < 0,INFIX_EXPRESSION, 1.6375661375661374, 0.9523809523809523, 0.5, 0.18518518518518517, 0.0, 1.0
coins[0],ARRAY_ACCESS, line no: 21,coins,SIMPLE_NAME, 1.625, 0.023809523809523808, 0.0, 0.625, 0.0, 1.0
coins,SIMPLE_NAME, line no: 21,coins[0],ARRAY_ACCESS, 1.6017441860465116, 0.9767441860465116, 0.0, 0.625, 0.0, 1.0
coins[0],ARRAY_ACCESS, line no: 21,Arrays.copyOfRange(coins 1 coins.length),METHOD_INVOCATION, 1.6011904761904763, 0.9761904761904762, 0.5, 0.125, 0.0, 1.0
Arrays.copyOfRange(coins 1 coins.length),METHOD_INVOCATION, line no: 22,coins[0],ARRAY_ACCESS, 1.6011904761904763, 0.9761904761904762, 0.5, 0.125, 0.0, 1.0
first,SIMPLE_NAME, line no: 21,rest,SIMPLE_NAME, 1.6, 1.0, 0.0, 0.6, 0.0, 1.0
rest,SIMPLE_NAME, line no: 22,first,SIMPLE_NAME, 1.6, 1.0, 0.0, 0.6, 0.0, 1.0
rest,SIMPLE_NAME, line no: 23,first,SIMPLE_NAME, 1.6, 0.9302325581395349, 0.0, 0.6, 0.0, 1.0
coins,SIMPLE_NAME, line no: 22,coins[0],ARRAY_ACCESS, 1.5784883720930232, 0.9534883720930233, 0.0, 0.625, 0.0, 1.0
first,SIMPLE_NAME, line no: 23,rest,SIMPLE_NAME, 1.5772727272727272, 0.9090909090909091, 0.0, 0.6, 0.0, 1.0
coins,SIMPLE_NAME, line no: 22,coins[0],ARRAY_ACCESS, 1.5568181818181817, 0.9318181818181818, 0.0, 0.625, 0.0, 1.0
total < 0,INFIX_EXPRESSION, line no: 17,total,SIMPLE_NAME, 1.5555555555555556, 0.024390243902439025, 0.0, 0.5555555555555556, 0.0, 1.0
coins,SIMPLE_NAME, line no: 23,coins[0],ARRAY_ACCESS, 1.5319767441860463, 0.9069767441860465, 0.0, 0.625, 0.0, 1.0
total,SIMPLE_NAME, line no: 14,total < 0,INFIX_EXPRESSION, 1.5317460317460316, 0.9761904761904762, 0.0, 0.5555555555555556, 0.0, 1.0
total,SIMPLE_NAME, line no: 17,total < 0,INFIX_EXPRESSION, 1.5317460317460316, 0.9761904761904762, 0.0, 0.5555555555555556, 0.0, 1.0
possible_change(rest total),METHOD_INVOCATION, line no: 23,total - first,INFIX_EXPRESSION, 1.5185185185185184, 1.0, 0.3333333333333333, 0.18518518518518517, 0.0, 1.0
total == 0,INFIX_EXPRESSION, line no: 14,possible_change(coins total - first),METHOD_INVOCATION, 1.5033875338753386, 0.975609756097561, 0.3333333333333333, 0.19444444444444445, 0.0, 1.0
total < 0,INFIX_EXPRESSION, line no: 17,possible_change(coins total - first),METHOD_INVOCATION, 1.5033875338753386, 0.975609756097561, 0.3333333333333333, 0.19444444444444445, 0.0, 1.0
total == 0,INFIX_EXPRESSION, line no: 14,total,SIMPLE_NAME, 1.5, 0.024390243902439025, 0.0, 0.5, 0.0, 1.0
total - first,INFIX_EXPRESSION, line no: 23,possible_change(rest total),METHOD_INVOCATION, 1.49526270456503, 0.9767441860465116, 0.3333333333333333, 0.18518518518518517, 0.0, 1.0
total,SIMPLE_NAME, line no: 23,total < 0,INFIX_EXPRESSION, 1.4857881136950906, 0.9302325581395349, 0.0, 0.5555555555555556, 0.0, 1.0
possible_change(coins total - first) + possible_change(rest total),INFIX_EXPRESSION, line no: 23,Arrays.copyOfRange(coins 1 coins.length),METHOD_INVOCATION, 1.4845528455284551, 0.9512195121951219, 0.2, 0.3333333333333333, 0.0, 1.0
possible_change(coins total - first),METHOD_INVOCATION, line no: 23,total == 0,INFIX_EXPRESSION, 1.48015873015873, 0.9523809523809523, 0.3333333333333333, 0.19444444444444445, 0.0, 1.0
possible_change(coins total - first),METHOD_INVOCATION, line no: 23,total < 0,INFIX_EXPRESSION, 1.48015873015873, 0.9523809523809523, 0.3333333333333333, 0.19444444444444445, 0.0, 1.0
total,SIMPLE_NAME, line no: 14,total == 0,INFIX_EXPRESSION, 1.4761904761904763, 0.9761904761904762, 0.0, 0.5, 0.0, 1.0
total,SIMPLE_NAME, line no: 17,total == 0,INFIX_EXPRESSION, 1.4761904761904763, 0.9761904761904762, 0.0, 0.5, 0.0, 1.0
total,SIMPLE_NAME, line no: 23,total < 0,INFIX_EXPRESSION, 1.4646464646464645, 0.9090909090909091, 0.0, 0.5555555555555556, 0.0, 1.0
Arrays.copyOfRange(coins 1 coins.length),METHOD_INVOCATION, line no: 22,possible_change(coins total - first) + possible_change(rest total),INFIX_EXPRESSION, 1.4619047619047618, 0.9285714285714286, 0.2, 0.3333333333333333, 0.0, 1.0
total,SIMPLE_NAME, line no: 23,total == 0,INFIX_EXPRESSION, 1.4302325581395348, 0.9302325581395349, 0.0, 0.5, 0.0, 1.0
coins.length,QUALIFIED_NAME, line no: 22,coins,SIMPLE_NAME, 1.4166666666666667, 0.023255813953488372, 0.0, 0.4166666666666667, 0.0, 1.0
total,SIMPLE_NAME, line no: 23,total == 0,INFIX_EXPRESSION, 1.4090909090909092, 0.9090909090909091, 0.0, 0.5, 0.0, 1.0
coins[0],ARRAY_ACCESS, line no: 21,possible_change(coins total - first),METHOD_INVOCATION, 1.4007936507936507, 0.9285714285714286, 0.3333333333333333, 0.1388888888888889, 0.0, 1.0
possible_change(coins total - first),METHOD_INVOCATION, line no: 23,coins[0],ARRAY_ACCESS, 1.4007936507936507, 0.9285714285714286, 0.3333333333333333, 0.1388888888888889, 0.0, 1.0
first,SIMPLE_NAME, line no: 21,coins,SIMPLE_NAME, 1.4, 0.023809523809523808, 0.0, 0.4, 0.0, 1.0
coins,SIMPLE_NAME, line no: 23,first,SIMPLE_NAME, 1.4, 0.9302325581395349, 0.0, 0.4, 0.0, 1.0
possible_change(coins total - first),METHOD_INVOCATION, line no: 23,coins.length,QUALIFIED_NAME, 1.3968253968253967, 0.9523809523809523, 0.25, 0.19444444444444445, 0.0, 1.0
coins,SIMPLE_NAME, line no: 22,coins.length,QUALIFIED_NAME, 1.393939393939394, 0.9772727272727273, 0.0, 0.4166666666666667, 0.0, 1.0
coins,SIMPLE_NAME, line no: 22,coins.length,QUALIFIED_NAME, 1.3934108527131783, 0.9767441860465116, 0.0, 0.4166666666666667, 0.0, 1.0
first,SIMPLE_NAME, line no: 23,coins,SIMPLE_NAME, 1.3772727272727274, 0.022727272727272728, 0.0, 0.4, 0.0, 1.0
coins,SIMPLE_NAME, line no: 21,first,SIMPLE_NAME, 1.3767441860465115, 0.9767441860465116, 0.0, 0.4, 0.0, 1.0
coins,SIMPLE_NAME, line no: 22,first,SIMPLE_NAME, 1.3767441860465115, 0.9767441860465116, 0.0, 0.4, 0.0, 1.0
coins.length,QUALIFIED_NAME, line no: 22,possible_change(coins total - first),METHOD_INVOCATION, 1.3746770025839792, 0.9302325581395349, 0.25, 0.19444444444444445, 0.0, 1.0
coins,SIMPLE_NAME, line no: 21,coins.length,QUALIFIED_NAME, 1.37015503875969, 0.9534883720930233, 0.0, 0.4166666666666667, 0.0, 1.0
coins,SIMPLE_NAME, line no: 22,first,SIMPLE_NAME, 1.3545454545454545, 0.9545454545454546, 0.0, 0.4, 0.0, 1.0
coins,SIMPLE_NAME, line no: 23,coins.length,QUALIFIED_NAME, 1.3468992248062015, 0.9302325581395349, 0.0, 0.4166666666666667, 0.0, 1.0
first,SIMPLE_NAME, line no: 21,Arrays,SIMPLE_NAME, 1.3333333333333333, 1.0, 0.0, 0.3333333333333333, 0.0, 1.0
rest,SIMPLE_NAME, line no: 22,Arrays,SIMPLE_NAME, 1.3333333333333333, 1.0, 0.0, 0.3333333333333333, 0.0, 1.0
rest,SIMPLE_NAME, line no: 22,length,SIMPLE_NAME, 1.3333333333333333, 1.0, 0.0, 0.3333333333333333, 0.0, 1.0
total == 0,INFIX_EXPRESSION, line no: 14,possible_change(coins total - first) + possible_change(rest total),INFIX_EXPRESSION, 1.331670362158167, 0.975609756097561, 0.25, 0.10606060606060606, 0.0, 1.0
total < 0,INFIX_EXPRESSION, line no: 17,possible_change(coins total - first) + possible_change(rest total),INFIX_EXPRESSION, 1.331670362158167, 0.975609756097561, 0.25, 0.10606060606060606, 0.0, 1.0
possible_change(coins total - first) + possible_change(rest total),INFIX_EXPRESSION, line no: 23,total == 0,INFIX_EXPRESSION, 1.331670362158167, 0.975609756097561, 0.25, 0.10606060606060606, 0.0, 1.0
possible_change(coins total - first) + possible_change(rest total),INFIX_EXPRESSION, line no: 23,total < 0,INFIX_EXPRESSION, 1.331670362158167, 0.975609756097561, 0.25, 0.10606060606060606, 0.0, 1.0
Arrays,SIMPLE_NAME, line no: 22,first,SIMPLE_NAME, 1.3100775193798448, 0.9767441860465116, 0.0, 0.3333333333333333, 0.0, 1.0
Arrays,SIMPLE_NAME, line no: 22,rest,SIMPLE_NAME, 1.3100775193798448, 0.9767441860465116, 0.0, 0.3333333333333333, 0.0, 1.0
copyOfRange,SIMPLE_NAME, line no: 22,coins.length,QUALIFIED_NAME, 1.3100775193798448, 0.9767441860465116, 0.0, 0.3333333333333333, 0.0, 1.0
coins.length,QUALIFIED_NAME, line no: 22,copyOfRange,SIMPLE_NAME, 1.3100775193798448, 0.9767441860465116, 0.0, 0.3333333333333333, 0.0, 1.0
possible_change(coins total - first) + possible_change(rest total),INFIX_EXPRESSION, line no: 23,coins.length,QUALIFIED_NAME, 1.3027346637102735, 0.9512195121951219, 0.2, 0.15151515151515152, 0.0, 1.0
length,SIMPLE_NAME, line no: 22,rest,SIMPLE_NAME, 1.2878787878787878, 0.9545454545454546, 0.0, 0.3333333333333333, 0.0, 1.0
copyOfRange,SIMPLE_NAME, line no: 22,possible_change,SIMPLE_NAME, 1.2868217054263567, 0.023255813953488372, 0.0, 0.3333333333333333, 0.0, 1.0
possible_change,SIMPLE_NAME, line no: 23,copyOfRange,SIMPLE_NAME, 1.2868217054263567, 0.9534883720930233, 0.0, 0.3333333333333333, 0.0, 1.0
possible_change,SIMPLE_NAME, line no: 23,copyOfRange,SIMPLE_NAME, 1.2868217054263567, 0.9534883720930233, 0.0, 0.3333333333333333, 0.0, 1.0
rest,SIMPLE_NAME, line no: 23,Arrays,SIMPLE_NAME, 1.2868217054263567, 0.9534883720930233, 0.0, 0.3333333333333333, 0.0, 1.0
rest,SIMPLE_NAME, line no: 23,length,SIMPLE_NAME, 1.2868217054263567, 0.9534883720930233, 0.0, 0.3333333333333333, 0.0, 1.0
possible_change(coins total - first) + possible_change(rest total),INFIX_EXPRESSION, line no: 23,coins[0],ARRAY_ACCESS, 1.2769770879526976, 0.9512195121951219, 0.25, 0.07575757575757576, 0.0, 1.0
first,SIMPLE_NAME, line no: 23,Arrays,SIMPLE_NAME, 1.2651515151515151, 0.9318181818181818, 0.0, 0.3333333333333333, 0.0, 1.0
coins.length,QUALIFIED_NAME, line no: 22,possible_change(coins total - first) + possible_change(rest total),INFIX_EXPRESSION, 1.2584918957011981, 0.9069767441860465, 0.2, 0.15151515151515152, 0.0, 1.0
coins[0],ARRAY_ACCESS, line no: 21,possible_change(coins total - first) + possible_change(rest total),INFIX_EXPRESSION, 1.2543290043290043, 0.9285714285714286, 0.25, 0.07575757575757576, 0.0, 1.0
Arrays.copyOfRange(coins 1 coins.length),METHOD_INVOCATION, line no: 22,possible_change(rest total),METHOD_INVOCATION, 1.2523809523809524, 0.9523809523809523, 0.0, 0.3, 0.0, 1.0
possible_change(rest total),METHOD_INVOCATION, line no: 23,Arrays.copyOfRange(coins 1 coins.length),METHOD_INVOCATION, 1.2523809523809524, 0.9523809523809523, 0.0, 0.3, 0.0, 1.0
coins[0],ARRAY_ACCESS, line no: 21,copyOfRange,SIMPLE_NAME, 1.2489177489177488, 0.9761904761904762, 0.0, 0.2727272727272727, 0.0, 1.0
coins.length,QUALIFIED_NAME, line no: 22,total - first,INFIX_EXPRESSION, 1.2379248658318427, 0.9302325581395349, 0.0, 0.3076923076923077, 0.0, 1.0
total - first,INFIX_EXPRESSION, line no: 23,coins.length,QUALIFIED_NAME, 1.2379248658318427, 0.9302325581395349, 0.0, 0.3076923076923077, 0.0, 1.0
copyOfRange,SIMPLE_NAME, line no: 22,coins[0],ARRAY_ACCESS, 1.226215644820296, 0.9534883720930233, 0.0, 0.2727272727272727, 0.0, 1.0
possible_change(rest total),METHOD_INVOCATION, line no: 23,coins.length,QUALIFIED_NAME, 1.2116402116402116, 0.9523809523809523, 0.0, 0.25925925925925924, 0.0, 1.0
coins,SIMPLE_NAME, line no: 23,total - first,INFIX_EXPRESSION, 1.2075134168157424, 0.9767441860465116, 0.0, 0.23076923076923078, 0.0, 1.0
total - first,INFIX_EXPRESSION, line no: 23,coins,SIMPLE_NAME, 1.2075134168157424, 0.023255813953488372, 0.0, 0.23076923076923078, 0.0, 1.0
total - first,INFIX_EXPRESSION, line no: 23,rest,SIMPLE_NAME, 1.2075134168157424, 0.9069767441860465, 0.0, 0.23076923076923078, 0.0, 1.0
rest,SIMPLE_NAME, line no: 23,total - first,INFIX_EXPRESSION, 1.2075134168157424, 0.9767441860465116, 0.0, 0.23076923076923078, 0.0, 1.0
possible_change,SIMPLE_NAME, line no: 23,coins,SIMPLE_NAME, 1.2, 0.023255813953488372, 0.0, 0.2, 0.0, 1.0
coins,SIMPLE_NAME, line no: 23,possible_change,SIMPLE_NAME, 1.2, 0.023255813953488372, 0.0, 0.2, 0.0, 1.0
coins,SIMPLE_NAME, line no: 23,total,SIMPLE_NAME, 1.2, 0.023255813953488372, 0.0, 0.2, 0.0, 1.0
possible_change,SIMPLE_NAME, line no: 23,coins,SIMPLE_NAME, 1.2, 0.023255813953488372, 0.0, 0.2, 0.0, 1.0
rest,SIMPLE_NAME, line no: 23,total,SIMPLE_NAME, 1.2, 0.023255813953488372, 0.0, 0.2, 0.0, 1.0
total,SIMPLE_NAME, line no: 23,coins,SIMPLE_NAME, 1.2, 0.023255813953488372, 0.0, 0.2, 0.0, 1.0
total,SIMPLE_NAME, line no: 23,rest,SIMPLE_NAME, 1.2, 0.9302325581395349, 0.0, 0.2, 0.0, 1.0
coins.length,QUALIFIED_NAME, line no: 22,possible_change(rest total),METHOD_INVOCATION, 1.189491817398794, 0.9302325581395349, 0.0, 0.25925925925925924, 0.0, 1.0
copyOfRange,SIMPLE_NAME, line no: 22,length,SIMPLE_NAME, 1.1818181818181819, 1.0, 0.0, 0.18181818181818182, 0.0, 1.0
total,SIMPLE_NAME, line no: 23,coins,SIMPLE_NAME, 1.1772727272727272, 0.022727272727272728, 0.0, 0.2, 0.0, 1.0
total,SIMPLE_NAME, line no: 23,rest,SIMPLE_NAME, 1.1772727272727272, 0.9090909090909091, 0.0, 0.2, 0.0, 1.0
total,SIMPLE_NAME, line no: 14,coins,SIMPLE_NAME, 1.1761904761904762, 0.023809523809523808, 0.0, 0.2, 0.0, 1.0
total,SIMPLE_NAME, line no: 14,rest,SIMPLE_NAME, 1.1761904761904762, 0.9523809523809523, 0.0, 0.2, 0.0, 1.0
total,SIMPLE_NAME, line no: 17,coins,SIMPLE_NAME, 1.1761904761904762, 0.023809523809523808, 0.0, 0.2, 0.0, 1.0
total,SIMPLE_NAME, line no: 17,rest,SIMPLE_NAME, 1.1761904761904762, 0.9523809523809523, 0.0, 0.2, 0.0, 1.0
total < 0,INFIX_EXPRESSION, line no: 17,coins[0],ARRAY_ACCESS, 1.1734417344173442, 0.9512195121951219, 0.0, 0.2222222222222222, 0.0, 1.0
Arrays,SIMPLE_NAME, line no: 22,coins,SIMPLE_NAME, 1.1666666666666667, 0.023255813953488372, 0.0, 0.16666666666666666, 0.0, 1.0
coins,SIMPLE_NAME, line no: 22,Arrays,SIMPLE_NAME, 1.1666666666666667, 1.0, 0.0, 0.16666666666666666, 0.0, 1.0
coins,SIMPLE_NAME, line no: 22,length,SIMPLE_NAME, 1.1666666666666667, 1.0, 0.0, 0.16666666666666666, 0.0, 1.0
coins,SIMPLE_NAME, line no: 22,length,SIMPLE_NAME, 1.1666666666666667, 1.0, 0.0, 0.16666666666666666, 0.0, 1.0
length,SIMPLE_NAME, line no: 22,coins,SIMPLE_NAME, 1.1666666666666667, 0.022727272727272728, 0.0, 0.16666666666666666, 0.0, 1.0
coins,SIMPLE_NAME, line no: 22,total - first,INFIX_EXPRESSION, 1.1610017889087656, 0.9302325581395349, 0.0, 0.23076923076923078, 0.0, 1.0
coins[0],ARRAY_ACCESS, line no: 21,total - first,INFIX_EXPRESSION, 1.1593406593406594, 0.9285714285714286, 0.0, 0.23076923076923078, 0.0, 1.0
rest,SIMPLE_NAME, line no: 22,total - first,INFIX_EXPRESSION, 1.1593406593406594, 0.9285714285714286, 0.0, 0.23076923076923078, 0.0, 1.0
length,SIMPLE_NAME, line no: 22,copyOfRange,SIMPLE_NAME, 1.1590909090909092, 0.9772727272727273, 0.0, 0.18181818181818182, 0.0, 1.0
coins,SIMPLE_NAME, line no: 22,possible_change,SIMPLE_NAME, 1.1534883720930234, 0.023255813953488372, 0.0, 0.2, 0.0, 1.0
coins,SIMPLE_NAME, line no: 22,total,SIMPLE_NAME, 1.1534883720930234, 0.023255813953488372, 0.0, 0.2, 0.0, 1.0
rest,SIMPLE_NAME, line no: 22,total,SIMPLE_NAME, 1.1523809523809523, 0.023809523809523808, 0.0, 0.2, 0.0, 1.0
Arrays.copyOfRange(coins 1 coins.length),METHOD_INVOCATION, line no: 22,possible_change,SIMPLE_NAME, 1.1523809523809523, 0.023809523809523808, 0.0, 0.2, 0.0, 1.0
total == 0,INFIX_EXPRESSION, line no: 14,coins[0],ARRAY_ACCESS, 1.1512195121951219, 0.9512195121951219, 0.0, 0.2, 0.0, 1.0
coins[0],ARRAY_ACCESS, line no: 21,total < 0,INFIX_EXPRESSION, 1.1507936507936507, 0.9285714285714286, 0.0, 0.2222222222222222, 0.0, 1.0
Arrays.copyOfRange(coins 1 coins.length),METHOD_INVOCATION, line no: 22,Arrays,SIMPLE_NAME, 1.15, 1.0, 0.0, 0.15, 0.0, 1.0
Arrays.copyOfRange(coins 1 coins.length),METHOD_INVOCATION, line no: 22,length,SIMPLE_NAME, 1.15, 1.0, 0.0, 0.15, 0.0, 1.0
possible_change(rest total),METHOD_INVOCATION, line no: 23,coins,SIMPLE_NAME, 1.1481481481481481, 0.023809523809523808, 0.0, 0.14814814814814814, 0.0, 1.0
possible_change(rest total),METHOD_INVOCATION, line no: 23,rest,SIMPLE_NAME, 1.1481481481481481, 0.9285714285714286, 0.0, 0.14814814814814814, 0.0, 1.0
coins,SIMPLE_NAME, line no: 22,Arrays,SIMPLE_NAME, 1.143939393939394, 0.9772727272727273, 0.0, 0.16666666666666666, 0.0, 1.0
coins,SIMPLE_NAME, line no: 21,Arrays,SIMPLE_NAME, 1.1434108527131783, 0.9767441860465116, 0.0, 0.16666666666666666, 0.0, 1.0
coins,SIMPLE_NAME, line no: 21,length,SIMPLE_NAME, 1.1434108527131783, 0.9767441860465116, 0.0, 0.16666666666666666, 0.0, 1.0
rest,SIMPLE_NAME, line no: 22,coins.length,QUALIFIED_NAME, 1.1428571428571428, 0.9761904761904762, 0.0, 0.16666666666666666, 0.0, 1.0
coins,SIMPLE_NAME, line no: 22,total - first,INFIX_EXPRESSION, 1.1398601398601398, 0.9090909090909091, 0.0, 0.23076923076923078, 0.0, 1.0
possible_change(coins total - first),METHOD_INVOCATION, line no: 23,coins,SIMPLE_NAME, 1.1388888888888888, 0.023809523809523808, 0.0, 0.1388888888888889, 0.0, 1.0
coins,SIMPLE_NAME, line no: 21,total - first,INFIX_EXPRESSION, 1.1377459749552772, 0.9069767441860465, 0.0, 0.23076923076923078, 0.0, 1.0
total - first,INFIX_EXPRESSION, line no: 23,coins[0],ARRAY_ACCESS, 1.1377459749552772, 0.9069767441860465, 0.0, 0.23076923076923078, 0.0, 1.0
possible_change(rest total),METHOD_INVOCATION, line no: 23,copyOfRange,SIMPLE_NAME, 1.1375661375661374, 0.9523809523809523, 0.0, 0.18518518518518517, 0.0, 1.0
copyOfRange,SIMPLE_NAME, line no: 22,total,SIMPLE_NAME, 1.135306553911205, 0.023255813953488372, 0.0, 0.18181818181818182, 0.0, 1.0
total,SIMPLE_NAME, line no: 23,copyOfRange,SIMPLE_NAME, 1.135306553911205, 0.9534883720930233, 0.0, 0.18181818181818182, 0.0, 1.0
total,SIMPLE_NAME, line no: 14,copyOfRange,SIMPLE_NAME, 1.1341991341991342, 0.9523809523809523, 0.0, 0.18181818181818182, 0.0, 1.0
total,SIMPLE_NAME, line no: 17,copyOfRange,SIMPLE_NAME, 1.1341991341991342, 0.9523809523809523, 0.0, 0.18181818181818182, 0.0, 1.0
total == 0,INFIX_EXPRESSION, line no: 14,copyOfRange,SIMPLE_NAME, 1.1330376940133038, 0.9512195121951219, 0.0, 0.18181818181818182, 0.0, 1.0
total < 0,INFIX_EXPRESSION, line no: 17,copyOfRange,SIMPLE_NAME, 1.1330376940133038, 0.9512195121951219, 0.0, 0.18181818181818182, 0.0, 1.0
coins,SIMPLE_NAME, line no: 22,possible_change,SIMPLE_NAME, 1.1318181818181818, 0.022727272727272728, 0.0, 0.2, 0.0, 1.0
coins,SIMPLE_NAME, line no: 22,total,SIMPLE_NAME, 1.1318181818181818, 0.022727272727272728, 0.0, 0.2, 0.0, 1.0
coins,SIMPLE_NAME, line no: 21,possible_change,SIMPLE_NAME, 1.130232558139535, 0.023255813953488372, 0.0, 0.2, 0.0, 1.0
coins,SIMPLE_NAME, line no: 21,total,SIMPLE_NAME, 1.130232558139535, 0.023255813953488372, 0.0, 0.2, 0.0, 1.0
possible_change,SIMPLE_NAME, line no: 23,Arrays.copyOfRange(coins 1 coins.length),METHOD_INVOCATION, 1.130232558139535, 0.9302325581395349, 0.0, 0.2, 0.0, 1.0
possible_change,SIMPLE_NAME, line no: 23,Arrays.copyOfRange(coins 1 coins.length),METHOD_INVOCATION, 1.130232558139535, 0.9302325581395349, 0.0, 0.2, 0.0, 1.0
coins[0],ARRAY_ACCESS, line no: 21,total == 0,INFIX_EXPRESSION, 1.1285714285714286, 0.9285714285714286, 0.0, 0.2, 0.0, 1.0
Arrays,SIMPLE_NAME, line no: 22,Arrays.copyOfRange(coins 1 coins.length),METHOD_INVOCATION, 1.1267441860465115, 0.9767441860465116, 0.0, 0.15, 0.0, 1.0
coins,SIMPLE_NAME, line no: 23,possible_change(rest total),METHOD_INVOCATION, 1.1248923341946597, 0.9767441860465116, 0.0, 0.14814814814814814, 0.0, 1.0
rest,SIMPLE_NAME, line no: 23,possible_change(rest total),METHOD_INVOCATION, 1.1248923341946597, 0.9767441860465116, 0.0, 0.14814814814814814, 0.0, 1.0
Arrays,SIMPLE_NAME, line no: 22,total,SIMPLE_NAME, 1.12015503875969, 0.023255813953488372, 0.0, 0.16666666666666666, 0.0, 1.0
coins.length,QUALIFIED_NAME, line no: 22,rest,SIMPLE_NAME, 1.12015503875969, 0.9534883720930233, 0.0, 0.16666666666666666, 0.0, 1.0
coins,SIMPLE_NAME, line no: 23,Arrays,SIMPLE_NAME, 1.12015503875969, 0.9534883720930233, 0.0, 0.16666666666666666, 0.0, 1.0
coins,SIMPLE_NAME, line no: 23,length,SIMPLE_NAME, 1.12015503875969, 0.9534883720930233, 0.0, 0.16666666666666666, 0.0, 1.0
total,SIMPLE_NAME, line no: 23,Arrays,SIMPLE_NAME, 1.12015503875969, 0.9534883720930233, 0.0, 0.16666666666666666, 0.0, 1.0
total,SIMPLE_NAME, line no: 14,Arrays,SIMPLE_NAME, 1.119047619047619, 0.9523809523809523, 0.0, 0.16666666666666666, 0.0, 1.0
total,SIMPLE_NAME, line no: 17,Arrays,SIMPLE_NAME, 1.119047619047619, 0.9523809523809523, 0.0, 0.16666666666666666, 0.0, 1.0
total == 0,INFIX_EXPRESSION, line no: 14,coins.length,QUALIFIED_NAME, 1.1178861788617886, 0.9512195121951219, 0.0, 0.16666666666666666, 0.0, 1.0
total < 0,INFIX_EXPRESSION, line no: 17,coins.length,QUALIFIED_NAME, 1.1178861788617886, 0.9512195121951219, 0.0, 0.16666666666666666, 0.0, 1.0
coins,SIMPLE_NAME, line no: 23,possible_change(coins total - first),METHOD_INVOCATION, 1.1156330749354004, 0.9767441860465116, 0.0, 0.1388888888888889, 0.0, 1.0
copyOfRange,SIMPLE_NAME, line no: 22,possible_change(rest total),METHOD_INVOCATION, 1.11541774332472, 0.9302325581395349, 0.0, 0.18518518518518517, 0.0, 1.0
total,SIMPLE_NAME, line no: 23,copyOfRange,SIMPLE_NAME, 1.1136363636363635, 0.9318181818181818, 0.0, 0.18181818181818182, 0.0, 1.0
total < 0,INFIX_EXPRESSION, line no: 17,0,NUMBER_LITERAL, 1.1111111111111112, 1.0, 0.0, 0.1111111111111111, 0.0, 1.0
0,NUMBER_LITERAL, line no: 18,total < 0,INFIX_EXPRESSION, 1.1111111111111112, 1.0, 0.0, 0.1111111111111111, 0.0, 1.0
total == 0,INFIX_EXPRESSION, line no: 14,possible_change,SIMPLE_NAME, 1.1089430894308943, 0.024390243902439025, 0.0, 0.13333333333333333, 0.0, 1.0
total < 0,INFIX_EXPRESSION, line no: 17,possible_change,SIMPLE_NAME, 1.1089430894308943, 0.024390243902439025, 0.0, 0.13333333333333333, 0.0, 1.0
length,SIMPLE_NAME, line no: 22,Arrays.copyOfRange(coins 1 coins.length),METHOD_INVOCATION, 1.1045454545454545, 0.9545454545454546, 0.0, 0.15, 0.0, 1.0
coins[0],ARRAY_ACCESS, line no: 21,rest,SIMPLE_NAME, 1.1011904761904763, 0.9761904761904762, 0.0, 0.125, 0.0, 1.0
coins[0],ARRAY_ACCESS, line no: 21,Arrays,SIMPLE_NAME, 1.1011904761904763, 0.9761904761904762, 0.0, 0.125, 0.0, 1.0
rest,SIMPLE_NAME, line no: 22,coins[0],ARRAY_ACCESS, 1.1011904761904763, 0.9761904761904762, 0.0, 0.125, 0.0, 1.0
total == 0,INFIX_EXPRESSION, line no: 14,0,NUMBER_LITERAL, 1.1, 1.0, 0.0, 0.1, 0.0, 1.0
0,NUMBER_LITERAL, line no: 18,total == 0,INFIX_EXPRESSION, 1.1, 1.0, 0.0, 0.1, 0.0, 1.0
total,SIMPLE_NAME, line no: 23,Arrays,SIMPLE_NAME, 1.0984848484848484, 0.9318181818181818, 0.0, 0.16666666666666666, 0.0, 1.0
rest,SIMPLE_NAME, line no: 23,coins.length,QUALIFIED_NAME, 1.0968992248062015, 0.9302325581395349, 0.0, 0.16666666666666666, 0.0, 1.0
possible_change(coins total - first),METHOD_INVOCATION, line no: 23,copyOfRange,SIMPLE_NAME, 1.0912698412698412, 0.9523809523809523, 0.0, 0.1388888888888889, 0.0, 1.0
first,SIMPLE_NAME, line no: 21,copyOfRange,SIMPLE_NAME, 1.0909090909090908, 1.0, 0.0, 0.09090909090909091, 0.0, 1.0
Arrays,SIMPLE_NAME, line no: 22,copyOfRange,SIMPLE_NAME, 1.0909090909090908, 1.0, 0.0, 0.09090909090909091, 0.0, 1.0
copyOfRange,SIMPLE_NAME, line no: 22,Arrays,SIMPLE_NAME, 1.0909090909090908, 1.0, 0.0, 0.09090909090909091, 0.0, 1.0
copyOfRange,SIMPLE_NAME, line no: 22,total == 0,INFIX_EXPRESSION, 1.0887949260042282, 0.9069767441860465, 0.0, 0.18181818181818182, 0.0, 1.0
copyOfRange,SIMPLE_NAME, line no: 22,total < 0,INFIX_EXPRESSION, 1.0887949260042282, 0.9069767441860465, 0.0, 0.18181818181818182, 0.0, 1.0
0,NUMBER_LITERAL, line no: 14,total < 0,INFIX_EXPRESSION, 1.0873015873015872, 0.9761904761904762, 0.0, 0.1111111111111111, 0.0, 1.0
0,NUMBER_LITERAL, line no: 17,total < 0,INFIX_EXPRESSION, 1.0873015873015872, 0.9761904761904762, 0.0, 0.1111111111111111, 0.0, 1.0
total < 0,INFIX_EXPRESSION, line no: 17,coins,SIMPLE_NAME, 1.0867208672086721, 0.024390243902439025, 0.0, 0.1111111111111111, 0.0, 1.0
total < 0,INFIX_EXPRESSION, line no: 17,first,SIMPLE_NAME, 1.0867208672086721, 0.9512195121951219, 0.0, 0.1111111111111111, 0.0, 1.0
total < 0,INFIX_EXPRESSION, line no: 17,rest,SIMPLE_NAME, 1.0867208672086721, 0.9512195121951219, 0.0, 0.1111111111111111, 0.0, 1.0
Arrays,SIMPLE_NAME, line no: 22,total - first,INFIX_EXPRESSION, 1.0840787119856887, 0.9302325581395349, 0.0, 0.15384615384615385, 0.0, 1.0
copyOfRange,SIMPLE_NAME, line no: 22,total - first,INFIX_EXPRESSION, 1.0840787119856887, 0.9302325581395349, 0.0, 0.15384615384615385, 0.0, 1.0
total - first,INFIX_EXPRESSION, line no: 23,Arrays,SIMPLE_NAME, 1.0840787119856887, 0.9302325581395349, 0.0, 0.15384615384615385, 0.0, 1.0
total - first,INFIX_EXPRESSION, line no: 23,copyOfRange,SIMPLE_NAME, 1.0840787119856887, 0.9302325581395349, 0.0, 0.15384615384615385, 0.0, 1.0
possible_change(coins total - first),METHOD_INVOCATION, line no: 23,rest,SIMPLE_NAME, 1.0833333333333333, 0.9285714285714286, 0.0, 0.08333333333333333, 0.0, 1.0
Arrays,SIMPLE_NAME, line no: 22,coins[0],ARRAY_ACCESS, 1.0784883720930232, 0.9534883720930233, 0.0, 0.125, 0.0, 1.0
coins,SIMPLE_NAME, line no: 22,possible_change(rest total),METHOD_INVOCATION, 1.0783807062876831, 0.9302325581395349, 0.0, 0.14814814814814814, 0.0, 1.0
Arrays.copyOfRange(coins 1 coins.length),METHOD_INVOCATION, line no: 22,total - first,INFIX_EXPRESSION, 1.0773809523809523, 0.9523809523809523, 0.0, 0.125, 0.0, 1.0
coins[0],ARRAY_ACCESS, line no: 21,possible_change(rest total),METHOD_INVOCATION, 1.0767195767195767, 0.9285714285714286, 0.0, 0.14814814814814814, 0.0, 1.0
rest,SIMPLE_NAME, line no: 22,possible_change(rest total),METHOD_INVOCATION, 1.0767195767195767, 0.9285714285714286, 0.0, 0.14814814814814814, 0.0, 1.0
possible_change(rest total),METHOD_INVOCATION, line no: 23,coins[0],ARRAY_ACCESS, 1.0767195767195767, 0.9285714285714286, 0.0, 0.14814814814814814, 0.0, 1.0
0,NUMBER_LITERAL, line no: 14,total == 0,INFIX_EXPRESSION, 1.0761904761904761, 0.9761904761904762, 0.0, 0.1, 0.0, 1.0
0,NUMBER_LITERAL, line no: 17,total == 0,INFIX_EXPRESSION, 1.0761904761904761, 0.9761904761904762, 0.0, 0.1, 0.0, 1.0
first,SIMPLE_NAME, line no: 21,Arrays.copyOfRange(coins 1 coins.length),METHOD_INVOCATION, 1.0761904761904761, 0.9761904761904762, 0.0, 0.1, 0.0, 1.0
Arrays.copyOfRange(coins 1 coins.length),METHOD_INVOCATION, line no: 22,first,SIMPLE_NAME, 1.0761904761904761, 0.9761904761904762, 0.0, 0.1, 0.0, 1.0
possible_change(coins total - first) + possible_change(rest total),INFIX_EXPRESSION, line no: 23,coins,SIMPLE_NAME, 1.0757575757575757, 0.024390243902439025, 0.0, 0.07575757575757576, 0.0, 1.0
total == 0,INFIX_EXPRESSION, line no: 14,coins,SIMPLE_NAME, 1.075609756097561, 0.024390243902439025, 0.0, 0.1, 0.0, 1.0
total == 0,INFIX_EXPRESSION, line no: 14,first,SIMPLE_NAME, 1.075609756097561, 0.9512195121951219, 0.0, 0.1, 0.0, 1.0
total == 0,INFIX_EXPRESSION, line no: 14,rest,SIMPLE_NAME, 1.075609756097561, 0.9512195121951219, 0.0, 0.1, 0.0, 1.0
coins.length,QUALIFIED_NAME, line no: 22,total == 0,INFIX_EXPRESSION, 1.073643410852713, 0.9069767441860465, 0.0, 0.16666666666666666, 0.0, 1.0
coins.length,QUALIFIED_NAME, line no: 22,total < 0,INFIX_EXPRESSION, 1.073643410852713, 0.9069767441860465, 0.0, 0.16666666666666666, 0.0, 1.0
copyOfRange,SIMPLE_NAME, line no: 22,possible_change(coins total - first),METHOD_INVOCATION, 1.0691214470284238, 0.9302325581395349, 0.0, 0.1388888888888889, 0.0, 1.0
coins,SIMPLE_NAME, line no: 22,possible_change(coins total - first),METHOD_INVOCATION, 1.0691214470284238, 0.9302325581395349, 0.0, 0.1388888888888889, 0.0, 1.0
copyOfRange,SIMPLE_NAME, line no: 22,first,SIMPLE_NAME, 1.0676532769556024, 0.9767441860465116, 0.0, 0.09090909090909091, 0.0, 1.0
possible_change,SIMPLE_NAME, line no: 23,rest,SIMPLE_NAME, 1.0666666666666667, 0.9302325581395349, 0.0, 0.06666666666666667, 0.0, 1.0
possible_change,SIMPLE_NAME, line no: 23,rest,SIMPLE_NAME, 1.0666666666666667, 0.9302325581395349, 0.0, 0.06666666666666667, 0.0, 1.0
rest,SIMPLE_NAME, line no: 23,possible_change,SIMPLE_NAME, 1.0666666666666667, 0.023255813953488372, 0.0, 0.06666666666666667, 0.0, 1.0
possible_change,SIMPLE_NAME, line no: 23,total == 0,INFIX_EXPRESSION, 1.0635658914728683, 0.9302325581395349, 0.0, 0.13333333333333333, 0.0, 1.0
possible_change,SIMPLE_NAME, line no: 23,total < 0,INFIX_EXPRESSION, 1.0635658914728683, 0.9302325581395349, 0.0, 0.13333333333333333, 0.0, 1.0
possible_change,SIMPLE_NAME, line no: 23,total == 0,INFIX_EXPRESSION, 1.0635658914728683, 0.9302325581395349, 0.0, 0.13333333333333333, 0.0, 1.0
possible_change,SIMPLE_NAME, line no: 23,total < 0,INFIX_EXPRESSION, 1.0635658914728683, 0.9302325581395349, 0.0, 0.13333333333333333, 0.0, 1.0
total < 0,INFIX_EXPRESSION, line no: 17,Arrays,SIMPLE_NAME, 1.062330623306233, 0.9512195121951219, 0.0, 0.1111111111111111, 0.0, 1.0
total < 0,INFIX_EXPRESSION, line no: 17,length,SIMPLE_NAME, 1.062330623306233, 0.9512195121951219, 0.0, 0.1111111111111111, 0.0, 1.0
possible_change(coins total - first) + possible_change(rest total),INFIX_EXPRESSION, line no: 23,rest,SIMPLE_NAME, 1.0606060606060606, 0.9512195121951219, 0.0, 0.06060606060606061, 0.0, 1.0
Arrays,SIMPLE_NAME, line no: 22,coins.length,QUALIFIED_NAME, 1.0600775193798448, 0.9767441860465116, 0.0, 0.08333333333333333, 0.0, 1.0
coins.length,QUALIFIED_NAME, line no: 22,Arrays,SIMPLE_NAME, 1.0600775193798448, 0.9767441860465116, 0.0, 0.08333333333333333, 0.0, 1.0
rest,SIMPLE_NAME, line no: 23,possible_change(coins total - first),METHOD_INVOCATION, 1.0600775193798448, 0.9767441860465116, 0.0, 0.08333333333333333, 0.0, 1.0
possible_change(coins total - first) + possible_change(rest total),INFIX_EXPRESSION, line no: 23,copyOfRange,SIMPLE_NAME, 1.0572801182557279, 0.9512195121951219, 0.0, 0.10606060606060606, 0.0, 1.0
coins,SIMPLE_NAME, line no: 22,possible_change(rest total),METHOD_INVOCATION, 1.057239057239057, 0.9090909090909091, 0.0, 0.14814814814814814, 0.0, 1.0
total - first,INFIX_EXPRESSION, line no: 23,Arrays.copyOfRange(coins 1 coins.length),METHOD_INVOCATION, 1.0552325581395348, 0.9302325581395349, 0.0, 0.125, 0.0, 1.0
coins,SIMPLE_NAME, line no: 21,possible_change(rest total),METHOD_INVOCATION, 1.0551248923341947, 0.9069767441860465, 0.0, 0.14814814814814814, 0.0, 1.0
total == 0,INFIX_EXPRESSION, line no: 14,Arrays,SIMPLE_NAME, 1.051219512195122, 0.9512195121951219, 0.0, 0.1, 0.0, 1.0
total == 0,INFIX_EXPRESSION, line no: 14,length,SIMPLE_NAME, 1.051219512195122, 0.9512195121951219, 0.0, 0.1, 0.0, 1.0
coins,SIMPLE_NAME, line no: 22,possible_change(coins total - first),METHOD_INVOCATION, 1.047979797979798, 0.9090909090909091, 0.0, 0.1388888888888889, 0.0, 1.0
coins,SIMPLE_NAME, line no: 21,possible_change(coins total - first),METHOD_INVOCATION, 1.0458656330749354, 0.9069767441860465, 0.0, 0.1388888888888889, 0.0, 1.0
coins,SIMPLE_NAME, line no: 23,total < 0,INFIX_EXPRESSION, 1.041343669250646, 0.9302325581395349, 0.0, 0.1111111111111111, 0.0, 1.0
rest,SIMPLE_NAME, line no: 23,total < 0,INFIX_EXPRESSION, 1.041343669250646, 0.9302325581395349, 0.0, 0.1111111111111111, 0.0, 1.0
first,SIMPLE_NAME, line no: 21,total < 0,INFIX_EXPRESSION, 1.0396825396825398, 0.9285714285714286, 0.0, 0.1111111111111111, 0.0, 1.0
rest,SIMPLE_NAME, line no: 22,total < 0,INFIX_EXPRESSION, 1.0396825396825398, 0.9285714285714286, 0.0, 0.1111111111111111, 0.0, 1.0
rest,SIMPLE_NAME, line no: 23,coins[0],ARRAY_ACCESS, 1.0319767441860463, 0.9069767441860465, 0.0, 0.125, 0.0, 1.0
coins,SIMPLE_NAME, line no: 23,total == 0,INFIX_EXPRESSION, 1.0302325581395348, 0.9302325581395349, 0.0, 0.1, 0.0, 1.0
rest,SIMPLE_NAME, line no: 23,total == 0,INFIX_EXPRESSION, 1.0302325581395348, 0.9302325581395349, 0.0, 0.1, 0.0, 1.0
coins,SIMPLE_NAME, line no: 23,possible_change(coins total - first) + possible_change(rest total),INFIX_EXPRESSION, 1.029245947850599, 0.9534883720930233, 0.0, 0.07575757575757576, 0.0, 1.0
first,SIMPLE_NAME, line no: 21,total == 0,INFIX_EXPRESSION, 1.0285714285714287, 0.9285714285714286, 0.0, 0.1, 0.0, 1.0
rest,SIMPLE_NAME, line no: 22,total == 0,INFIX_EXPRESSION, 1.0285714285714287, 0.9285714285714286, 0.0, 0.1, 0.0, 1.0
Arrays.copyOfRange(coins 1 coins.length),METHOD_INVOCATION, line no: 22,total,SIMPLE_NAME, 1.0273809523809523, 0.023809523809523808, 0.0, 0.075, 0.0, 1.0
possible_change(rest total),METHOD_INVOCATION, line no: 23,Arrays,SIMPLE_NAME, 1.0264550264550265, 0.9523809523809523, 0.0, 0.07407407407407407, 0.0, 1.0
total == 0,INFIX_EXPRESSION, line no: 14,Arrays.copyOfRange(coins 1 coins.length),METHOD_INVOCATION, 1.0262195121951219, 0.9512195121951219, 0.0, 0.075, 0.0, 1.0
total < 0,INFIX_EXPRESSION, line no: 17,Arrays.copyOfRange(coins 1 coins.length),METHOD_INVOCATION, 1.0262195121951219, 0.9512195121951219, 0.0, 0.075, 0.0, 1.0
Arrays.copyOfRange(coins 1 coins.length),METHOD_INVOCATION, line no: 22,1,NUMBER_LITERAL, 1.025, 0.11904761904761904, 0.0, 0.025, 0.0, 1.0
first,SIMPLE_NAME, line no: 23,copyOfRange,SIMPLE_NAME, 1.0227272727272727, 0.9318181818181818, 0.0, 0.09090909090909091, 0.0, 1.0
first,SIMPLE_NAME, line no: 23,total < 0,INFIX_EXPRESSION, 1.02020202020202, 0.9090909090909091, 0.0, 0.1111111111111111, 0.0, 1.0
Arrays,SIMPLE_NAME, line no: 22,possible_change,SIMPLE_NAME, 1.02015503875969, 0.023255813953488372, 0.0, 0.06666666666666667, 0.0, 1.0
possible_change,SIMPLE_NAME, line no: 23,Arrays,SIMPLE_NAME, 1.02015503875969, 0.9534883720930233, 0.0, 0.06666666666666667, 0.0, 1.0
possible_change,SIMPLE_NAME, line no: 23,Arrays,SIMPLE_NAME, 1.02015503875969, 0.9534883720930233, 0.0, 0.06666666666666667, 0.0, 1.0
rest,SIMPLE_NAME, line no: 22,possible_change,SIMPLE_NAME, 1.019047619047619, 0.023809523809523808, 0.0, 0.06666666666666667, 0.0, 1.0
coins,SIMPLE_NAME, line no: 21,total < 0,INFIX_EXPRESSION, 1.0180878552971575, 0.9069767441860465, 0.0, 0.1111111111111111, 0.0, 1.0
0,NUMBER_LITERAL, line no: 21,total < 0,INFIX_EXPRESSION, 1.0180878552971575, 0.9069767441860465, 0.0, 0.1111111111111111, 0.0, 1.0
Arrays,SIMPLE_NAME, line no: 22,total < 0,INFIX_EXPRESSION, 1.0180878552971575, 0.9069767441860465, 0.0, 0.1111111111111111, 0.0, 1.0
coins,SIMPLE_NAME, line no: 22,total < 0,INFIX_EXPRESSION, 1.0180878552971575, 0.9069767441860465, 0.0, 0.1111111111111111, 0.0, 1.0
rest,SIMPLE_NAME, line no: 23,possible_change(coins total - first) + possible_change(rest total),INFIX_EXPRESSION, 1.014094432699084, 0.9534883720930233, 0.0, 0.06060606060606061, 0.0, 1.0
copyOfRange,SIMPLE_NAME, line no: 22,possible_change(coins total - first) + possible_change(rest total),INFIX_EXPRESSION, 1.0130373502466525, 0.9069767441860465, 0.0, 0.10606060606060606, 0.0, 1.0
rest,SIMPLE_NAME, line no: 22,possible_change(coins total - first),METHOD_INVOCATION, 1.0119047619047619, 0.9285714285714286, 0.0, 0.08333333333333333, 0.0, 1.0
first,SIMPLE_NAME, line no: 23,total == 0,INFIX_EXPRESSION, 1.009090909090909, 0.9090909090909091, 0.0, 0.1, 0.0, 1.0
first,SIMPLE_NAME, line no: 23,Arrays.copyOfRange(coins 1 coins.length),METHOD_INVOCATION, 1.009090909090909, 0.9090909090909091, 0.0, 0.1, 0.0, 1.0
possible_change(coins total - first),METHOD_INVOCATION, line no: 23,Arrays,SIMPLE_NAME, 1.007936507936508, 0.9523809523809523, 0.0, 0.05555555555555555, 0.0, 1.0
coins,SIMPLE_NAME, line no: 21,total == 0,INFIX_EXPRESSION, 1.0069767441860464, 0.9069767441860465, 0.0, 0.1, 0.0, 1.0
0,NUMBER_LITERAL, line no: 21,total == 0,INFIX_EXPRESSION, 1.0069767441860464, 0.9069767441860465, 0.0, 0.1, 0.0, 1.0
Arrays,SIMPLE_NAME, line no: 22,total == 0,INFIX_EXPRESSION, 1.0069767441860464, 0.9069767441860465, 0.0, 0.1, 0.0, 1.0
coins,SIMPLE_NAME, line no: 22,total == 0,INFIX_EXPRESSION, 1.0069767441860464, 0.9069767441860465, 0.0, 0.1, 0.0, 1.0
total,SIMPLE_NAME, line no: 23,Arrays.copyOfRange(coins 1 coins.length),METHOD_INVOCATION, 1.005232558139535, 0.9302325581395349, 0.0, 0.075, 0.0, 1.0
Arrays,SIMPLE_NAME, line no: 22,possible_change(rest total),METHOD_INVOCATION, 1.004306632213609, 0.9302325581395349, 0.0, 0.07407407407407407, 0.0, 1.0
total,SIMPLE_NAME, line no: 14,Arrays.copyOfRange(coins 1 coins.length),METHOD_INVOCATION, 1.0035714285714286, 0.9285714285714286, 0.0, 0.075, 0.0, 1.0
total,SIMPLE_NAME, line no: 17,Arrays.copyOfRange(coins 1 coins.length),METHOD_INVOCATION, 1.0035714285714286, 0.9285714285714286, 0.0, 0.075, 0.0, 1.0
Arrays.copyOfRange(coins 1 coins.length),METHOD_INVOCATION, line no: 22,total == 0,INFIX_EXPRESSION, 1.0035714285714286, 0.9285714285714286, 0.0, 0.075, 0.0, 1.0
Arrays.copyOfRange(coins 1 coins.length),METHOD_INVOCATION, line no: 22,total < 0,INFIX_EXPRESSION, 1.0035714285714286, 0.9285714285714286, 0.0, 0.075, 0.0, 1.0
1,NUMBER_LITERAL, line no: 22,Arrays.copyOfRange(coins 1 coins.length),METHOD_INVOCATION, 1.0017441860465115, 0.9767441860465116, 0.0, 0.025, 0.0, 1.0
0,NUMBER_LITERAL, line no: 18,coins,SIMPLE_NAME, 1.0, 1.0, 0.0, 0.0, 0.0, 1.0
0,NUMBER_LITERAL, line no: 18,rest,SIMPLE_NAME, 1.0, 1.0, 0.0, 0.0, 0.0, 1.0
0,NUMBER_LITERAL, line no: 18,Arrays.copyOfRange(coins 1 coins.length),METHOD_INVOCATION, 1.0, 1.0, 0.0, 0.0, 0.0, 1.0
0,NUMBER_LITERAL, line no: 18,Arrays,SIMPLE_NAME, 1.0, 1.0, 0.0, 0.0, 0.0, 1.0
0,NUMBER_LITERAL, line no: 18,copyOfRange,SIMPLE_NAME, 1.0, 1.0, 0.0, 0.0, 0.0, 1.0
Arrays,SIMPLE_NAME, line no: 22,length,SIMPLE_NAME, 1.0, 1.0, 0.0, 0.0, 0.0, 1.0
coins,SIMPLE_NAME, line no: 22,total < 0,INFIX_EXPRESSION, 0.9974747474747474, 0.8863636363636364, 0.0, 0.1111111111111111, 0.0, 1.0
length,SIMPLE_NAME, line no: 22,total < 0,INFIX_EXPRESSION, 0.9974747474747474, 0.8863636363636364, 0.0, 0.1111111111111111, 0.0, 1.0
possible_change(coins total - first) + possible_change(rest total),INFIX_EXPRESSION, line no: 23,Arrays,SIMPLE_NAME, 0.9966740576496673, 0.9512195121951219, 0.0, 0.045454545454545456, 0.0, 1.0
rest,SIMPLE_NAME, line no: 22,possible_change(coins total - first) + possible_change(rest total),INFIX_EXPRESSION, 0.9891774891774892, 0.9285714285714286, 0.0, 0.06060606060606061, 0.0, 1.0
coins,SIMPLE_NAME, line no: 22,total == 0,INFIX_EXPRESSION, 0.9863636363636363, 0.8863636363636364, 0.0, 0.1, 0.0, 1.0
length,SIMPLE_NAME, line no: 22,total == 0,INFIX_EXPRESSION, 0.9863636363636363, 0.8863636363636364, 0.0, 0.1, 0.0, 1.0
Arrays,SIMPLE_NAME, line no: 22,possible_change(coins total - first),METHOD_INVOCATION, 0.9857881136950905, 0.9302325581395349, 0.0, 0.05555555555555555, 0.0, 1.0
total,SIMPLE_NAME, line no: 23,Arrays.copyOfRange(coins 1 coins.length),METHOD_INVOCATION, 0.984090909090909, 0.9090909090909091, 0.0, 0.075, 0.0, 1.0
coins,SIMPLE_NAME, line no: 21,possible_change(coins total - first) + possible_change(rest total),INFIX_EXPRESSION, 0.9827343199436223, 0.9069767441860465, 0.0, 0.07575757575757576, 0.0, 1.0
coins,SIMPLE_NAME, line no: 22,possible_change(coins total - first) + possible_change(rest total),INFIX_EXPRESSION, 0.9827343199436223, 0.9069767441860465, 0.0, 0.07575757575757576, 0.0, 1.0
length,SIMPLE_NAME, line no: 22,Arrays,SIMPLE_NAME, 0.9772727272727273, 0.9772727272727273, 0.0, 0.0, 0.0, 1.0
coins,SIMPLE_NAME, line no: 21,0,NUMBER_LITERAL, 0.9767441860465116, 0.9069767441860465, 0.0, 0.0, 0.0, 1.0
0,NUMBER_LITERAL, line no: 21,coins,SIMPLE_NAME, 0.9767441860465116, 0.023255813953488372, 0.0, 0.0, 0.0, 1.0
Arrays,SIMPLE_NAME, line no: 22,1,NUMBER_LITERAL, 0.9767441860465116, 0.11627906976744186, 0.0, 0.0, 0.0, 1.0
copyOfRange,SIMPLE_NAME, line no: 22,1,NUMBER_LITERAL, 0.9767441860465116, 0.11627906976744186, 0.0, 0.0, 0.0, 1.0
coins,SIMPLE_NAME, line no: 22,1,NUMBER_LITERAL, 0.9767441860465116, 0.11627906976744186, 0.0, 0.0, 0.0, 1.0
1,NUMBER_LITERAL, line no: 22,coins,SIMPLE_NAME, 0.9767441860465116, 0.023255813953488372, 0.0, 0.0, 0.0, 1.0
1,NUMBER_LITERAL, line no: 22,Arrays,SIMPLE_NAME, 0.9767441860465116, 0.9767441860465116, 0.0, 0.0, 0.0, 1.0
1,NUMBER_LITERAL, line no: 22,copyOfRange,SIMPLE_NAME, 0.9767441860465116, 0.9767441860465116, 0.0, 0.0, 0.0, 1.0
rest,SIMPLE_NAME, line no: 22,0,NUMBER_LITERAL, 0.9761904761904762, 0.9285714285714286, 0.0, 0.0, 0.0, 1.0
rest,SIMPLE_NAME, line no: 22,1,NUMBER_LITERAL, 0.9761904761904762, 0.11904761904761904, 0.0, 0.0, 0.0, 1.0
Arrays.copyOfRange(coins 1 coins.length),METHOD_INVOCATION, line no: 22,0,NUMBER_LITERAL, 0.9761904761904762, 0.9285714285714286, 0.0, 0.0, 0.0, 1.0
1,NUMBER_LITERAL, line no: 15,Arrays.copyOfRange(coins 1 coins.length),METHOD_INVOCATION, 0.966379267621615, 1.0, 0.0, 0.025, 0.0, 0.9428090415820635
coins,SIMPLE_NAME, line no: 22,possible_change(coins total - first) + possible_change(rest total),INFIX_EXPRESSION, 0.9621212121212122, 0.8863636363636364, 0.0, 0.07575757575757576, 0.0, 1.0
coins,SIMPLE_NAME, line no: 22,1,NUMBER_LITERAL, 0.9545454545454546, 0.11363636363636363, 0.0, 0.0, 0.0, 1.0
coins,SIMPLE_NAME, line no: 21,1,NUMBER_LITERAL, 0.9534883720930233, 0.11627906976744186, 0.0, 0.0, 0.0, 1.0
0,NUMBER_LITERAL, line no: 21,rest,SIMPLE_NAME, 0.9534883720930233, 0.9534883720930233, 0.0, 0.0, 0.0, 1.0
0,NUMBER_LITERAL, line no: 21,Arrays.copyOfRange(coins 1 coins.length),METHOD_INVOCATION, 0.9534883720930233, 0.9534883720930233, 0.0, 0.0, 0.0, 1.0
0,NUMBER_LITERAL, line no: 21,Arrays,SIMPLE_NAME, 0.9534883720930233, 0.9534883720930233, 0.0, 0.0, 0.0, 1.0
0,NUMBER_LITERAL, line no: 21,copyOfRange,SIMPLE_NAME, 0.9534883720930233, 0.9534883720930233, 0.0, 0.0, 0.0, 1.0
Arrays,SIMPLE_NAME, line no: 22,0,NUMBER_LITERAL, 0.9534883720930233, 0.9069767441860465, 0.0, 0.0, 0.0, 1.0
copyOfRange,SIMPLE_NAME, line no: 22,0,NUMBER_LITERAL, 0.9534883720930233, 0.9069767441860465, 0.0, 0.0, 0.0, 1.0
coins,SIMPLE_NAME, line no: 22,0,NUMBER_LITERAL, 0.9534883720930233, 0.9069767441860465, 0.0, 0.0, 0.0, 1.0
1,NUMBER_LITERAL, line no: 22,rest,SIMPLE_NAME, 0.9534883720930233, 0.9534883720930233, 0.0, 0.0, 0.0, 1.0
Arrays,SIMPLE_NAME, line no: 22,possible_change(coins total - first) + possible_change(rest total),INFIX_EXPRESSION, 0.9524312896405919, 0.9069767441860465, 0.0, 0.045454545454545456, 0.0, 1.0
0,NUMBER_LITERAL, line no: 14,coins,SIMPLE_NAME, 0.9523809523809523, 0.023809523809523808, 0.0, 0.0, 0.0, 1.0
0,NUMBER_LITERAL, line no: 14,rest,SIMPLE_NAME, 0.9523809523809523, 0.9285714285714286, 0.0, 0.0, 0.0, 1.0
0,NUMBER_LITERAL, line no: 17,coins,SIMPLE_NAME, 0.9523809523809523, 0.023809523809523808, 0.0, 0.0, 0.0, 1.0
0,NUMBER_LITERAL, line no: 17,rest,SIMPLE_NAME, 0.9523809523809523, 0.9285714285714286, 0.0, 0.0, 0.0, 1.0
total == 0,INFIX_EXPRESSION, line no: 14,1,NUMBER_LITERAL, 0.9512195121951219, 0.12195121951219512, 0.0, 0.0, 0.0, 1.0
total < 0,INFIX_EXPRESSION, line no: 17,1,NUMBER_LITERAL, 0.9512195121951219, 0.12195121951219512, 0.0, 0.0, 0.0, 1.0
1,NUMBER_LITERAL, line no: 15,total == 0,INFIX_EXPRESSION, 0.9428090415820635, 1.0, 0.0, 0.0, 0.0, 0.9428090415820635
1,NUMBER_LITERAL, line no: 15,total < 0,INFIX_EXPRESSION, 0.9428090415820635, 1.0, 0.0, 0.0, 0.0, 0.9428090415820635
1,NUMBER_LITERAL, line no: 15,coins,SIMPLE_NAME, 0.9428090415820635, 1.0, 0.0, 0.0, 0.0, 0.9428090415820635
1,NUMBER_LITERAL, line no: 15,rest,SIMPLE_NAME, 0.9428090415820635, 1.0, 0.0, 0.0, 0.0, 0.9428090415820635
1,NUMBER_LITERAL, line no: 15,Arrays,SIMPLE_NAME, 0.9428090415820635, 1.0, 0.0, 0.0, 0.0, 0.9428090415820635
1,NUMBER_LITERAL, line no: 15,copyOfRange,SIMPLE_NAME, 0.9428090415820635, 1.0, 0.0, 0.0, 0.0, 0.9428090415820635
coins,SIMPLE_NAME, line no: 22,0,NUMBER_LITERAL, 0.9318181818181818, 0.8863636363636364, 0.0, 0.0, 0.0, 1.0
coins,SIMPLE_NAME, line no: 23,0,NUMBER_LITERAL, 0.9302325581395349, 0.9302325581395349, 0.0, 0.0, 0.0, 1.0
coins,SIMPLE_NAME, line no: 23,1,NUMBER_LITERAL, 0.9302325581395349, 0.11627906976744186, 0.0, 0.0, 0.0, 1.0
rest,SIMPLE_NAME, line no: 23,0,NUMBER_LITERAL, 0.9302325581395349, 0.9302325581395349, 0.0, 0.0, 0.0, 1.0
rest,SIMPLE_NAME, line no: 23,1,NUMBER_LITERAL, 0.9302325581395349, 0.11627906976744186, 0.0, 0.0, 0.0, 1.0
0,NUMBER_LITERAL, line no: 14,Arrays.copyOfRange(coins 1 coins.length),METHOD_INVOCATION, 0.9285714285714286, 0.9285714285714286, 0.0, 0.0, 0.0, 1.0
0,NUMBER_LITERAL, line no: 14,Arrays,SIMPLE_NAME, 0.9285714285714286, 0.9285714285714286, 0.0, 0.0, 0.0, 1.0
0,NUMBER_LITERAL, line no: 14,copyOfRange,SIMPLE_NAME, 0.9285714285714286, 0.9285714285714286, 0.0, 0.0, 0.0, 1.0
0,NUMBER_LITERAL, line no: 17,Arrays.copyOfRange(coins 1 coins.length),METHOD_INVOCATION, 0.9285714285714286, 0.9285714285714286, 0.0, 0.0, 0.0, 1.0
0,NUMBER_LITERAL, line no: 17,Arrays,SIMPLE_NAME, 0.9285714285714286, 0.9285714285714286, 0.0, 0.0, 0.0, 1.0
0,NUMBER_LITERAL, line no: 17,copyOfRange,SIMPLE_NAME, 0.9285714285714286, 0.9285714285714286, 0.0, 0.0, 0.0, 1.0
1,NUMBER_LITERAL, line no: 22,total == 0,INFIX_EXPRESSION, 0.9069767441860465, 0.9069767441860465, 0.0, 0.0, 0.0, 1.0
1,NUMBER_LITERAL, line no: 22,total < 0,INFIX_EXPRESSION, 0.9069767441860465, 0.9069767441860465, 0.0, 0.0, 0.0, 1.0
total,SIMPLE_NAME, line no: 14,util,SIMPLE_NAME, 0.44761904761904764, 0.047619047619047616, 0.0, 0.4, 0.0, 1.0
total,SIMPLE_NAME, line no: 17,util,SIMPLE_NAME, 0.44761904761904764, 0.047619047619047616, 0.0, 0.4, 0.0, 1.0
total,SIMPLE_NAME, line no: 23,util,SIMPLE_NAME, 0.44651162790697674, 0.046511627906976744, 0.0, 0.4, 0.0, 1.0
total,SIMPLE_NAME, line no: 23,util,SIMPLE_NAME, 0.4454545454545455, 0.045454545454545456, 0.0, 0.4, 0.0, 1.0
rest,SIMPLE_NAME, line no: 22,util,SIMPLE_NAME, 0.2976190476190476, 0.047619047619047616, 0.0, 0.25, 0.0, 1.0
rest,SIMPLE_NAME, line no: 23,util,SIMPLE_NAME, 0.2965116279069767, 0.046511627906976744, 0.0, 0.25, 0.0, 1.0
total < 0,INFIX_EXPRESSION, line no: 17,util,SIMPLE_NAME, 0.27100271002710025, 0.04878048780487805, 0.0, 0.2222222222222222, 0.0, 1.0
total == 0,INFIX_EXPRESSION, line no: 14,util,SIMPLE_NAME, 0.24878048780487805, 0.04878048780487805, 0.0, 0.2, 0.0, 1.0
total,SIMPLE_NAME, line no: 14,java,SIMPLE_NAME, 0.24761904761904763, 0.047619047619047616, 0.0, 0.2, 0.0, 1.0
total,SIMPLE_NAME, line no: 17,java,SIMPLE_NAME, 0.24761904761904763, 0.047619047619047616, 0.0, 0.2, 0.0, 1.0
first,SIMPLE_NAME, line no: 21,util,SIMPLE_NAME, 0.24761904761904763, 0.047619047619047616, 0.0, 0.2, 0.0, 1.0
total < 0,INFIX_EXPRESSION, line no: 17,java.util,QUALIFIED_NAME, 0.24661246612466123, 0.024390243902439025, 0.0, 0.2222222222222222, 0.0, 1.0
coins,SIMPLE_NAME, line no: 21,util,SIMPLE_NAME, 0.24651162790697675, 0.046511627906976744, 0.0, 0.2, 0.0, 1.0
coins,SIMPLE_NAME, line no: 22,util,SIMPLE_NAME, 0.24651162790697675, 0.046511627906976744, 0.0, 0.2, 0.0, 1.0
coins,SIMPLE_NAME, line no: 23,util,SIMPLE_NAME, 0.24651162790697675, 0.046511627906976744, 0.0, 0.2, 0.0, 1.0
total,SIMPLE_NAME, line no: 23,java,SIMPLE_NAME, 0.24651162790697675, 0.046511627906976744, 0.0, 0.2, 0.0, 1.0
total,SIMPLE_NAME, line no: 14,java.util,QUALIFIED_NAME, 0.24603174603174602, 0.023809523809523808, 0.0, 0.2222222222222222, 0.0, 1.0
total,SIMPLE_NAME, line no: 17,java.util,QUALIFIED_NAME, 0.24603174603174602, 0.023809523809523808, 0.0, 0.2222222222222222, 0.0, 1.0
possible_change(rest total),METHOD_INVOCATION, line no: 23,buggy_java_programs,SIMPLE_NAME, 0.24603174603174602, 0.023809523809523808, 0.0, 0.2222222222222222, 0.0, 1.0
total,SIMPLE_NAME, line no: 23,java.util,QUALIFIED_NAME, 0.24547803617571057, 0.023255813953488372, 0.0, 0.2222222222222222, 0.0, 1.0
coins,SIMPLE_NAME, line no: 22,util,SIMPLE_NAME, 0.24545454545454548, 0.045454545454545456, 0.0, 0.2, 0.0, 1.0
total,SIMPLE_NAME, line no: 23,java,SIMPLE_NAME, 0.24545454545454548, 0.045454545454545456, 0.0, 0.2, 0.0, 1.0
first,SIMPLE_NAME, line no: 23,util,SIMPLE_NAME, 0.24545454545454548, 0.045454545454545456, 0.0, 0.2, 0.0, 1.0
total,SIMPLE_NAME, line no: 23,java.util,QUALIFIED_NAME, 0.24494949494949494, 0.022727272727272728, 0.0, 0.2222222222222222, 0.0, 1.0
Arrays,SIMPLE_NAME, line no: 22,buggy_java_programs,SIMPLE_NAME, 0.23378212974296203, 0.023255813953488372, 0.0, 0.21052631578947367, 0.0, 1.0
possible_change,SIMPLE_NAME, line no: 23,buggy_java_programs,SIMPLE_NAME, 0.23378212974296203, 0.023255813953488372, 0.0, 0.21052631578947367, 0.0, 1.0
possible_change,SIMPLE_NAME, line no: 23,buggy_java_programs,SIMPLE_NAME, 0.23378212974296203, 0.023255813953488372, 0.0, 0.21052631578947367, 0.0, 1.0
total == 0,INFIX_EXPRESSION, line no: 14,java.util,QUALIFIED_NAME, 0.22439024390243903, 0.024390243902439025, 0.0, 0.2, 0.0, 1.0
Arrays,SIMPLE_NAME, line no: 22,java,SIMPLE_NAME, 0.2131782945736434, 0.046511627906976744, 0.0, 0.16666666666666666, 0.0, 1.0
coins.length,QUALIFIED_NAME, line no: 22,util,SIMPLE_NAME, 0.2131782945736434, 0.046511627906976744, 0.0, 0.16666666666666666, 0.0, 1.0
length,SIMPLE_NAME, line no: 22,util,SIMPLE_NAME, 0.2121212121212121, 0.045454545454545456, 0.0, 0.16666666666666666, 0.0, 1.0
total - first,INFIX_EXPRESSION, line no: 23,util,SIMPLE_NAME, 0.2003577817531306, 0.046511627906976744, 0.0, 0.15384615384615385, 0.0, 1.0
possible_change(coins total - first),METHOD_INVOCATION, line no: 23,buggy_java_programs,SIMPLE_NAME, 0.19047619047619047, 0.023809523809523808, 0.0, 0.16666666666666666, 0.0, 1.0
coins.length,QUALIFIED_NAME, line no: 22,java.util,QUALIFIED_NAME, 0.18992248062015504, 0.023255813953488372, 0.0, 0.16666666666666666, 0.0, 1.0
copyOfRange,SIMPLE_NAME, line no: 22,buggy_java_programs,SIMPLE_NAME, 0.1811505507955936, 0.023255813953488372, 0.0, 0.15789473684210525, 0.0, 1.0
total - first,INFIX_EXPRESSION, line no: 23,buggy_java_programs,SIMPLE_NAME, 0.1811505507955936, 0.023255813953488372, 0.0, 0.15789473684210525, 0.0, 1.0
possible_change,SIMPLE_NAME, line no: 23,util,SIMPLE_NAME, 0.17984496124031008, 0.046511627906976744, 0.0, 0.13333333333333333, 0.0, 1.0
possible_change,SIMPLE_NAME, line no: 23,util,SIMPLE_NAME, 0.17984496124031008, 0.046511627906976744, 0.0, 0.13333333333333333, 0.0, 1.0
total - first,INFIX_EXPRESSION, line no: 23,java.util,QUALIFIED_NAME, 0.1771019677996422, 0.023255813953488372, 0.0, 0.15384615384615385, 0.0, 1.0
coins[0],ARRAY_ACCESS, line no: 21,util,SIMPLE_NAME, 0.17261904761904762, 0.047619047619047616, 0.0, 0.125, 0.0, 1.0
possible_change(coins total - first) + possible_change(rest total),INFIX_EXPRESSION, line no: 23,buggy_java_programs,SIMPLE_NAME, 0.16075388026607537, 0.024390243902439025, 0.0, 0.13636363636363635, 0.0, 1.0
total < 0,INFIX_EXPRESSION, line no: 17,java,SIMPLE_NAME, 0.15989159891598914, 0.04878048780487805, 0.0, 0.1111111111111111, 0.0, 1.0
possible_change,SIMPLE_NAME, line no: 23,java.util,QUALIFIED_NAME, 0.15658914728682172, 0.023255813953488372, 0.0, 0.13333333333333333, 0.0, 1.0
possible_change,SIMPLE_NAME, line no: 23,java.util,QUALIFIED_NAME, 0.15658914728682172, 0.023255813953488372, 0.0, 0.13333333333333333, 0.0, 1.0
total == 0,INFIX_EXPRESSION, line no: 14,java,SIMPLE_NAME, 0.14878048780487807, 0.04878048780487805, 0.0, 0.1, 0.0, 1.0
copyOfRange,SIMPLE_NAME, line no: 22,java,SIMPLE_NAME, 0.13742071881606766, 0.046511627906976744, 0.0, 0.09090909090909091, 0.0, 1.0
first,SIMPLE_NAME, line no: 21,java.util,QUALIFIED_NAME, 0.1349206349206349, 0.023809523809523808, 0.0, 0.1111111111111111, 0.0, 1.0
coins[0],ARRAY_ACCESS, line no: 21,java.util,QUALIFIED_NAME, 0.1349206349206349, 0.023809523809523808, 0.0, 0.1111111111111111, 0.0, 1.0
rest,SIMPLE_NAME, line no: 22,java.util,QUALIFIED_NAME, 0.1349206349206349, 0.023809523809523808, 0.0, 0.1111111111111111, 0.0, 1.0
possible_change(rest total),METHOD_INVOCATION, line no: 23,java.util,QUALIFIED_NAME, 0.1349206349206349, 0.023809523809523808, 0.0, 0.1111111111111111, 0.0, 1.0
coins,SIMPLE_NAME, line no: 21,java.util,QUALIFIED_NAME, 0.13436692506459946, 0.023255813953488372, 0.0, 0.1111111111111111, 0.0, 1.0
Arrays,SIMPLE_NAME, line no: 22,java.util,QUALIFIED_NAME, 0.13436692506459946, 0.023255813953488372, 0.0, 0.1111111111111111, 0.0, 1.0
coins,SIMPLE_NAME, line no: 22,java.util,QUALIFIED_NAME, 0.13436692506459946, 0.023255813953488372, 0.0, 0.1111111111111111, 0.0, 1.0
coins,SIMPLE_NAME, line no: 23,java.util,QUALIFIED_NAME, 0.13436692506459946, 0.023255813953488372, 0.0, 0.1111111111111111, 0.0, 1.0
rest,SIMPLE_NAME, line no: 23,java.util,QUALIFIED_NAME, 0.13436692506459946, 0.023255813953488372, 0.0, 0.1111111111111111, 0.0, 1.0
coins,SIMPLE_NAME, line no: 22,java.util,QUALIFIED_NAME, 0.13383838383838384, 0.022727272727272728, 0.0, 0.1111111111111111, 0.0, 1.0
length,SIMPLE_NAME, line no: 22,java.util,QUALIFIED_NAME, 0.13383838383838384, 0.022727272727272728, 0.0, 0.1111111111111111, 0.0, 1.0
first,SIMPLE_NAME, line no: 23,java.util,QUALIFIED_NAME, 0.13383838383838384, 0.022727272727272728, 0.0, 0.1111111111111111, 0.0, 1.0
total == 0,INFIX_EXPRESSION, line no: 14,buggy_java_programs,SIMPLE_NAME, 0.12965340179717585, 0.024390243902439025, 0.0, 0.10526315789473684, 0.0, 1.0
total < 0,INFIX_EXPRESSION, line no: 17,buggy_java_programs,SIMPLE_NAME, 0.12965340179717585, 0.024390243902439025, 0.0, 0.10526315789473684, 0.0, 1.0
total,SIMPLE_NAME, line no: 14,buggy_java_programs,SIMPLE_NAME, 0.12907268170426064, 0.023809523809523808, 0.0, 0.10526315789473684, 0.0, 1.0
total,SIMPLE_NAME, line no: 17,buggy_java_programs,SIMPLE_NAME, 0.12907268170426064, 0.023809523809523808, 0.0, 0.10526315789473684, 0.0, 1.0
first,SIMPLE_NAME, line no: 21,buggy_java_programs,SIMPLE_NAME, 0.12907268170426064, 0.023809523809523808, 0.0, 0.10526315789473684, 0.0, 1.0
coins[0],ARRAY_ACCESS, line no: 21,buggy_java_programs,SIMPLE_NAME, 0.12907268170426064, 0.023809523809523808, 0.0, 0.10526315789473684, 0.0, 1.0
rest,SIMPLE_NAME, line no: 22,buggy_java_programs,SIMPLE_NAME, 0.12907268170426064, 0.023809523809523808, 0.0, 0.10526315789473684, 0.0, 1.0
coins,SIMPLE_NAME, line no: 21,buggy_java_programs,SIMPLE_NAME, 0.1285189718482252, 0.023255813953488372, 0.0, 0.10526315789473684, 0.0, 1.0
coins,SIMPLE_NAME, line no: 22,buggy_java_programs,SIMPLE_NAME, 0.1285189718482252, 0.023255813953488372, 0.0, 0.10526315789473684, 0.0, 1.0
coins.length,QUALIFIED_NAME, line no: 22,buggy_java_programs,SIMPLE_NAME, 0.1285189718482252, 0.023255813953488372, 0.0, 0.10526315789473684, 0.0, 1.0
coins,SIMPLE_NAME, line no: 23,buggy_java_programs,SIMPLE_NAME, 0.1285189718482252, 0.023255813953488372, 0.0, 0.10526315789473684, 0.0, 1.0
rest,SIMPLE_NAME, line no: 23,buggy_java_programs,SIMPLE_NAME, 0.1285189718482252, 0.023255813953488372, 0.0, 0.10526315789473684, 0.0, 1.0
total,SIMPLE_NAME, line no: 23,buggy_java_programs,SIMPLE_NAME, 0.1285189718482252, 0.023255813953488372, 0.0, 0.10526315789473684, 0.0, 1.0
coins,SIMPLE_NAME, line no: 22,buggy_java_programs,SIMPLE_NAME, 0.12799043062200957, 0.022727272727272728, 0.0, 0.10526315789473684, 0.0, 1.0
total,SIMPLE_NAME, line no: 23,buggy_java_programs,SIMPLE_NAME, 0.12799043062200957, 0.022727272727272728, 0.0, 0.10526315789473684, 0.0, 1.0
first,SIMPLE_NAME, line no: 23,buggy_java_programs,SIMPLE_NAME, 0.12799043062200957, 0.022727272727272728, 0.0, 0.10526315789473684, 0.0, 1.0
Arrays.copyOfRange(coins 1 coins.length),METHOD_INVOCATION, line no: 22,buggy_java_programs,SIMPLE_NAME, 0.12380952380952381, 0.023809523809523808, 0.0, 0.1, 0.0, 1.0
Arrays.copyOfRange(coins 1 coins.length),METHOD_INVOCATION, line no: 22,java.util,QUALIFIED_NAME, 0.12380952380952381, 0.023809523809523808, 0.0, 0.1, 0.0, 1.0
total - first,INFIX_EXPRESSION, line no: 23,java,SIMPLE_NAME, 0.12343470483005367, 0.046511627906976744, 0.0, 0.07692307692307693, 0.0, 1.0
possible_change(rest total),METHOD_INVOCATION, line no: 23,java,SIMPLE_NAME, 0.12169312169312169, 0.047619047619047616, 0.0, 0.07407407407407407, 0.0, 1.0
possible_change(rest total),METHOD_INVOCATION, line no: 23,util,SIMPLE_NAME, 0.12169312169312169, 0.047619047619047616, 0.0, 0.07407407407407407, 0.0, 1.0
copyOfRange,SIMPLE_NAME, line no: 22,java.util,QUALIFIED_NAME, 0.11416490486257928, 0.023255813953488372, 0.0, 0.09090909090909091, 0.0, 1.0
possible_change,SIMPLE_NAME, line no: 23,java,SIMPLE_NAME, 0.11317829457364341, 0.046511627906976744, 0.0, 0.06666666666666667, 0.0, 1.0
possible_change,SIMPLE_NAME, line no: 23,java,SIMPLE_NAME, 0.11317829457364341, 0.046511627906976744, 0.0, 0.06666666666666667, 0.0, 1.0
possible_change(coins total - first),METHOD_INVOCATION, line no: 23,java.util,QUALIFIED_NAME, 0.10714285714285714, 0.023809523809523808, 0.0, 0.08333333333333333, 0.0, 1.0
possible_change(coins total - first),METHOD_INVOCATION, line no: 23,java,SIMPLE_NAME, 0.10317460317460317, 0.047619047619047616, 0.0, 0.05555555555555555, 0.0, 1.0
possible_change(coins total - first),METHOD_INVOCATION, line no: 23,util,SIMPLE_NAME, 0.10317460317460317, 0.047619047619047616, 0.0, 0.05555555555555555, 0.0, 1.0
possible_change(coins total - first) + possible_change(rest total),INFIX_EXPRESSION, line no: 23,java.util,QUALIFIED_NAME, 0.10014781966001479, 0.024390243902439025, 0.0, 0.07575757575757576, 0.0, 1.0
Arrays.copyOfRange(coins 1 coins.length),METHOD_INVOCATION, line no: 22,java,SIMPLE_NAME, 0.09761904761904762, 0.047619047619047616, 0.0, 0.05, 0.0, 1.0
Arrays.copyOfRange(coins 1 coins.length),METHOD_INVOCATION, line no: 22,util,SIMPLE_NAME, 0.09761904761904762, 0.047619047619047616, 0.0, 0.05, 0.0, 1.0
possible_change(coins total - first) + possible_change(rest total),INFIX_EXPRESSION, line no: 23,util,SIMPLE_NAME, 0.0942350332594235, 0.04878048780487805, 0.0, 0.045454545454545456, 0.0, 1.0
Arrays,SIMPLE_NAME, line no: 22,POSSIBLE_CHANGE,SIMPLE_NAME, 0.08992248062015504, 0.023255813953488372, 0.0, 0.06666666666666667, 0.0, 1.0
copyOfRange,SIMPLE_NAME, line no: 22,POSSIBLE_CHANGE,SIMPLE_NAME, 0.08992248062015504, 0.023255813953488372, 0.0, 0.06666666666666667, 0.0, 1.0
possible_change,SIMPLE_NAME, line no: 23,POSSIBLE_CHANGE,SIMPLE_NAME, 0.08992248062015504, 0.023255813953488372, 0.0, 0.06666666666666667, 0.0, 1.0
possible_change,SIMPLE_NAME, line no: 23,POSSIBLE_CHANGE,SIMPLE_NAME, 0.08992248062015504, 0.023255813953488372, 0.0, 0.06666666666666667, 0.0, 1.0
possible_change(coins total - first) + possible_change(rest total),INFIX_EXPRESSION, line no: 23,java,SIMPLE_NAME, 0.07908351810790835, 0.04878048780487805, 0.0, 0.030303030303030304, 0.0, 1.0
length,SIMPLE_NAME, line no: 22,buggy_java_programs,SIMPLE_NAME, 0.07535885167464115, 0.022727272727272728, 0.0, 0.05263157894736842, 0.0, 1.0
possible_change(rest total),METHOD_INVOCATION, line no: 23,POSSIBLE_CHANGE,SIMPLE_NAME, 0.06084656084656084, 0.023809523809523808, 0.0, 0.037037037037037035, 0.0, 1.0
possible_change(coins total - first),METHOD_INVOCATION, line no: 23,POSSIBLE_CHANGE,SIMPLE_NAME, 0.051587301587301584, 0.023809523809523808, 0.0, 0.027777777777777776, 0.0, 1.0
Arrays.copyOfRange(coins 1 coins.length),METHOD_INVOCATION, line no: 22,POSSIBLE_CHANGE,SIMPLE_NAME, 0.04880952380952381, 0.023809523809523808, 0.0, 0.025, 0.0, 1.0
0,NUMBER_LITERAL, line no: 14,java,SIMPLE_NAME, 0.047619047619047616, 0.047619047619047616, 0.0, 0.0, 0.0, 1.0
0,NUMBER_LITERAL, line no: 14,util,SIMPLE_NAME, 0.047619047619047616, 0.047619047619047616, 0.0, 0.0, 0.0, 1.0
0,NUMBER_LITERAL, line no: 17,java,SIMPLE_NAME, 0.047619047619047616, 0.047619047619047616, 0.0, 0.0, 0.0, 1.0
0,NUMBER_LITERAL, line no: 17,util,SIMPLE_NAME, 0.047619047619047616, 0.047619047619047616, 0.0, 0.0, 0.0, 1.0
first,SIMPLE_NAME, line no: 21,java,SIMPLE_NAME, 0.047619047619047616, 0.047619047619047616, 0.0, 0.0, 0.0, 1.0
coins[0],ARRAY_ACCESS, line no: 21,java,SIMPLE_NAME, 0.047619047619047616, 0.047619047619047616, 0.0, 0.0, 0.0, 1.0
rest,SIMPLE_NAME, line no: 22,java,SIMPLE_NAME, 0.047619047619047616, 0.047619047619047616, 0.0, 0.0, 0.0, 1.0
coins,SIMPLE_NAME, line no: 21,java,SIMPLE_NAME, 0.046511627906976744, 0.046511627906976744, 0.0, 0.0, 0.0, 1.0
0,NUMBER_LITERAL, line no: 21,java,SIMPLE_NAME, 0.046511627906976744, 0.046511627906976744, 0.0, 0.0, 0.0, 1.0
0,NUMBER_LITERAL, line no: 21,util,SIMPLE_NAME, 0.046511627906976744, 0.046511627906976744, 0.0, 0.0, 0.0, 1.0
Arrays,SIMPLE_NAME, line no: 22,util,SIMPLE_NAME, 0.046511627906976744, 0.046511627906976744, 0.0, 0.0, 0.0, 1.0
copyOfRange,SIMPLE_NAME, line no: 22,util,SIMPLE_NAME, 0.046511627906976744, 0.046511627906976744, 0.0, 0.0, 0.0, 1.0
coins,SIMPLE_NAME, line no: 22,java,SIMPLE_NAME, 0.046511627906976744, 0.046511627906976744, 0.0, 0.0, 0.0, 1.0
1,NUMBER_LITERAL, line no: 22,java,SIMPLE_NAME, 0.046511627906976744, 0.046511627906976744, 0.0, 0.0, 0.0, 1.0
1,NUMBER_LITERAL, line no: 22,util,SIMPLE_NAME, 0.046511627906976744, 0.046511627906976744, 0.0, 0.0, 0.0, 1.0
coins.length,QUALIFIED_NAME, line no: 22,java,SIMPLE_NAME, 0.046511627906976744, 0.046511627906976744, 0.0, 0.0, 0.0, 1.0
coins,SIMPLE_NAME, line no: 23,java,SIMPLE_NAME, 0.046511627906976744, 0.046511627906976744, 0.0, 0.0, 0.0, 1.0
rest,SIMPLE_NAME, line no: 23,java,SIMPLE_NAME, 0.046511627906976744, 0.046511627906976744, 0.0, 0.0, 0.0, 1.0
coins,SIMPLE_NAME, line no: 22,java,SIMPLE_NAME, 0.045454545454545456, 0.045454545454545456, 0.0, 0.0, 0.0, 1.0
length,SIMPLE_NAME, line no: 22,java,SIMPLE_NAME, 0.045454545454545456, 0.045454545454545456, 0.0, 0.0, 0.0, 1.0
first,SIMPLE_NAME, line no: 23,java,SIMPLE_NAME, 0.045454545454545456, 0.045454545454545456, 0.0, 0.0, 0.0, 1.0
possible_change(coins total - first) + possible_change(rest total),INFIX_EXPRESSION, line no: 23,POSSIBLE_CHANGE,SIMPLE_NAME, 0.03954175905395418, 0.024390243902439025, 0.0, 0.015151515151515152, 0.0, 1.0
total == 0,INFIX_EXPRESSION, line no: 14,POSSIBLE_CHANGE,SIMPLE_NAME, 0.024390243902439025, 0.024390243902439025, 0.0, 0.0, 0.0, 1.0
total < 0,INFIX_EXPRESSION, line no: 17,POSSIBLE_CHANGE,SIMPLE_NAME, 0.024390243902439025, 0.024390243902439025, 0.0, 0.0, 0.0, 1.0
total,SIMPLE_NAME, line no: 14,POSSIBLE_CHANGE,SIMPLE_NAME, 0.023809523809523808, 0.023809523809523808, 0.0, 0.0, 0.0, 1.0
0,NUMBER_LITERAL, line no: 14,buggy_java_programs,SIMPLE_NAME, 0.023809523809523808, 0.023809523809523808, 0.0, 0.0, 0.0, 1.0
0,NUMBER_LITERAL, line no: 14,java.util,QUALIFIED_NAME, 0.023809523809523808, 0.023809523809523808, 0.0, 0.0, 0.0, 1.0
0,NUMBER_LITERAL, line no: 14,POSSIBLE_CHANGE,SIMPLE_NAME, 0.023809523809523808, 0.023809523809523808, 0.0, 0.0, 0.0, 1.0
total,SIMPLE_NAME, line no: 17,POSSIBLE_CHANGE,SIMPLE_NAME, 0.023809523809523808, 0.023809523809523808, 0.0, 0.0, 0.0, 1.0
0,NUMBER_LITERAL, line no: 17,buggy_java_programs,SIMPLE_NAME, 0.023809523809523808, 0.023809523809523808, 0.0, 0.0, 0.0, 1.0
0,NUMBER_LITERAL, line no: 17,java.util,QUALIFIED_NAME, 0.023809523809523808, 0.023809523809523808, 0.0, 0.0, 0.0, 1.0
0,NUMBER_LITERAL, line no: 17,POSSIBLE_CHANGE,SIMPLE_NAME, 0.023809523809523808, 0.023809523809523808, 0.0, 0.0, 0.0, 1.0
first,SIMPLE_NAME, line no: 21,POSSIBLE_CHANGE,SIMPLE_NAME, 0.023809523809523808, 0.023809523809523808, 0.0, 0.0, 0.0, 1.0
coins[0],ARRAY_ACCESS, line no: 21,POSSIBLE_CHANGE,SIMPLE_NAME, 0.023809523809523808, 0.023809523809523808, 0.0, 0.0, 0.0, 1.0
rest,SIMPLE_NAME, line no: 22,POSSIBLE_CHANGE,SIMPLE_NAME, 0.023809523809523808, 0.023809523809523808, 0.0, 0.0, 0.0, 1.0
coins,SIMPLE_NAME, line no: 21,POSSIBLE_CHANGE,SIMPLE_NAME, 0.023255813953488372, 0.023255813953488372, 0.0, 0.0, 0.0, 1.0
0,NUMBER_LITERAL, line no: 21,buggy_java_programs,SIMPLE_NAME, 0.023255813953488372, 0.023255813953488372, 0.0, 0.0, 0.0, 1.0
0,NUMBER_LITERAL, line no: 21,java.util,QUALIFIED_NAME, 0.023255813953488372, 0.023255813953488372, 0.0, 0.0, 0.0, 1.0
0,NUMBER_LITERAL, line no: 21,POSSIBLE_CHANGE,SIMPLE_NAME, 0.023255813953488372, 0.023255813953488372, 0.0, 0.0, 0.0, 1.0
coins,SIMPLE_NAME, line no: 22,POSSIBLE_CHANGE,SIMPLE_NAME, 0.023255813953488372, 0.023255813953488372, 0.0, 0.0, 0.0, 1.0
1,NUMBER_LITERAL, line no: 22,buggy_java_programs,SIMPLE_NAME, 0.023255813953488372, 0.023255813953488372, 0.0, 0.0, 0.0, 1.0
1,NUMBER_LITERAL, line no: 22,java.util,QUALIFIED_NAME, 0.023255813953488372, 0.023255813953488372, 0.0, 0.0, 0.0, 1.0
1,NUMBER_LITERAL, line no: 22,POSSIBLE_CHANGE,SIMPLE_NAME, 0.023255813953488372, 0.023255813953488372, 0.0, 0.0, 0.0, 1.0
coins.length,QUALIFIED_NAME, line no: 22,POSSIBLE_CHANGE,SIMPLE_NAME, 0.023255813953488372, 0.023255813953488372, 0.0, 0.0, 0.0, 1.0
coins,SIMPLE_NAME, line no: 23,POSSIBLE_CHANGE,SIMPLE_NAME, 0.023255813953488372, 0.023255813953488372, 0.0, 0.0, 0.0, 1.0
total - first,INFIX_EXPRESSION, line no: 23,POSSIBLE_CHANGE,SIMPLE_NAME, 0.023255813953488372, 0.023255813953488372, 0.0, 0.0, 0.0, 1.0
rest,SIMPLE_NAME, line no: 23,POSSIBLE_CHANGE,SIMPLE_NAME, 0.023255813953488372, 0.023255813953488372, 0.0, 0.0, 0.0, 1.0
total,SIMPLE_NAME, line no: 23,POSSIBLE_CHANGE,SIMPLE_NAME, 0.023255813953488372, 0.023255813953488372, 0.0, 0.0, 0.0, 1.0
coins,SIMPLE_NAME, line no: 22,POSSIBLE_CHANGE,SIMPLE_NAME, 0.022727272727272728, 0.022727272727272728, 0.0, 0.0, 0.0, 1.0
length,SIMPLE_NAME, line no: 22,POSSIBLE_CHANGE,SIMPLE_NAME, 0.022727272727272728, 0.022727272727272728, 0.0, 0.0, 0.0, 1.0
total,SIMPLE_NAME, line no: 23,POSSIBLE_CHANGE,SIMPLE_NAME, 0.022727272727272728, 0.022727272727272728, 0.0, 0.0, 0.0, 1.0
first,SIMPLE_NAME, line no: 23,POSSIBLE_CHANGE,SIMPLE_NAME, 0.022727272727272728, 0.022727272727272728, 0.0, 0.0, 0.0, 1.0
