result,SIMPLE_NAME, line no: 15,alphabet,SIMPLE_NAME, 2.0, 1.0, 1.0, 0.0, 0.0, 1.0
"",STRING_LITERAL, line no: 15,"0123456789ABCDEFGHIJKLMNOPQRSTUVWXYZ",STRING_LITERAL, 2.0, 1.0, 1.0, 0.0, 0.0, 1.0
alphabet,SIMPLE_NAME, line no: 16,result,SIMPLE_NAME, 2.0, 1.0, 1.0, 0.0, 0.0, 1.0
"0123456789ABCDEFGHIJKLMNOPQRSTUVWXYZ",STRING_LITERAL, line no: 16,"",STRING_LITERAL, 2.0, 1.0, 1.0, 0.0, 0.0, 1.0
i=num % b,ASSIGNMENT, line no: 19,num,SIMPLE_NAME, 2.0, 1.0, 1.0, 0.0, 0.0, 1.0
i=num % b,ASSIGNMENT, line no: 19,b,SIMPLE_NAME, 2.0, 1.0, 1.0, 0.0, 0.0, 1.0
i=num % b,ASSIGNMENT, line no: 19,i,SIMPLE_NAME, 2.0, 1.0, 1.0, 0.0, 0.0, 1.0
i,SIMPLE_NAME, line no: 19,num,SIMPLE_NAME, 2.0, 1.0, 1.0, 0.0, 0.0, 1.0
i,SIMPLE_NAME, line no: 19,b,SIMPLE_NAME, 2.0, 1.0, 1.0, 0.0, 0.0, 1.0
num % b,INFIX_EXPRESSION, line no: 19,num,SIMPLE_NAME, 2.0, 1.0, 1.0, 0.0, 0.0, 1.0
num % b,INFIX_EXPRESSION, line no: 19,b,SIMPLE_NAME, 2.0, 1.0, 1.0, 0.0, 0.0, 1.0
num % b,INFIX_EXPRESSION, line no: 19,i,SIMPLE_NAME, 2.0, 1.0, 1.0, 0.0, 0.0, 1.0
num % b,INFIX_EXPRESSION, line no: 19,num / b,INFIX_EXPRESSION, 2.0, 1.0, 1.0, 0.0, 0.0, 1.0
num,SIMPLE_NAME, line no: 19,b,SIMPLE_NAME, 2.0, 1.0, 1.0, 0.0, 0.0, 1.0
num,SIMPLE_NAME, line no: 19,i,SIMPLE_NAME, 2.0, 1.0, 1.0, 0.0, 0.0, 1.0
b,SIMPLE_NAME, line no: 19,num,SIMPLE_NAME, 2.0, 1.0, 1.0, 0.0, 0.0, 1.0
b,SIMPLE_NAME, line no: 19,i,SIMPLE_NAME, 2.0, 1.0, 1.0, 0.0, 0.0, 1.0
num=num / b,ASSIGNMENT, line no: 20,num,SIMPLE_NAME, 2.0, 1.0, 1.0, 0.0, 0.0, 1.0
num=num / b,ASSIGNMENT, line no: 20,b,SIMPLE_NAME, 2.0, 1.0, 1.0, 0.0, 0.0, 1.0
num=num / b,ASSIGNMENT, line no: 20,i,SIMPLE_NAME, 2.0, 1.0, 1.0, 0.0, 0.0, 1.0
num=num / b,ASSIGNMENT, line no: 20,num % b,INFIX_EXPRESSION, 2.0, 1.0, 1.0, 0.0, 0.0, 1.0
num=num / b,ASSIGNMENT, line no: 20,num / b,INFIX_EXPRESSION, 2.0, 1.0, 1.0, 0.0, 0.0, 1.0
num,SIMPLE_NAME, line no: 20,b,SIMPLE_NAME, 2.0, 1.0, 1.0, 0.0, 0.0, 1.0
num,SIMPLE_NAME, line no: 20,i,SIMPLE_NAME, 2.0, 1.0, 1.0, 0.0, 0.0, 1.0
num / b,INFIX_EXPRESSION, line no: 20,num,SIMPLE_NAME, 2.0, 1.0, 1.0, 0.0, 0.0, 1.0
num / b,INFIX_EXPRESSION, line no: 20,b,SIMPLE_NAME, 2.0, 1.0, 1.0, 0.0, 0.0, 1.0
num / b,INFIX_EXPRESSION, line no: 20,i,SIMPLE_NAME, 2.0, 1.0, 1.0, 0.0, 0.0, 1.0
num / b,INFIX_EXPRESSION, line no: 20,num % b,INFIX_EXPRESSION, 2.0, 1.0, 1.0, 0.0, 0.0, 1.0
num,SIMPLE_NAME, line no: 20,b,SIMPLE_NAME, 2.0, 1.0, 1.0, 0.0, 0.0, 1.0
num,SIMPLE_NAME, line no: 20,i,SIMPLE_NAME, 2.0, 1.0, 1.0, 0.0, 0.0, 1.0
b,SIMPLE_NAME, line no: 20,num,SIMPLE_NAME, 2.0, 1.0, 1.0, 0.0, 0.0, 1.0
b,SIMPLE_NAME, line no: 20,i,SIMPLE_NAME, 2.0, 1.0, 1.0, 0.0, 0.0, 1.0
result=result + String.valueOf(alphabet.charAt(i)),ASSIGNMENT, line no: 21,String,SIMPLE_NAME, 2.0, 1.0, 1.0, 0.0, 0.0, 1.0
result=result + String.valueOf(alphabet.charAt(i)),ASSIGNMENT, line no: 21,result,SIMPLE_NAME, 2.0, 1.0, 1.0, 0.0, 0.0, 1.0
result=result + String.valueOf(alphabet.charAt(i)),ASSIGNMENT, line no: 21,alphabet,SIMPLE_NAME, 2.0, 1.0, 1.0, 0.0, 0.0, 1.0
result=result + String.valueOf(alphabet.charAt(i)),ASSIGNMENT, line no: 21,result + String.valueOf(alphabet.charAt(i)),INFIX_EXPRESSION, 2.0, 1.0, 1.0, 0.0, 0.0, 1.0
result=result + String.valueOf(alphabet.charAt(i)),ASSIGNMENT, line no: 21,valueOf,SIMPLE_NAME, 2.0, 1.0, 1.0, 0.0, 0.0, 1.0
result,SIMPLE_NAME, line no: 21,String,SIMPLE_NAME, 2.0, 1.0, 1.0, 0.0, 0.0, 1.0
result,SIMPLE_NAME, line no: 21,alphabet,SIMPLE_NAME, 2.0, 1.0, 1.0, 0.0, 0.0, 1.0
result,SIMPLE_NAME, line no: 21,valueOf,SIMPLE_NAME, 2.0, 1.0, 1.0, 0.0, 0.0, 1.0
result + String.valueOf(alphabet.charAt(i)),INFIX_EXPRESSION, line no: 21,String,SIMPLE_NAME, 2.0, 1.0, 1.0, 0.0, 0.0, 1.0
result + String.valueOf(alphabet.charAt(i)),INFIX_EXPRESSION, line no: 21,result,SIMPLE_NAME, 2.0, 1.0, 1.0, 0.0, 0.0, 1.0
result + String.valueOf(alphabet.charAt(i)),INFIX_EXPRESSION, line no: 21,alphabet,SIMPLE_NAME, 2.0, 1.0, 1.0, 0.0, 0.0, 1.0
result + String.valueOf(alphabet.charAt(i)),INFIX_EXPRESSION, line no: 21,valueOf,SIMPLE_NAME, 2.0, 1.0, 1.0, 0.0, 0.0, 1.0
result,SIMPLE_NAME, line no: 21,String,SIMPLE_NAME, 2.0, 1.0, 1.0, 0.0, 0.0, 1.0
result,SIMPLE_NAME, line no: 21,alphabet,SIMPLE_NAME, 2.0, 1.0, 1.0, 0.0, 0.0, 1.0
result,SIMPLE_NAME, line no: 21,valueOf,SIMPLE_NAME, 2.0, 1.0, 1.0, 0.0, 0.0, 1.0
String.valueOf(alphabet.charAt(i)),METHOD_INVOCATION, line no: 21,String,SIMPLE_NAME, 2.0, 1.0, 1.0, 0.0, 0.0, 1.0
String.valueOf(alphabet.charAt(i)),METHOD_INVOCATION, line no: 21,alphabet,SIMPLE_NAME, 2.0, 1.0, 1.0, 0.0, 0.0, 1.0
String.valueOf(alphabet.charAt(i)),METHOD_INVOCATION, line no: 21,valueOf,SIMPLE_NAME, 2.0, 1.0, 1.0, 0.0, 0.0, 1.0
String.valueOf(alphabet.charAt(i)),METHOD_INVOCATION, line no: 21,alphabet.charAt(i),METHOD_INVOCATION, 2.0, 1.0, 1.0, 0.0, 0.0, 1.0
String,SIMPLE_NAME, line no: 21,alphabet,SIMPLE_NAME, 2.0, 1.0, 1.0, 0.0, 0.0, 1.0
String,SIMPLE_NAME, line no: 21,valueOf,SIMPLE_NAME, 2.0, 1.0, 1.0, 0.0, 0.0, 1.0
valueOf,SIMPLE_NAME, line no: 21,String,SIMPLE_NAME, 2.0, 1.0, 1.0, 0.0, 0.0, 1.0
valueOf,SIMPLE_NAME, line no: 21,alphabet,SIMPLE_NAME, 2.0, 1.0, 1.0, 0.0, 0.0, 1.0
alphabet.charAt(i),METHOD_INVOCATION, line no: 21,charAt,SIMPLE_NAME, 2.0, 1.0, 1.0, 0.0, 0.0, 1.0
String,SIMPLE_NAME, line no: 15,result,SIMPLE_NAME, 1.9767441860465116, 0.9767441860465116, 1.0, 0.0, 0.0, 1.0
String,SIMPLE_NAME, line no: 15,alphabet,SIMPLE_NAME, 1.9767441860465116, 0.9767441860465116, 1.0, 0.0, 0.0, 1.0
result,SIMPLE_NAME, line no: 15,String,SIMPLE_NAME, 1.9767441860465116, 0.9767441860465116, 1.0, 0.0, 0.0, 1.0
result,SIMPLE_NAME, line no: 15,"",STRING_LITERAL, 1.9767441860465116, 0.9767441860465116, 1.0, 0.0, 0.0, 1.0
result,SIMPLE_NAME, line no: 15,"0123456789ABCDEFGHIJKLMNOPQRSTUVWXYZ",STRING_LITERAL, 1.9767441860465116, 0.9767441860465116, 1.0, 0.0, 0.0, 1.0
"",STRING_LITERAL, line no: 15,result,SIMPLE_NAME, 1.9767441860465116, 0.9767441860465116, 1.0, 0.0, 0.0, 1.0
"",STRING_LITERAL, line no: 15,alphabet,SIMPLE_NAME, 1.9767441860465116, 0.9767441860465116, 1.0, 0.0, 0.0, 1.0
String,SIMPLE_NAME, line no: 16,result,SIMPLE_NAME, 1.9767441860465116, 0.9767441860465116, 1.0, 0.0, 0.0, 1.0
String,SIMPLE_NAME, line no: 16,alphabet,SIMPLE_NAME, 1.9767441860465116, 0.9767441860465116, 1.0, 0.0, 0.0, 1.0
alphabet,SIMPLE_NAME, line no: 16,String,SIMPLE_NAME, 1.9767441860465116, 0.9767441860465116, 1.0, 0.0, 0.0, 1.0
alphabet,SIMPLE_NAME, line no: 16,"",STRING_LITERAL, 1.9767441860465116, 0.9767441860465116, 1.0, 0.0, 0.0, 1.0
alphabet,SIMPLE_NAME, line no: 16,"0123456789ABCDEFGHIJKLMNOPQRSTUVWXYZ",STRING_LITERAL, 1.9767441860465116, 0.9767441860465116, 1.0, 0.0, 0.0, 1.0
"0123456789ABCDEFGHIJKLMNOPQRSTUVWXYZ",STRING_LITERAL, line no: 16,result,SIMPLE_NAME, 1.9767441860465116, 0.9767441860465116, 1.0, 0.0, 0.0, 1.0
"0123456789ABCDEFGHIJKLMNOPQRSTUVWXYZ",STRING_LITERAL, line no: 16,alphabet,SIMPLE_NAME, 1.9767441860465116, 0.9767441860465116, 1.0, 0.0, 0.0, 1.0
num,SIMPLE_NAME, line no: 18,0,NUMBER_LITERAL, 1.9767441860465116, 0.9767441860465116, 1.0, 0.0, 0.0, 1.0
0,NUMBER_LITERAL, line no: 18,num,SIMPLE_NAME, 1.9767441860465116, 0.9767441860465116, 1.0, 0.0, 0.0, 1.0
result,SIMPLE_NAME, line no: 24,String,SIMPLE_NAME, 1.9761904761904763, 0.9761904761904762, 1.0, 0.0, 0.0, 1.0
result,SIMPLE_NAME, line no: 24,alphabet,SIMPLE_NAME, 1.9761904761904763, 0.9761904761904762, 1.0, 0.0, 0.0, 1.0
alphabet,SIMPLE_NAME, line no: 21,String,SIMPLE_NAME, 1.967741935483871, 0.967741935483871, 1.0, 0.0, 0.0, 1.0
alphabet,SIMPLE_NAME, line no: 21,valueOf,SIMPLE_NAME, 1.967741935483871, 0.967741935483871, 1.0, 0.0, 0.0, 1.0
charAt,SIMPLE_NAME, line no: 21,alphabet.charAt(i),METHOD_INVOCATION, 1.967741935483871, 0.967741935483871, 1.0, 0.0, 0.0, 1.0
String,SIMPLE_NAME, line no: 21,result,SIMPLE_NAME, 1.9666666666666668, 0.9666666666666667, 1.0, 0.0, 0.0, 1.0
String,SIMPLE_NAME, line no: 21,String.valueOf(alphabet.charAt(i)),METHOD_INVOCATION, 1.9666666666666668, 0.9666666666666667, 1.0, 0.0, 0.0, 1.0
valueOf,SIMPLE_NAME, line no: 21,result,SIMPLE_NAME, 1.9666666666666668, 0.9666666666666667, 1.0, 0.0, 0.0, 1.0
valueOf,SIMPLE_NAME, line no: 21,String.valueOf(alphabet.charAt(i)),METHOD_INVOCATION, 1.9666666666666668, 0.9666666666666667, 1.0, 0.0, 0.0, 1.0
alphabet.charAt(i),METHOD_INVOCATION, line no: 21,String.valueOf(alphabet.charAt(i)),METHOD_INVOCATION, 1.9666666666666668, 0.9666666666666667, 1.0, 0.0, 0.0, 1.0
num,SIMPLE_NAME, line no: 19,num % b,INFIX_EXPRESSION, 1.9655172413793105, 0.9655172413793104, 1.0, 0.0, 0.0, 1.0
num,SIMPLE_NAME, line no: 19,num / b,INFIX_EXPRESSION, 1.9655172413793105, 0.9655172413793104, 1.0, 0.0, 0.0, 1.0
b,SIMPLE_NAME, line no: 19,num % b,INFIX_EXPRESSION, 1.9655172413793105, 0.9655172413793104, 1.0, 0.0, 0.0, 1.0
b,SIMPLE_NAME, line no: 19,num / b,INFIX_EXPRESSION, 1.9655172413793105, 0.9655172413793104, 1.0, 0.0, 0.0, 1.0
num,SIMPLE_NAME, line no: 20,num % b,INFIX_EXPRESSION, 1.9655172413793105, 0.9655172413793104, 1.0, 0.0, 0.0, 1.0
num,SIMPLE_NAME, line no: 20,num / b,INFIX_EXPRESSION, 1.9655172413793105, 0.9655172413793104, 1.0, 0.0, 0.0, 1.0
b,SIMPLE_NAME, line no: 20,num % b,INFIX_EXPRESSION, 1.9655172413793105, 0.9655172413793104, 1.0, 0.0, 0.0, 1.0
b,SIMPLE_NAME, line no: 20,num / b,INFIX_EXPRESSION, 1.9655172413793105, 0.9655172413793104, 1.0, 0.0, 0.0, 1.0
result,SIMPLE_NAME, line no: 21,result + String.valueOf(alphabet.charAt(i)),INFIX_EXPRESSION, 1.9655172413793105, 0.9655172413793104, 1.0, 0.0, 0.0, 1.0
result,SIMPLE_NAME, line no: 21,String.valueOf(alphabet.charAt(i)),METHOD_INVOCATION, 1.9655172413793105, 0.9655172413793104, 1.0, 0.0, 0.0, 1.0
String.valueOf(alphabet.charAt(i)),METHOD_INVOCATION, line no: 21,result,SIMPLE_NAME, 1.9655172413793105, 0.9655172413793104, 1.0, 0.0, 0.0, 1.0
i,SIMPLE_NAME, line no: 19,i=num % b,ASSIGNMENT, 1.9642857142857144, 0.9642857142857143, 1.0, 0.0, 0.0, 1.0
i,SIMPLE_NAME, line no: 19,num % b,INFIX_EXPRESSION, 1.9642857142857144, 0.9642857142857143, 1.0, 0.0, 0.0, 1.0
i,SIMPLE_NAME, line no: 19,num=num / b,ASSIGNMENT, 1.9642857142857144, 0.9642857142857143, 1.0, 0.0, 0.0, 1.0
i,SIMPLE_NAME, line no: 19,num / b,INFIX_EXPRESSION, 1.9642857142857144, 0.9642857142857143, 1.0, 0.0, 0.0, 1.0
num % b,INFIX_EXPRESSION, line no: 19,num=num / b,ASSIGNMENT, 1.9642857142857144, 0.9642857142857143, 1.0, 0.0, 0.0, 1.0
num,SIMPLE_NAME, line no: 20,i=num % b,ASSIGNMENT, 1.9642857142857144, 0.9642857142857143, 1.0, 0.0, 0.0, 1.0
num,SIMPLE_NAME, line no: 20,num % b,INFIX_EXPRESSION, 1.9642857142857144, 0.9642857142857143, 1.0, 0.0, 0.0, 1.0
num,SIMPLE_NAME, line no: 20,num=num / b,ASSIGNMENT, 1.9642857142857144, 0.9642857142857143, 1.0, 0.0, 0.0, 1.0
num,SIMPLE_NAME, line no: 20,num / b,INFIX_EXPRESSION, 1.9642857142857144, 0.9642857142857143, 1.0, 0.0, 0.0, 1.0
num / b,INFIX_EXPRESSION, line no: 20,num=num / b,ASSIGNMENT, 1.9642857142857144, 0.9642857142857143, 1.0, 0.0, 0.0, 1.0
result,SIMPLE_NAME, line no: 21,result=result + String.valueOf(alphabet.charAt(i)),ASSIGNMENT, 1.9642857142857144, 0.9642857142857143, 1.0, 0.0, 0.0, 1.0
result,SIMPLE_NAME, line no: 21,result + String.valueOf(alphabet.charAt(i)),INFIX_EXPRESSION, 1.9642857142857144, 0.9642857142857143, 1.0, 0.0, 0.0, 1.0
result,SIMPLE_NAME, line no: 21,String.valueOf(alphabet.charAt(i)),METHOD_INVOCATION, 1.9642857142857144, 0.9642857142857143, 1.0, 0.0, 0.0, 1.0
result + String.valueOf(alphabet.charAt(i)),INFIX_EXPRESSION, line no: 21,result=result + String.valueOf(alphabet.charAt(i)),ASSIGNMENT, 1.9642857142857144, 0.9642857142857143, 1.0, 0.0, 0.0, 1.0
String,SIMPLE_NAME, line no: 15,"",STRING_LITERAL, 1.9534883720930232, 0.9534883720930233, 1.0, 0.0, 0.0, 1.0
String,SIMPLE_NAME, line no: 15,"0123456789ABCDEFGHIJKLMNOPQRSTUVWXYZ",STRING_LITERAL, 1.9534883720930232, 0.9534883720930233, 1.0, 0.0, 0.0, 1.0
"",STRING_LITERAL, line no: 15,String,SIMPLE_NAME, 1.9534883720930232, 0.9534883720930233, 1.0, 0.0, 0.0, 1.0
String,SIMPLE_NAME, line no: 16,"",STRING_LITERAL, 1.9534883720930232, 0.9534883720930233, 1.0, 0.0, 0.0, 1.0
String,SIMPLE_NAME, line no: 16,"0123456789ABCDEFGHIJKLMNOPQRSTUVWXYZ",STRING_LITERAL, 1.9534883720930232, 0.9534883720930233, 1.0, 0.0, 0.0, 1.0
"0123456789ABCDEFGHIJKLMNOPQRSTUVWXYZ",STRING_LITERAL, line no: 16,String,SIMPLE_NAME, 1.9534883720930232, 0.9534883720930233, 1.0, 0.0, 0.0, 1.0
num,SIMPLE_NAME, line no: 18,i,SIMPLE_NAME, 1.9534883720930232, 0.9534883720930233, 1.0, 0.0, 0.0, 1.0
result,SIMPLE_NAME, line no: 24,"",STRING_LITERAL, 1.9523809523809523, 0.9523809523809523, 1.0, 0.0, 0.0, 1.0
result,SIMPLE_NAME, line no: 24,"0123456789ABCDEFGHIJKLMNOPQRSTUVWXYZ",STRING_LITERAL, 1.9523809523809523, 0.9523809523809523, 1.0, 0.0, 0.0, 1.0
alphabet,SIMPLE_NAME, line no: 21,result,SIMPLE_NAME, 1.935483870967742, 0.9354838709677419, 1.0, 0.0, 0.0, 1.0
alphabet,SIMPLE_NAME, line no: 21,String.valueOf(alphabet.charAt(i)),METHOD_INVOCATION, 1.935483870967742, 0.9354838709677419, 1.0, 0.0, 0.0, 1.0
i,SIMPLE_NAME, line no: 21,num,SIMPLE_NAME, 1.935483870967742, 0.9354838709677419, 1.0, 0.0, 0.0, 1.0
i,SIMPLE_NAME, line no: 21,b,SIMPLE_NAME, 1.935483870967742, 0.9354838709677419, 1.0, 0.0, 0.0, 1.0
String,SIMPLE_NAME, line no: 21,result + String.valueOf(alphabet.charAt(i)),INFIX_EXPRESSION, 1.9333333333333333, 0.9333333333333333, 1.0, 0.0, 0.0, 1.0
valueOf,SIMPLE_NAME, line no: 21,result + String.valueOf(alphabet.charAt(i)),INFIX_EXPRESSION, 1.9333333333333333, 0.9333333333333333, 1.0, 0.0, 0.0, 1.0
num,SIMPLE_NAME, line no: 19,0,NUMBER_LITERAL, 1.9310344827586206, 0.9310344827586207, 1.0, 0.0, 0.0, 1.0
num,SIMPLE_NAME, line no: 19,i=num % b,ASSIGNMENT, 1.9310344827586206, 0.9310344827586207, 1.0, 0.0, 0.0, 1.0
num,SIMPLE_NAME, line no: 19,num=num / b,ASSIGNMENT, 1.9310344827586206, 0.9310344827586207, 1.0, 0.0, 0.0, 1.0
b,SIMPLE_NAME, line no: 19,0,NUMBER_LITERAL, 1.9310344827586206, 0.9310344827586207, 1.0, 0.0, 0.0, 1.0
b,SIMPLE_NAME, line no: 19,i=num % b,ASSIGNMENT, 1.9310344827586206, 0.9310344827586207, 1.0, 0.0, 0.0, 1.0
b,SIMPLE_NAME, line no: 19,num=num / b,ASSIGNMENT, 1.9310344827586206, 0.9310344827586207, 1.0, 0.0, 0.0, 1.0
num,SIMPLE_NAME, line no: 20,0,NUMBER_LITERAL, 1.9310344827586206, 0.9310344827586207, 1.0, 0.0, 0.0, 1.0
num,SIMPLE_NAME, line no: 20,i=num % b,ASSIGNMENT, 1.9310344827586206, 0.9310344827586207, 1.0, 0.0, 0.0, 1.0
num,SIMPLE_NAME, line no: 20,num=num / b,ASSIGNMENT, 1.9310344827586206, 0.9310344827586207, 1.0, 0.0, 0.0, 1.0
b,SIMPLE_NAME, line no: 20,0,NUMBER_LITERAL, 1.9310344827586206, 0.9310344827586207, 1.0, 0.0, 0.0, 1.0
b,SIMPLE_NAME, line no: 20,i=num % b,ASSIGNMENT, 1.9310344827586206, 0.9310344827586207, 1.0, 0.0, 0.0, 1.0
b,SIMPLE_NAME, line no: 20,num=num / b,ASSIGNMENT, 1.9310344827586206, 0.9310344827586207, 1.0, 0.0, 0.0, 1.0
result,SIMPLE_NAME, line no: 21,"",STRING_LITERAL, 1.9310344827586206, 0.9310344827586207, 1.0, 0.0, 0.0, 1.0
result,SIMPLE_NAME, line no: 21,"0123456789ABCDEFGHIJKLMNOPQRSTUVWXYZ",STRING_LITERAL, 1.9310344827586206, 0.9310344827586207, 1.0, 0.0, 0.0, 1.0
result,SIMPLE_NAME, line no: 21,result=result + String.valueOf(alphabet.charAt(i)),ASSIGNMENT, 1.9310344827586206, 0.9310344827586207, 1.0, 0.0, 0.0, 1.0
0,NUMBER_LITERAL, line no: 18,i,SIMPLE_NAME, 1.9302325581395348, 0.9302325581395349, 1.0, 0.0, 0.0, 1.0
i,SIMPLE_NAME, line no: 19,0,NUMBER_LITERAL, 1.9285714285714286, 0.9285714285714286, 1.0, 0.0, 0.0, 1.0
num % b,INFIX_EXPRESSION, line no: 19,0,NUMBER_LITERAL, 1.9285714285714286, 0.9285714285714286, 1.0, 0.0, 0.0, 1.0
num,SIMPLE_NAME, line no: 20,0,NUMBER_LITERAL, 1.9285714285714286, 0.9285714285714286, 1.0, 0.0, 0.0, 1.0
num / b,INFIX_EXPRESSION, line no: 20,0,NUMBER_LITERAL, 1.9285714285714286, 0.9285714285714286, 1.0, 0.0, 0.0, 1.0
result,SIMPLE_NAME, line no: 21,"",STRING_LITERAL, 1.9285714285714286, 0.9285714285714286, 1.0, 0.0, 0.0, 1.0
result,SIMPLE_NAME, line no: 21,"0123456789ABCDEFGHIJKLMNOPQRSTUVWXYZ",STRING_LITERAL, 1.9285714285714286, 0.9285714285714286, 1.0, 0.0, 0.0, 1.0
result + String.valueOf(alphabet.charAt(i)),INFIX_EXPRESSION, line no: 21,"",STRING_LITERAL, 1.9285714285714286, 0.9285714285714286, 1.0, 0.0, 0.0, 1.0
result + String.valueOf(alphabet.charAt(i)),INFIX_EXPRESSION, line no: 21,"0123456789ABCDEFGHIJKLMNOPQRSTUVWXYZ",STRING_LITERAL, 1.9285714285714286, 0.9285714285714286, 1.0, 0.0, 0.0, 1.0
i=num % b,ASSIGNMENT, line no: 19,0,NUMBER_LITERAL, 1.925925925925926, 0.9259259259259259, 1.0, 0.0, 0.0, 1.0
num=num / b,ASSIGNMENT, line no: 20,0,NUMBER_LITERAL, 1.925925925925926, 0.9259259259259259, 1.0, 0.0, 0.0, 1.0
result=result + String.valueOf(alphabet.charAt(i)),ASSIGNMENT, line no: 21,"",STRING_LITERAL, 1.925925925925926, 0.9259259259259259, 1.0, 0.0, 0.0, 1.0
result=result + String.valueOf(alphabet.charAt(i)),ASSIGNMENT, line no: 21,"0123456789ABCDEFGHIJKLMNOPQRSTUVWXYZ",STRING_LITERAL, 1.925925925925926, 0.9259259259259259, 1.0, 0.0, 0.0, 1.0
alphabet,SIMPLE_NAME, line no: 21,result + String.valueOf(alphabet.charAt(i)),INFIX_EXPRESSION, 1.903225806451613, 0.9032258064516129, 1.0, 0.0, 0.0, 1.0
i,SIMPLE_NAME, line no: 21,num % b,INFIX_EXPRESSION, 1.903225806451613, 0.9032258064516129, 1.0, 0.0, 0.0, 1.0
i,SIMPLE_NAME, line no: 21,num / b,INFIX_EXPRESSION, 1.903225806451613, 0.9032258064516129, 1.0, 0.0, 0.0, 1.0
String,SIMPLE_NAME, line no: 21,"",STRING_LITERAL, 1.9, 0.9, 1.0, 0.0, 0.0, 1.0
String,SIMPLE_NAME, line no: 21,"0123456789ABCDEFGHIJKLMNOPQRSTUVWXYZ",STRING_LITERAL, 1.9, 0.9, 1.0, 0.0, 0.0, 1.0
String,SIMPLE_NAME, line no: 21,result=result + String.valueOf(alphabet.charAt(i)),ASSIGNMENT, 1.9, 0.9, 1.0, 0.0, 0.0, 1.0
valueOf,SIMPLE_NAME, line no: 21,"",STRING_LITERAL, 1.9, 0.9, 1.0, 0.0, 0.0, 1.0
valueOf,SIMPLE_NAME, line no: 21,"0123456789ABCDEFGHIJKLMNOPQRSTUVWXYZ",STRING_LITERAL, 1.9, 0.9, 1.0, 0.0, 0.0, 1.0
valueOf,SIMPLE_NAME, line no: 21,result=result + String.valueOf(alphabet.charAt(i)),ASSIGNMENT, 1.9, 0.9, 1.0, 0.0, 0.0, 1.0
String.valueOf(alphabet.charAt(i)),METHOD_INVOCATION, line no: 21,"",STRING_LITERAL, 1.896551724137931, 0.896551724137931, 1.0, 0.0, 0.0, 1.0
String.valueOf(alphabet.charAt(i)),METHOD_INVOCATION, line no: 21,"0123456789ABCDEFGHIJKLMNOPQRSTUVWXYZ",STRING_LITERAL, 1.896551724137931, 0.896551724137931, 1.0, 0.0, 0.0, 1.0
alphabet,SIMPLE_NAME, line no: 21,"",STRING_LITERAL, 1.870967741935484, 0.8709677419354839, 1.0, 0.0, 0.0, 1.0
alphabet,SIMPLE_NAME, line no: 21,"0123456789ABCDEFGHIJKLMNOPQRSTUVWXYZ",STRING_LITERAL, 1.870967741935484, 0.8709677419354839, 1.0, 0.0, 0.0, 1.0
alphabet,SIMPLE_NAME, line no: 21,result=result + String.valueOf(alphabet.charAt(i)),ASSIGNMENT, 1.870967741935484, 0.8709677419354839, 1.0, 0.0, 0.0, 1.0
i,SIMPLE_NAME, line no: 21,0,NUMBER_LITERAL, 1.870967741935484, 0.8709677419354839, 1.0, 0.0, 0.0, 1.0
i,SIMPLE_NAME, line no: 21,i=num % b,ASSIGNMENT, 1.870967741935484, 0.8709677419354839, 1.0, 0.0, 0.0, 1.0
i,SIMPLE_NAME, line no: 21,num=num / b,ASSIGNMENT, 1.870967741935484, 0.8709677419354839, 1.0, 0.0, 0.0, 1.0
i=num % b,ASSIGNMENT, line no: 19,num % b,INFIX_EXPRESSION, 1.6666666666666665, 1.0, 0.6666666666666666, 0.0, 0.0, 1.0
i=num % b,ASSIGNMENT, line no: 19,num=num / b,ASSIGNMENT, 1.6666666666666665, 1.0, 0.6666666666666666, 0.0, 0.0, 1.0
i=num % b,ASSIGNMENT, line no: 19,num / b,INFIX_EXPRESSION, 1.6666666666666665, 1.0, 0.6666666666666666, 0.0, 0.0, 1.0
num=num / b,ASSIGNMENT, line no: 20,i=num % b,ASSIGNMENT, 1.6666666666666665, 1.0, 0.6666666666666666, 0.0, 0.0, 1.0
result=result + String.valueOf(alphabet.charAt(i)),ASSIGNMENT, line no: 21,String.valueOf(alphabet.charAt(i)),METHOD_INVOCATION, 1.6666666666666665, 1.0, 0.6666666666666666, 0.0, 0.0, 1.0
result=result + String.valueOf(alphabet.charAt(i)),ASSIGNMENT, line no: 21,alphabet.charAt(i),METHOD_INVOCATION, 1.6666666666666665, 1.0, 0.6666666666666666, 0.0, 0.0, 1.0
result + String.valueOf(alphabet.charAt(i)),INFIX_EXPRESSION, line no: 21,String.valueOf(alphabet.charAt(i)),METHOD_INVOCATION, 1.6666666666666665, 1.0, 0.6666666666666666, 0.0, 0.0, 1.0
result + String.valueOf(alphabet.charAt(i)),INFIX_EXPRESSION, line no: 21,alphabet.charAt(i),METHOD_INVOCATION, 1.6666666666666665, 1.0, 0.6666666666666666, 0.0, 0.0, 1.0
result,SIMPLE_NAME, line no: 24,valueOf,SIMPLE_NAME, 1.6428571428571428, 0.6428571428571429, 1.0, 0.0, 0.0, 1.0
String.valueOf(alphabet.charAt(i)),METHOD_INVOCATION, line no: 21,result + String.valueOf(alphabet.charAt(i)),INFIX_EXPRESSION, 1.632183908045977, 0.9655172413793104, 0.6666666666666666, 0.0, 0.0, 1.0
num % b,INFIX_EXPRESSION, line no: 19,i=num % b,ASSIGNMENT, 1.630952380952381, 0.9642857142857143, 0.6666666666666666, 0.0, 0.0, 1.0
num / b,INFIX_EXPRESSION, line no: 20,i=num % b,ASSIGNMENT, 1.630952380952381, 0.9642857142857143, 0.6666666666666666, 0.0, 0.0, 1.0
String,SIMPLE_NAME, line no: 15,valueOf,SIMPLE_NAME, 1.627906976744186, 0.627906976744186, 1.0, 0.0, 0.0, 1.0
result,SIMPLE_NAME, line no: 15,valueOf,SIMPLE_NAME, 1.627906976744186, 0.627906976744186, 1.0, 0.0, 0.0, 1.0
"",STRING_LITERAL, line no: 15,valueOf,SIMPLE_NAME, 1.627906976744186, 0.627906976744186, 1.0, 0.0, 0.0, 1.0
String,SIMPLE_NAME, line no: 16,valueOf,SIMPLE_NAME, 1.627906976744186, 0.627906976744186, 1.0, 0.0, 0.0, 1.0
alphabet,SIMPLE_NAME, line no: 16,valueOf,SIMPLE_NAME, 1.627906976744186, 0.627906976744186, 1.0, 0.0, 0.0, 1.0
"0123456789ABCDEFGHIJKLMNOPQRSTUVWXYZ",STRING_LITERAL, line no: 16,valueOf,SIMPLE_NAME, 1.627906976744186, 0.627906976744186, 1.0, 0.0, 0.0, 1.0
num,SIMPLE_NAME, line no: 18,b,SIMPLE_NAME, 1.627906976744186, 0.627906976744186, 1.0, 0.0, 0.0, 1.0
0,NUMBER_LITERAL, line no: 18,b,SIMPLE_NAME, 1.627906976744186, 0.627906976744186, 1.0, 0.0, 0.0, 1.0
result,SIMPLE_NAME, line no: 24,result + String.valueOf(alphabet.charAt(i)),INFIX_EXPRESSION, 1.619047619047619, 0.6190476190476191, 1.0, 0.0, 0.0, 1.0
result,SIMPLE_NAME, line no: 24,String.valueOf(alphabet.charAt(i)),METHOD_INVOCATION, 1.619047619047619, 0.6190476190476191, 1.0, 0.0, 0.0, 1.0
String,SIMPLE_NAME, line no: 15,result + String.valueOf(alphabet.charAt(i)),INFIX_EXPRESSION, 1.6046511627906976, 0.6046511627906976, 1.0, 0.0, 0.0, 1.0
String,SIMPLE_NAME, line no: 15,String.valueOf(alphabet.charAt(i)),METHOD_INVOCATION, 1.6046511627906976, 0.6046511627906976, 1.0, 0.0, 0.0, 1.0
result,SIMPLE_NAME, line no: 15,result + String.valueOf(alphabet.charAt(i)),INFIX_EXPRESSION, 1.6046511627906976, 0.6046511627906976, 1.0, 0.0, 0.0, 1.0
result,SIMPLE_NAME, line no: 15,String.valueOf(alphabet.charAt(i)),METHOD_INVOCATION, 1.6046511627906976, 0.6046511627906976, 1.0, 0.0, 0.0, 1.0
"",STRING_LITERAL, line no: 15,result + String.valueOf(alphabet.charAt(i)),INFIX_EXPRESSION, 1.6046511627906976, 0.6046511627906976, 1.0, 0.0, 0.0, 1.0
"",STRING_LITERAL, line no: 15,String.valueOf(alphabet.charAt(i)),METHOD_INVOCATION, 1.6046511627906976, 0.6046511627906976, 1.0, 0.0, 0.0, 1.0
String,SIMPLE_NAME, line no: 16,result + String.valueOf(alphabet.charAt(i)),INFIX_EXPRESSION, 1.6046511627906976, 0.6046511627906976, 1.0, 0.0, 0.0, 1.0
String,SIMPLE_NAME, line no: 16,String.valueOf(alphabet.charAt(i)),METHOD_INVOCATION, 1.6046511627906976, 0.6046511627906976, 1.0, 0.0, 0.0, 1.0
alphabet,SIMPLE_NAME, line no: 16,result + String.valueOf(alphabet.charAt(i)),INFIX_EXPRESSION, 1.6046511627906976, 0.6046511627906976, 1.0, 0.0, 0.0, 1.0
alphabet,SIMPLE_NAME, line no: 16,String.valueOf(alphabet.charAt(i)),METHOD_INVOCATION, 1.6046511627906976, 0.6046511627906976, 1.0, 0.0, 0.0, 1.0
"0123456789ABCDEFGHIJKLMNOPQRSTUVWXYZ",STRING_LITERAL, line no: 16,result + String.valueOf(alphabet.charAt(i)),INFIX_EXPRESSION, 1.6046511627906976, 0.6046511627906976, 1.0, 0.0, 0.0, 1.0
"0123456789ABCDEFGHIJKLMNOPQRSTUVWXYZ",STRING_LITERAL, line no: 16,String.valueOf(alphabet.charAt(i)),METHOD_INVOCATION, 1.6046511627906976, 0.6046511627906976, 1.0, 0.0, 0.0, 1.0
num,SIMPLE_NAME, line no: 18,num % b,INFIX_EXPRESSION, 1.6046511627906976, 0.6046511627906976, 1.0, 0.0, 0.0, 1.0
num,SIMPLE_NAME, line no: 18,num / b,INFIX_EXPRESSION, 1.6046511627906976, 0.6046511627906976, 1.0, 0.0, 0.0, 1.0
0,NUMBER_LITERAL, line no: 18,num % b,INFIX_EXPRESSION, 1.6046511627906976, 0.6046511627906976, 1.0, 0.0, 0.0, 1.0
0,NUMBER_LITERAL, line no: 18,num / b,INFIX_EXPRESSION, 1.6046511627906976, 0.6046511627906976, 1.0, 0.0, 0.0, 1.0
alphabet.charAt(i),METHOD_INVOCATION, line no: 21,result + String.valueOf(alphabet.charAt(i)),INFIX_EXPRESSION, 1.6, 0.9333333333333333, 0.6666666666666666, 0.0, 0.0, 1.0
String.valueOf(alphabet.charAt(i)),METHOD_INVOCATION, line no: 21,result=result + String.valueOf(alphabet.charAt(i)),ASSIGNMENT, 1.5977011494252873, 0.9310344827586207, 0.6666666666666666, 0.0, 0.0, 1.0
result,SIMPLE_NAME, line no: 24,result=result + String.valueOf(alphabet.charAt(i)),ASSIGNMENT, 1.5952380952380953, 0.5952380952380952, 1.0, 0.0, 0.0, 1.0
String,SIMPLE_NAME, line no: 15,result=result + String.valueOf(alphabet.charAt(i)),ASSIGNMENT, 1.5813953488372094, 0.5813953488372093, 1.0, 0.0, 0.0, 1.0
result,SIMPLE_NAME, line no: 15,result=result + String.valueOf(alphabet.charAt(i)),ASSIGNMENT, 1.5813953488372094, 0.5813953488372093, 1.0, 0.0, 0.0, 1.0
"",STRING_LITERAL, line no: 15,result=result + String.valueOf(alphabet.charAt(i)),ASSIGNMENT, 1.5813953488372094, 0.5813953488372093, 1.0, 0.0, 0.0, 1.0
String,SIMPLE_NAME, line no: 16,result=result + String.valueOf(alphabet.charAt(i)),ASSIGNMENT, 1.5813953488372094, 0.5813953488372093, 1.0, 0.0, 0.0, 1.0
alphabet,SIMPLE_NAME, line no: 16,result=result + String.valueOf(alphabet.charAt(i)),ASSIGNMENT, 1.5813953488372094, 0.5813953488372093, 1.0, 0.0, 0.0, 1.0
"0123456789ABCDEFGHIJKLMNOPQRSTUVWXYZ",STRING_LITERAL, line no: 16,result=result + String.valueOf(alphabet.charAt(i)),ASSIGNMENT, 1.5813953488372094, 0.5813953488372093, 1.0, 0.0, 0.0, 1.0
num,SIMPLE_NAME, line no: 18,i=num % b,ASSIGNMENT, 1.5813953488372094, 0.5813953488372093, 1.0, 0.0, 0.0, 1.0
num,SIMPLE_NAME, line no: 18,num=num / b,ASSIGNMENT, 1.5813953488372094, 0.5813953488372093, 1.0, 0.0, 0.0, 1.0
0,NUMBER_LITERAL, line no: 18,i=num % b,ASSIGNMENT, 1.5813953488372094, 0.5813953488372093, 1.0, 0.0, 0.0, 1.0
0,NUMBER_LITERAL, line no: 18,num=num / b,ASSIGNMENT, 1.5813953488372094, 0.5813953488372093, 1.0, 0.0, 0.0, 1.0
alphabet.charAt(i),METHOD_INVOCATION, line no: 21,result=result + String.valueOf(alphabet.charAt(i)),ASSIGNMENT, 1.5666666666666667, 0.9, 0.6666666666666666, 0.0, 0.0, 1.0
num % b,INFIX_EXPRESSION, line no: 19,num > 0,INFIX_EXPRESSION, 1.4285714285714286, 0.9285714285714286, 0.5, 0.0, 0.0, 1.0
num / b,INFIX_EXPRESSION, line no: 20,num > 0,INFIX_EXPRESSION, 1.4285714285714286, 0.9285714285714286, 0.5, 0.0, 0.0, 1.0
num=num / b,ASSIGNMENT, line no: 20,num > 0,INFIX_EXPRESSION, 1.425925925925926, 0.9259259259259259, 0.5, 0.0, 0.0, 1.0
i=num % b,ASSIGNMENT, line no: 19,num > 0,INFIX_EXPRESSION, 1.2592592592592593, 0.9259259259259259, 0.3333333333333333, 0.0, 0.0, 1.0
i=num % b,ASSIGNMENT, line no: 19,String.valueOf(alphabet.charAt(i)),METHOD_INVOCATION, 1.25, 1.0, 0.25, 0.0, 0.0, 1.0
i=num % b,ASSIGNMENT, line no: 19,alphabet.charAt(i),METHOD_INVOCATION, 1.25, 1.0, 0.25, 0.0, 0.0, 1.0
i=num % b,ASSIGNMENT, line no: 19,result=result + String.valueOf(alphabet.charAt(i)),ASSIGNMENT, 1.2, 1.0, 0.2, 0.0, 0.0, 1.0
i=num % b,ASSIGNMENT, line no: 19,result + String.valueOf(alphabet.charAt(i)),INFIX_EXPRESSION, 1.2, 1.0, 0.2, 0.0, 0.0, 1.0
result=result + String.valueOf(alphabet.charAt(i)),ASSIGNMENT, line no: 21,i=num % b,ASSIGNMENT, 1.2, 1.0, 0.2, 0.0, 0.0, 1.0
String.valueOf(alphabet.charAt(i)),METHOD_INVOCATION, line no: 21,i=num % b,ASSIGNMENT, 1.1810344827586206, 0.9310344827586207, 0.25, 0.0, 0.0, 1.0
result + String.valueOf(alphabet.charAt(i)),INFIX_EXPRESSION, line no: 21,i=num % b,ASSIGNMENT, 1.1642857142857144, 0.9642857142857143, 0.2, 0.0, 0.0, 1.0
alphabet.charAt(i),METHOD_INVOCATION, line no: 21,i=num % b,ASSIGNMENT, 1.15, 0.9, 0.25, 0.0, 0.0, 1.0
num > 0,INFIX_EXPRESSION, line no: 18,num % b,INFIX_EXPRESSION, 1.119047619047619, 0.6190476190476191, 0.5, 0.0, 0.0, 1.0
num > 0,INFIX_EXPRESSION, line no: 18,num / b,INFIX_EXPRESSION, 1.119047619047619, 0.6190476190476191, 0.5, 0.0, 0.0, 1.0
num > 0,INFIX_EXPRESSION, line no: 18,num=num / b,ASSIGNMENT, 1.0952380952380953, 0.5952380952380952, 0.5, 0.0, 0.0, 1.0
result=result + String.valueOf(alphabet.charAt(i)),ASSIGNMENT, line no: 21,to_base,SIMPLE_NAME, 1.037037037037037, 0.037037037037037035, 1.0, 0.0, 0.0, 1.0
result,SIMPLE_NAME, line no: 21,to_base,SIMPLE_NAME, 1.0357142857142858, 0.03571428571428571, 1.0, 0.0, 0.0, 1.0
result + String.valueOf(alphabet.charAt(i)),INFIX_EXPRESSION, line no: 21,to_base,SIMPLE_NAME, 1.0357142857142858, 0.03571428571428571, 1.0, 0.0, 0.0, 1.0
result,SIMPLE_NAME, line no: 21,to_base,SIMPLE_NAME, 1.0344827586206897, 0.034482758620689655, 1.0, 0.0, 0.0, 1.0
String.valueOf(alphabet.charAt(i)),METHOD_INVOCATION, line no: 21,to_base,SIMPLE_NAME, 1.0344827586206897, 0.034482758620689655, 1.0, 0.0, 0.0, 1.0
String,SIMPLE_NAME, line no: 21,to_base,SIMPLE_NAME, 1.0333333333333334, 0.03333333333333333, 1.0, 0.0, 0.0, 1.0
valueOf,SIMPLE_NAME, line no: 21,to_base,SIMPLE_NAME, 1.0333333333333334, 0.03333333333333333, 1.0, 0.0, 0.0, 1.0
alphabet,SIMPLE_NAME, line no: 21,to_base,SIMPLE_NAME, 1.032258064516129, 0.03225806451612903, 1.0, 0.0, 0.0, 1.0
result,SIMPLE_NAME, line no: 24,to_base,SIMPLE_NAME, 1.0238095238095237, 0.023809523809523808, 1.0, 0.0, 0.0, 1.0
String,SIMPLE_NAME, line no: 15,to_base,SIMPLE_NAME, 1.0232558139534884, 0.023255813953488372, 1.0, 0.0, 0.0, 1.0
result,SIMPLE_NAME, line no: 15,to_base,SIMPLE_NAME, 1.0232558139534884, 0.023255813953488372, 1.0, 0.0, 0.0, 1.0
"",STRING_LITERAL, line no: 15,to_base,SIMPLE_NAME, 1.0232558139534884, 0.023255813953488372, 1.0, 0.0, 0.0, 1.0
String,SIMPLE_NAME, line no: 16,to_base,SIMPLE_NAME, 1.0232558139534884, 0.023255813953488372, 1.0, 0.0, 0.0, 1.0
alphabet,SIMPLE_NAME, line no: 16,to_base,SIMPLE_NAME, 1.0232558139534884, 0.023255813953488372, 1.0, 0.0, 0.0, 1.0
"0123456789ABCDEFGHIJKLMNOPQRSTUVWXYZ",STRING_LITERAL, line no: 16,to_base,SIMPLE_NAME, 1.0232558139534884, 0.023255813953488372, 1.0, 0.0, 0.0, 1.0
result,SIMPLE_NAME, line no: 15,i,SIMPLE_NAME, 1.0, 1.0, 0.0, 0.0, 0.0, 1.0
alphabet,SIMPLE_NAME, line no: 16,i,SIMPLE_NAME, 1.0, 1.0, 0.0, 0.0, 0.0, 1.0
num > 0,INFIX_EXPRESSION, line no: 18,num,SIMPLE_NAME, 1.0, 1.0, 0.0, 0.0, 0.0, 1.0
num > 0,INFIX_EXPRESSION, line no: 18,0,NUMBER_LITERAL, 1.0, 1.0, 0.0, 0.0, 0.0, 1.0
i=num % b,ASSIGNMENT, line no: 19,String,SIMPLE_NAME, 1.0, 1.0, 0.0, 0.0, 0.0, 1.0
i=num % b,ASSIGNMENT, line no: 19,result,SIMPLE_NAME, 1.0, 1.0, 0.0, 0.0, 0.0, 1.0
i=num % b,ASSIGNMENT, line no: 19,alphabet,SIMPLE_NAME, 1.0, 1.0, 0.0, 0.0, 0.0, 1.0
i=num % b,ASSIGNMENT, line no: 19,valueOf,SIMPLE_NAME, 1.0, 1.0, 0.0, 0.0, 0.0, 1.0
i=num % b,ASSIGNMENT, line no: 19,charAt,SIMPLE_NAME, 1.0, 1.0, 0.0, 0.0, 0.0, 1.0
i,SIMPLE_NAME, line no: 19,String,SIMPLE_NAME, 1.0, 1.0, 0.0, 0.0, 0.0, 1.0
i,SIMPLE_NAME, line no: 19,result,SIMPLE_NAME, 1.0, 1.0, 0.0, 0.0, 0.0, 1.0
i,SIMPLE_NAME, line no: 19,alphabet,SIMPLE_NAME, 1.0, 1.0, 0.0, 0.0, 0.0, 1.0
i,SIMPLE_NAME, line no: 19,valueOf,SIMPLE_NAME, 1.0, 1.0, 0.0, 0.0, 0.0, 1.0
i,SIMPLE_NAME, line no: 19,charAt,SIMPLE_NAME, 1.0, 1.0, 0.0, 0.0, 0.0, 1.0
num % b,INFIX_EXPRESSION, line no: 19,String,SIMPLE_NAME, 1.0, 1.0, 0.0, 0.0, 0.0, 1.0
num % b,INFIX_EXPRESSION, line no: 19,result,SIMPLE_NAME, 1.0, 1.0, 0.0, 0.0, 0.0, 1.0
num % b,INFIX_EXPRESSION, line no: 19,alphabet,SIMPLE_NAME, 1.0, 1.0, 0.0, 0.0, 0.0, 1.0
num % b,INFIX_EXPRESSION, line no: 19,result + String.valueOf(alphabet.charAt(i)),INFIX_EXPRESSION, 1.0, 1.0, 0.0, 0.0, 0.0, 1.0
num % b,INFIX_EXPRESSION, line no: 19,String.valueOf(alphabet.charAt(i)),METHOD_INVOCATION, 1.0, 1.0, 0.0, 0.0, 0.0, 1.0
num % b,INFIX_EXPRESSION, line no: 19,valueOf,SIMPLE_NAME, 1.0, 1.0, 0.0, 0.0, 0.0, 1.0
num % b,INFIX_EXPRESSION, line no: 19,alphabet.charAt(i),METHOD_INVOCATION, 1.0, 1.0, 0.0, 0.0, 0.0, 1.0
num % b,INFIX_EXPRESSION, line no: 19,charAt,SIMPLE_NAME, 1.0, 1.0, 0.0, 0.0, 0.0, 1.0
num,SIMPLE_NAME, line no: 19,String,SIMPLE_NAME, 1.0, 1.0, 0.0, 0.0, 0.0, 1.0
num,SIMPLE_NAME, line no: 19,result,SIMPLE_NAME, 1.0, 1.0, 0.0, 0.0, 0.0, 1.0
num,SIMPLE_NAME, line no: 19,alphabet,SIMPLE_NAME, 1.0, 1.0, 0.0, 0.0, 0.0, 1.0
num,SIMPLE_NAME, line no: 19,valueOf,SIMPLE_NAME, 1.0, 1.0, 0.0, 0.0, 0.0, 1.0
num,SIMPLE_NAME, line no: 19,charAt,SIMPLE_NAME, 1.0, 1.0, 0.0, 0.0, 0.0, 1.0
b,SIMPLE_NAME, line no: 19,String,SIMPLE_NAME, 1.0, 1.0, 0.0, 0.0, 0.0, 1.0
b,SIMPLE_NAME, line no: 19,result,SIMPLE_NAME, 1.0, 1.0, 0.0, 0.0, 0.0, 1.0
b,SIMPLE_NAME, line no: 19,alphabet,SIMPLE_NAME, 1.0, 1.0, 0.0, 0.0, 0.0, 1.0
b,SIMPLE_NAME, line no: 19,valueOf,SIMPLE_NAME, 1.0, 1.0, 0.0, 0.0, 0.0, 1.0
b,SIMPLE_NAME, line no: 19,charAt,SIMPLE_NAME, 1.0, 1.0, 0.0, 0.0, 0.0, 1.0
num=num / b,ASSIGNMENT, line no: 20,String,SIMPLE_NAME, 1.0, 1.0, 0.0, 0.0, 0.0, 1.0
num=num / b,ASSIGNMENT, line no: 20,result,SIMPLE_NAME, 1.0, 1.0, 0.0, 0.0, 0.0, 1.0
num=num / b,ASSIGNMENT, line no: 20,alphabet,SIMPLE_NAME, 1.0, 1.0, 0.0, 0.0, 0.0, 1.0
num=num / b,ASSIGNMENT, line no: 20,result=result + String.valueOf(alphabet.charAt(i)),ASSIGNMENT, 1.0, 1.0, 0.0, 0.0, 0.0, 1.0
num=num / b,ASSIGNMENT, line no: 20,result + String.valueOf(alphabet.charAt(i)),INFIX_EXPRESSION, 1.0, 1.0, 0.0, 0.0, 0.0, 1.0
num=num / b,ASSIGNMENT, line no: 20,String.valueOf(alphabet.charAt(i)),METHOD_INVOCATION, 1.0, 1.0, 0.0, 0.0, 0.0, 1.0
num=num / b,ASSIGNMENT, line no: 20,valueOf,SIMPLE_NAME, 1.0, 1.0, 0.0, 0.0, 0.0, 1.0
num=num / b,ASSIGNMENT, line no: 20,alphabet.charAt(i),METHOD_INVOCATION, 1.0, 1.0, 0.0, 0.0, 0.0, 1.0
num=num / b,ASSIGNMENT, line no: 20,charAt,SIMPLE_NAME, 1.0, 1.0, 0.0, 0.0, 0.0, 1.0
num,SIMPLE_NAME, line no: 20,String,SIMPLE_NAME, 1.0, 1.0, 0.0, 0.0, 0.0, 1.0
num,SIMPLE_NAME, line no: 20,result,SIMPLE_NAME, 1.0, 1.0, 0.0, 0.0, 0.0, 1.0
num,SIMPLE_NAME, line no: 20,alphabet,SIMPLE_NAME, 1.0, 1.0, 0.0, 0.0, 0.0, 1.0
num,SIMPLE_NAME, line no: 20,valueOf,SIMPLE_NAME, 1.0, 1.0, 0.0, 0.0, 0.0, 1.0
num,SIMPLE_NAME, line no: 20,charAt,SIMPLE_NAME, 1.0, 1.0, 0.0, 0.0, 0.0, 1.0
num / b,INFIX_EXPRESSION, line no: 20,String,SIMPLE_NAME, 1.0, 1.0, 0.0, 0.0, 0.0, 1.0
num / b,INFIX_EXPRESSION, line no: 20,result,SIMPLE_NAME, 1.0, 1.0, 0.0, 0.0, 0.0, 1.0
num / b,INFIX_EXPRESSION, line no: 20,alphabet,SIMPLE_NAME, 1.0, 1.0, 0.0, 0.0, 0.0, 1.0
num / b,INFIX_EXPRESSION, line no: 20,result + String.valueOf(alphabet.charAt(i)),INFIX_EXPRESSION, 1.0, 1.0, 0.0, 0.0, 0.0, 1.0
num / b,INFIX_EXPRESSION, line no: 20,String.valueOf(alphabet.charAt(i)),METHOD_INVOCATION, 1.0, 1.0, 0.0, 0.0, 0.0, 1.0
num / b,INFIX_EXPRESSION, line no: 20,valueOf,SIMPLE_NAME, 1.0, 1.0, 0.0, 0.0, 0.0, 1.0
num / b,INFIX_EXPRESSION, line no: 20,alphabet.charAt(i),METHOD_INVOCATION, 1.0, 1.0, 0.0, 0.0, 0.0, 1.0
num / b,INFIX_EXPRESSION, line no: 20,charAt,SIMPLE_NAME, 1.0, 1.0, 0.0, 0.0, 0.0, 1.0
num,SIMPLE_NAME, line no: 20,String,SIMPLE_NAME, 1.0, 1.0, 0.0, 0.0, 0.0, 1.0
num,SIMPLE_NAME, line no: 20,result,SIMPLE_NAME, 1.0, 1.0, 0.0, 0.0, 0.0, 1.0
num,SIMPLE_NAME, line no: 20,alphabet,SIMPLE_NAME, 1.0, 1.0, 0.0, 0.0, 0.0, 1.0
num,SIMPLE_NAME, line no: 20,valueOf,SIMPLE_NAME, 1.0, 1.0, 0.0, 0.0, 0.0, 1.0
num,SIMPLE_NAME, line no: 20,charAt,SIMPLE_NAME, 1.0, 1.0, 0.0, 0.0, 0.0, 1.0
b,SIMPLE_NAME, line no: 20,String,SIMPLE_NAME, 1.0, 1.0, 0.0, 0.0, 0.0, 1.0
b,SIMPLE_NAME, line no: 20,result,SIMPLE_NAME, 1.0, 1.0, 0.0, 0.0, 0.0, 1.0
b,SIMPLE_NAME, line no: 20,alphabet,SIMPLE_NAME, 1.0, 1.0, 0.0, 0.0, 0.0, 1.0
b,SIMPLE_NAME, line no: 20,valueOf,SIMPLE_NAME, 1.0, 1.0, 0.0, 0.0, 0.0, 1.0
b,SIMPLE_NAME, line no: 20,charAt,SIMPLE_NAME, 1.0, 1.0, 0.0, 0.0, 0.0, 1.0
result=result + String.valueOf(alphabet.charAt(i)),ASSIGNMENT, line no: 21,num,SIMPLE_NAME, 1.0, 1.0, 0.0, 0.0, 0.0, 1.0
result=result + String.valueOf(alphabet.charAt(i)),ASSIGNMENT, line no: 21,b,SIMPLE_NAME, 1.0, 1.0, 0.0, 0.0, 0.0, 1.0
result=result + String.valueOf(alphabet.charAt(i)),ASSIGNMENT, line no: 21,i,SIMPLE_NAME, 1.0, 1.0, 0.0, 0.0, 0.0, 1.0
result=result + String.valueOf(alphabet.charAt(i)),ASSIGNMENT, line no: 21,num % b,INFIX_EXPRESSION, 1.0, 1.0, 0.0, 0.0, 0.0, 1.0
result=result + String.valueOf(alphabet.charAt(i)),ASSIGNMENT, line no: 21,num=num / b,ASSIGNMENT, 1.0, 1.0, 0.0, 0.0, 0.0, 1.0
result=result + String.valueOf(alphabet.charAt(i)),ASSIGNMENT, line no: 21,num / b,INFIX_EXPRESSION, 1.0, 1.0, 0.0, 0.0, 0.0, 1.0
result=result + String.valueOf(alphabet.charAt(i)),ASSIGNMENT, line no: 21,charAt,SIMPLE_NAME, 1.0, 1.0, 0.0, 0.0, 0.0, 1.0
result,SIMPLE_NAME, line no: 21,num,SIMPLE_NAME, 1.0, 1.0, 0.0, 0.0, 0.0, 1.0
result,SIMPLE_NAME, line no: 21,b,SIMPLE_NAME, 1.0, 1.0, 0.0, 0.0, 0.0, 1.0
result,SIMPLE_NAME, line no: 21,i,SIMPLE_NAME, 1.0, 1.0, 0.0, 0.0, 0.0, 1.0
result,SIMPLE_NAME, line no: 21,charAt,SIMPLE_NAME, 1.0, 1.0, 0.0, 0.0, 0.0, 1.0
result + String.valueOf(alphabet.charAt(i)),INFIX_EXPRESSION, line no: 21,num,SIMPLE_NAME, 1.0, 1.0, 0.0, 0.0, 0.0, 1.0
result + String.valueOf(alphabet.charAt(i)),INFIX_EXPRESSION, line no: 21,b,SIMPLE_NAME, 1.0, 1.0, 0.0, 0.0, 0.0, 1.0
result + String.valueOf(alphabet.charAt(i)),INFIX_EXPRESSION, line no: 21,i,SIMPLE_NAME, 1.0, 1.0, 0.0, 0.0, 0.0, 1.0
result + String.valueOf(alphabet.charAt(i)),INFIX_EXPRESSION, line no: 21,num % b,INFIX_EXPRESSION, 1.0, 1.0, 0.0, 0.0, 0.0, 1.0
result + String.valueOf(alphabet.charAt(i)),INFIX_EXPRESSION, line no: 21,num / b,INFIX_EXPRESSION, 1.0, 1.0, 0.0, 0.0, 0.0, 1.0
result + String.valueOf(alphabet.charAt(i)),INFIX_EXPRESSION, line no: 21,charAt,SIMPLE_NAME, 1.0, 1.0, 0.0, 0.0, 0.0, 1.0
result,SIMPLE_NAME, line no: 21,num,SIMPLE_NAME, 1.0, 1.0, 0.0, 0.0, 0.0, 1.0
result,SIMPLE_NAME, line no: 21,b,SIMPLE_NAME, 1.0, 1.0, 0.0, 0.0, 0.0, 1.0
result,SIMPLE_NAME, line no: 21,i,SIMPLE_NAME, 1.0, 1.0, 0.0, 0.0, 0.0, 1.0
result,SIMPLE_NAME, line no: 21,charAt,SIMPLE_NAME, 1.0, 1.0, 0.0, 0.0, 0.0, 1.0
String.valueOf(alphabet.charAt(i)),METHOD_INVOCATION, line no: 21,i,SIMPLE_NAME, 1.0, 1.0, 0.0, 0.0, 0.0, 1.0
String.valueOf(alphabet.charAt(i)),METHOD_INVOCATION, line no: 21,charAt,SIMPLE_NAME, 1.0, 1.0, 0.0, 0.0, 0.0, 1.0
String,SIMPLE_NAME, line no: 21,i,SIMPLE_NAME, 1.0, 1.0, 0.0, 0.0, 0.0, 1.0
String,SIMPLE_NAME, line no: 21,charAt,SIMPLE_NAME, 1.0, 1.0, 0.0, 0.0, 0.0, 1.0
valueOf,SIMPLE_NAME, line no: 21,i,SIMPLE_NAME, 1.0, 1.0, 0.0, 0.0, 0.0, 1.0
valueOf,SIMPLE_NAME, line no: 21,charAt,SIMPLE_NAME, 1.0, 1.0, 0.0, 0.0, 0.0, 1.0
alphabet.charAt(i),METHOD_INVOCATION, line no: 21,alphabet,SIMPLE_NAME, 1.0, 1.0, 0.0, 0.0, 0.0, 1.0
alphabet.charAt(i),METHOD_INVOCATION, line no: 21,i,SIMPLE_NAME, 1.0, 1.0, 0.0, 0.0, 0.0, 1.0
alphabet,SIMPLE_NAME, line no: 21,i,SIMPLE_NAME, 1.0, 1.0, 0.0, 0.0, 0.0, 1.0
alphabet,SIMPLE_NAME, line no: 21,charAt,SIMPLE_NAME, 1.0, 1.0, 0.0, 0.0, 0.0, 1.0
charAt,SIMPLE_NAME, line no: 21,alphabet,SIMPLE_NAME, 1.0, 1.0, 0.0, 0.0, 0.0, 1.0
charAt,SIMPLE_NAME, line no: 21,i,SIMPLE_NAME, 1.0, 1.0, 0.0, 0.0, 0.0, 1.0
i,SIMPLE_NAME, line no: 21,alphabet,SIMPLE_NAME, 1.0, 1.0, 0.0, 0.0, 0.0, 1.0
i,SIMPLE_NAME, line no: 21,charAt,SIMPLE_NAME, 1.0, 1.0, 0.0, 0.0, 0.0, 1.0
String,SIMPLE_NAME, line no: 15,i,SIMPLE_NAME, 0.9767441860465116, 0.9767441860465116, 0.0, 0.0, 0.0, 1.0
"",STRING_LITERAL, line no: 15,i,SIMPLE_NAME, 0.9767441860465116, 0.9767441860465116, 0.0, 0.0, 0.0, 1.0
String,SIMPLE_NAME, line no: 16,i,SIMPLE_NAME, 0.9767441860465116, 0.9767441860465116, 0.0, 0.0, 0.0, 1.0
"0123456789ABCDEFGHIJKLMNOPQRSTUVWXYZ",STRING_LITERAL, line no: 16,i,SIMPLE_NAME, 0.9767441860465116, 0.9767441860465116, 0.0, 0.0, 0.0, 1.0
num,SIMPLE_NAME, line no: 18,num > 0,INFIX_EXPRESSION, 0.9767441860465116, 0.9767441860465116, 0.0, 0.0, 0.0, 1.0
0,NUMBER_LITERAL, line no: 18,num > 0,INFIX_EXPRESSION, 0.9767441860465116, 0.9767441860465116, 0.0, 0.0, 0.0, 1.0
result,SIMPLE_NAME, line no: 24,num,SIMPLE_NAME, 0.9761904761904762, 0.9761904761904762, 0.0, 0.0, 0.0, 1.0
result,SIMPLE_NAME, line no: 24,i,SIMPLE_NAME, 0.9761904761904762, 0.9761904761904762, 0.0, 0.0, 0.0, 1.0
alphabet,SIMPLE_NAME, line no: 21,alphabet.charAt(i),METHOD_INVOCATION, 0.967741935483871, 0.967741935483871, 0.0, 0.0, 0.0, 1.0
charAt,SIMPLE_NAME, line no: 21,String,SIMPLE_NAME, 0.967741935483871, 0.967741935483871, 0.0, 0.0, 0.0, 1.0
charAt,SIMPLE_NAME, line no: 21,valueOf,SIMPLE_NAME, 0.967741935483871, 0.967741935483871, 0.0, 0.0, 0.0, 1.0
i,SIMPLE_NAME, line no: 21,String,SIMPLE_NAME, 0.967741935483871, 0.967741935483871, 0.0, 0.0, 0.0, 1.0
i,SIMPLE_NAME, line no: 21,valueOf,SIMPLE_NAME, 0.967741935483871, 0.967741935483871, 0.0, 0.0, 0.0, 1.0
i,SIMPLE_NAME, line no: 21,alphabet.charAt(i),METHOD_INVOCATION, 0.967741935483871, 0.967741935483871, 0.0, 0.0, 0.0, 1.0
String,SIMPLE_NAME, line no: 21,num,SIMPLE_NAME, 0.9666666666666667, 0.9666666666666667, 0.0, 0.0, 0.0, 1.0
String,SIMPLE_NAME, line no: 21,b,SIMPLE_NAME, 0.9666666666666667, 0.9666666666666667, 0.0, 0.0, 0.0, 1.0
String,SIMPLE_NAME, line no: 21,alphabet.charAt(i),METHOD_INVOCATION, 0.9666666666666667, 0.9666666666666667, 0.0, 0.0, 0.0, 1.0
valueOf,SIMPLE_NAME, line no: 21,num,SIMPLE_NAME, 0.9666666666666667, 0.9666666666666667, 0.0, 0.0, 0.0, 1.0
valueOf,SIMPLE_NAME, line no: 21,b,SIMPLE_NAME, 0.9666666666666667, 0.9666666666666667, 0.0, 0.0, 0.0, 1.0
valueOf,SIMPLE_NAME, line no: 21,alphabet.charAt(i),METHOD_INVOCATION, 0.9666666666666667, 0.9666666666666667, 0.0, 0.0, 0.0, 1.0
alphabet.charAt(i),METHOD_INVOCATION, line no: 21,String,SIMPLE_NAME, 0.9666666666666667, 0.9666666666666667, 0.0, 0.0, 0.0, 1.0
alphabet.charAt(i),METHOD_INVOCATION, line no: 21,valueOf,SIMPLE_NAME, 0.9666666666666667, 0.9666666666666667, 0.0, 0.0, 0.0, 1.0
num,SIMPLE_NAME, line no: 19,result + String.valueOf(alphabet.charAt(i)),INFIX_EXPRESSION, 0.9655172413793104, 0.9655172413793104, 0.0, 0.0, 0.0, 1.0
num,SIMPLE_NAME, line no: 19,String.valueOf(alphabet.charAt(i)),METHOD_INVOCATION, 0.9655172413793104, 0.9655172413793104, 0.0, 0.0, 0.0, 1.0
num,SIMPLE_NAME, line no: 19,alphabet.charAt(i),METHOD_INVOCATION, 0.9655172413793104, 0.9655172413793104, 0.0, 0.0, 0.0, 1.0
b,SIMPLE_NAME, line no: 19,result + String.valueOf(alphabet.charAt(i)),INFIX_EXPRESSION, 0.9655172413793104, 0.9655172413793104, 0.0, 0.0, 0.0, 1.0
b,SIMPLE_NAME, line no: 19,String.valueOf(alphabet.charAt(i)),METHOD_INVOCATION, 0.9655172413793104, 0.9655172413793104, 0.0, 0.0, 0.0, 1.0
b,SIMPLE_NAME, line no: 19,alphabet.charAt(i),METHOD_INVOCATION, 0.9655172413793104, 0.9655172413793104, 0.0, 0.0, 0.0, 1.0
num,SIMPLE_NAME, line no: 20,result + String.valueOf(alphabet.charAt(i)),INFIX_EXPRESSION, 0.9655172413793104, 0.9655172413793104, 0.0, 0.0, 0.0, 1.0
num,SIMPLE_NAME, line no: 20,String.valueOf(alphabet.charAt(i)),METHOD_INVOCATION, 0.9655172413793104, 0.9655172413793104, 0.0, 0.0, 0.0, 1.0
num,SIMPLE_NAME, line no: 20,alphabet.charAt(i),METHOD_INVOCATION, 0.9655172413793104, 0.9655172413793104, 0.0, 0.0, 0.0, 1.0
b,SIMPLE_NAME, line no: 20,result + String.valueOf(alphabet.charAt(i)),INFIX_EXPRESSION, 0.9655172413793104, 0.9655172413793104, 0.0, 0.0, 0.0, 1.0
b,SIMPLE_NAME, line no: 20,String.valueOf(alphabet.charAt(i)),METHOD_INVOCATION, 0.9655172413793104, 0.9655172413793104, 0.0, 0.0, 0.0, 1.0
b,SIMPLE_NAME, line no: 20,alphabet.charAt(i),METHOD_INVOCATION, 0.9655172413793104, 0.9655172413793104, 0.0, 0.0, 0.0, 1.0
result,SIMPLE_NAME, line no: 21,num % b,INFIX_EXPRESSION, 0.9655172413793104, 0.9655172413793104, 0.0, 0.0, 0.0, 1.0
result,SIMPLE_NAME, line no: 21,num / b,INFIX_EXPRESSION, 0.9655172413793104, 0.9655172413793104, 0.0, 0.0, 0.0, 1.0
result,SIMPLE_NAME, line no: 21,alphabet.charAt(i),METHOD_INVOCATION, 0.9655172413793104, 0.9655172413793104, 0.0, 0.0, 0.0, 1.0
String.valueOf(alphabet.charAt(i)),METHOD_INVOCATION, line no: 21,num,SIMPLE_NAME, 0.9655172413793104, 0.9655172413793104, 0.0, 0.0, 0.0, 1.0
String.valueOf(alphabet.charAt(i)),METHOD_INVOCATION, line no: 21,b,SIMPLE_NAME, 0.9655172413793104, 0.9655172413793104, 0.0, 0.0, 0.0, 1.0
String.valueOf(alphabet.charAt(i)),METHOD_INVOCATION, line no: 21,num % b,INFIX_EXPRESSION, 0.9655172413793104, 0.9655172413793104, 0.0, 0.0, 0.0, 1.0
String.valueOf(alphabet.charAt(i)),METHOD_INVOCATION, line no: 21,num / b,INFIX_EXPRESSION, 0.9655172413793104, 0.9655172413793104, 0.0, 0.0, 0.0, 1.0
i,SIMPLE_NAME, line no: 19,result=result + String.valueOf(alphabet.charAt(i)),ASSIGNMENT, 0.9642857142857143, 0.9642857142857143, 0.0, 0.0, 0.0, 1.0
i,SIMPLE_NAME, line no: 19,result + String.valueOf(alphabet.charAt(i)),INFIX_EXPRESSION, 0.9642857142857143, 0.9642857142857143, 0.0, 0.0, 0.0, 1.0
i,SIMPLE_NAME, line no: 19,String.valueOf(alphabet.charAt(i)),METHOD_INVOCATION, 0.9642857142857143, 0.9642857142857143, 0.0, 0.0, 0.0, 1.0
i,SIMPLE_NAME, line no: 19,alphabet.charAt(i),METHOD_INVOCATION, 0.9642857142857143, 0.9642857142857143, 0.0, 0.0, 0.0, 1.0
num % b,INFIX_EXPRESSION, line no: 19,result=result + String.valueOf(alphabet.charAt(i)),ASSIGNMENT, 0.9642857142857143, 0.9642857142857143, 0.0, 0.0, 0.0, 1.0
num,SIMPLE_NAME, line no: 20,result=result + String.valueOf(alphabet.charAt(i)),ASSIGNMENT, 0.9642857142857143, 0.9642857142857143, 0.0, 0.0, 0.0, 1.0
num,SIMPLE_NAME, line no: 20,result + String.valueOf(alphabet.charAt(i)),INFIX_EXPRESSION, 0.9642857142857143, 0.9642857142857143, 0.0, 0.0, 0.0, 1.0
num,SIMPLE_NAME, line no: 20,String.valueOf(alphabet.charAt(i)),METHOD_INVOCATION, 0.9642857142857143, 0.9642857142857143, 0.0, 0.0, 0.0, 1.0
num,SIMPLE_NAME, line no: 20,alphabet.charAt(i),METHOD_INVOCATION, 0.9642857142857143, 0.9642857142857143, 0.0, 0.0, 0.0, 1.0
num / b,INFIX_EXPRESSION, line no: 20,result=result + String.valueOf(alphabet.charAt(i)),ASSIGNMENT, 0.9642857142857143, 0.9642857142857143, 0.0, 0.0, 0.0, 1.0
result,SIMPLE_NAME, line no: 21,i=num % b,ASSIGNMENT, 0.9642857142857143, 0.9642857142857143, 0.0, 0.0, 0.0, 1.0
result,SIMPLE_NAME, line no: 21,num % b,INFIX_EXPRESSION, 0.9642857142857143, 0.9642857142857143, 0.0, 0.0, 0.0, 1.0
result,SIMPLE_NAME, line no: 21,num=num / b,ASSIGNMENT, 0.9642857142857143, 0.9642857142857143, 0.0, 0.0, 0.0, 1.0
result,SIMPLE_NAME, line no: 21,num / b,INFIX_EXPRESSION, 0.9642857142857143, 0.9642857142857143, 0.0, 0.0, 0.0, 1.0
result,SIMPLE_NAME, line no: 21,alphabet.charAt(i),METHOD_INVOCATION, 0.9642857142857143, 0.9642857142857143, 0.0, 0.0, 0.0, 1.0
result + String.valueOf(alphabet.charAt(i)),INFIX_EXPRESSION, line no: 21,num=num / b,ASSIGNMENT, 0.9642857142857143, 0.9642857142857143, 0.0, 0.0, 0.0, 1.0
String,SIMPLE_NAME, line no: 15,num,SIMPLE_NAME, 0.9534883720930233, 0.9534883720930233, 0.0, 0.0, 0.0, 1.0
result,SIMPLE_NAME, line no: 15,num,SIMPLE_NAME, 0.9534883720930233, 0.9534883720930233, 0.0, 0.0, 0.0, 1.0
String,SIMPLE_NAME, line no: 16,num,SIMPLE_NAME, 0.9534883720930233, 0.9534883720930233, 0.0, 0.0, 0.0, 1.0
alphabet,SIMPLE_NAME, line no: 16,num,SIMPLE_NAME, 0.9534883720930233, 0.9534883720930233, 0.0, 0.0, 0.0, 1.0
num,SIMPLE_NAME, line no: 18,String,SIMPLE_NAME, 0.9534883720930233, 0.9534883720930233, 0.0, 0.0, 0.0, 1.0
num,SIMPLE_NAME, line no: 18,result,SIMPLE_NAME, 0.9534883720930233, 0.9534883720930233, 0.0, 0.0, 0.0, 1.0
num,SIMPLE_NAME, line no: 18,alphabet,SIMPLE_NAME, 0.9534883720930233, 0.9534883720930233, 0.0, 0.0, 0.0, 1.0
num > 0,INFIX_EXPRESSION, line no: 18,String,SIMPLE_NAME, 0.9523809523809523, 0.9523809523809523, 0.0, 0.0, 0.0, 1.0
num > 0,INFIX_EXPRESSION, line no: 18,result,SIMPLE_NAME, 0.9523809523809523, 0.9523809523809523, 0.0, 0.0, 0.0, 1.0
num > 0,INFIX_EXPRESSION, line no: 18,"",STRING_LITERAL, 0.9523809523809523, 0.9523809523809523, 0.0, 0.0, 0.0, 1.0
num > 0,INFIX_EXPRESSION, line no: 18,alphabet,SIMPLE_NAME, 0.9523809523809523, 0.9523809523809523, 0.0, 0.0, 0.0, 1.0
num > 0,INFIX_EXPRESSION, line no: 18,"0123456789ABCDEFGHIJKLMNOPQRSTUVWXYZ",STRING_LITERAL, 0.9523809523809523, 0.9523809523809523, 0.0, 0.0, 0.0, 1.0
num > 0,INFIX_EXPRESSION, line no: 18,i,SIMPLE_NAME, 0.9523809523809523, 0.9523809523809523, 0.0, 0.0, 0.0, 1.0
result,SIMPLE_NAME, line no: 24,num > 0,INFIX_EXPRESSION, 0.9523809523809523, 0.9523809523809523, 0.0, 0.0, 0.0, 1.0
result,SIMPLE_NAME, line no: 24,0,NUMBER_LITERAL, 0.9523809523809523, 0.9523809523809523, 0.0, 0.0, 0.0, 1.0
alphabet,SIMPLE_NAME, line no: 21,num,SIMPLE_NAME, 0.9354838709677419, 0.9354838709677419, 0.0, 0.0, 0.0, 1.0
alphabet,SIMPLE_NAME, line no: 21,b,SIMPLE_NAME, 0.9354838709677419, 0.9354838709677419, 0.0, 0.0, 0.0, 1.0
charAt,SIMPLE_NAME, line no: 21,num,SIMPLE_NAME, 0.9354838709677419, 0.9354838709677419, 0.0, 0.0, 0.0, 1.0
charAt,SIMPLE_NAME, line no: 21,b,SIMPLE_NAME, 0.9354838709677419, 0.9354838709677419, 0.0, 0.0, 0.0, 1.0
charAt,SIMPLE_NAME, line no: 21,result,SIMPLE_NAME, 0.9354838709677419, 0.9354838709677419, 0.0, 0.0, 0.0, 1.0
charAt,SIMPLE_NAME, line no: 21,String.valueOf(alphabet.charAt(i)),METHOD_INVOCATION, 0.9354838709677419, 0.9354838709677419, 0.0, 0.0, 0.0, 1.0
i,SIMPLE_NAME, line no: 21,result,SIMPLE_NAME, 0.9354838709677419, 0.9354838709677419, 0.0, 0.0, 0.0, 1.0
i,SIMPLE_NAME, line no: 21,String.valueOf(alphabet.charAt(i)),METHOD_INVOCATION, 0.9354838709677419, 0.9354838709677419, 0.0, 0.0, 0.0, 1.0
String,SIMPLE_NAME, line no: 21,num % b,INFIX_EXPRESSION, 0.9333333333333333, 0.9333333333333333, 0.0, 0.0, 0.0, 1.0
String,SIMPLE_NAME, line no: 21,num / b,INFIX_EXPRESSION, 0.9333333333333333, 0.9333333333333333, 0.0, 0.0, 0.0, 1.0
valueOf,SIMPLE_NAME, line no: 21,num % b,INFIX_EXPRESSION, 0.9333333333333333, 0.9333333333333333, 0.0, 0.0, 0.0, 1.0
valueOf,SIMPLE_NAME, line no: 21,num / b,INFIX_EXPRESSION, 0.9333333333333333, 0.9333333333333333, 0.0, 0.0, 0.0, 1.0
alphabet.charAt(i),METHOD_INVOCATION, line no: 21,num,SIMPLE_NAME, 0.9333333333333333, 0.9333333333333333, 0.0, 0.0, 0.0, 1.0
alphabet.charAt(i),METHOD_INVOCATION, line no: 21,b,SIMPLE_NAME, 0.9333333333333333, 0.9333333333333333, 0.0, 0.0, 0.0, 1.0
alphabet.charAt(i),METHOD_INVOCATION, line no: 21,result,SIMPLE_NAME, 0.9333333333333333, 0.9333333333333333, 0.0, 0.0, 0.0, 1.0
alphabet.charAt(i),METHOD_INVOCATION, line no: 21,num % b,INFIX_EXPRESSION, 0.9333333333333333, 0.9333333333333333, 0.0, 0.0, 0.0, 1.0
alphabet.charAt(i),METHOD_INVOCATION, line no: 21,num / b,INFIX_EXPRESSION, 0.9333333333333333, 0.9333333333333333, 0.0, 0.0, 0.0, 1.0
num,SIMPLE_NAME, line no: 19,"",STRING_LITERAL, 0.9310344827586207, 0.9310344827586207, 0.0, 0.0, 0.0, 1.0
num,SIMPLE_NAME, line no: 19,"0123456789ABCDEFGHIJKLMNOPQRSTUVWXYZ",STRING_LITERAL, 0.9310344827586207, 0.9310344827586207, 0.0, 0.0, 0.0, 1.0
num,SIMPLE_NAME, line no: 19,num > 0,INFIX_EXPRESSION, 0.9310344827586207, 0.9310344827586207, 0.0, 0.0, 0.0, 1.0
num,SIMPLE_NAME, line no: 19,result=result + String.valueOf(alphabet.charAt(i)),ASSIGNMENT, 0.9310344827586207, 0.9310344827586207, 0.0, 0.0, 0.0, 1.0
b,SIMPLE_NAME, line no: 19,"",STRING_LITERAL, 0.9310344827586207, 0.9310344827586207, 0.0, 0.0, 0.0, 1.0
b,SIMPLE_NAME, line no: 19,"0123456789ABCDEFGHIJKLMNOPQRSTUVWXYZ",STRING_LITERAL, 0.9310344827586207, 0.9310344827586207, 0.0, 0.0, 0.0, 1.0
b,SIMPLE_NAME, line no: 19,num > 0,INFIX_EXPRESSION, 0.9310344827586207, 0.9310344827586207, 0.0, 0.0, 0.0, 1.0
b,SIMPLE_NAME, line no: 19,result=result + String.valueOf(alphabet.charAt(i)),ASSIGNMENT, 0.9310344827586207, 0.9310344827586207, 0.0, 0.0, 0.0, 1.0
num,SIMPLE_NAME, line no: 20,"",STRING_LITERAL, 0.9310344827586207, 0.9310344827586207, 0.0, 0.0, 0.0, 1.0
num,SIMPLE_NAME, line no: 20,"0123456789ABCDEFGHIJKLMNOPQRSTUVWXYZ",STRING_LITERAL, 0.9310344827586207, 0.9310344827586207, 0.0, 0.0, 0.0, 1.0
num,SIMPLE_NAME, line no: 20,num > 0,INFIX_EXPRESSION, 0.9310344827586207, 0.9310344827586207, 0.0, 0.0, 0.0, 1.0
num,SIMPLE_NAME, line no: 20,result=result + String.valueOf(alphabet.charAt(i)),ASSIGNMENT, 0.9310344827586207, 0.9310344827586207, 0.0, 0.0, 0.0, 1.0
b,SIMPLE_NAME, line no: 20,"",STRING_LITERAL, 0.9310344827586207, 0.9310344827586207, 0.0, 0.0, 0.0, 1.0
b,SIMPLE_NAME, line no: 20,"0123456789ABCDEFGHIJKLMNOPQRSTUVWXYZ",STRING_LITERAL, 0.9310344827586207, 0.9310344827586207, 0.0, 0.0, 0.0, 1.0
b,SIMPLE_NAME, line no: 20,num > 0,INFIX_EXPRESSION, 0.9310344827586207, 0.9310344827586207, 0.0, 0.0, 0.0, 1.0
b,SIMPLE_NAME, line no: 20,result=result + String.valueOf(alphabet.charAt(i)),ASSIGNMENT, 0.9310344827586207, 0.9310344827586207, 0.0, 0.0, 0.0, 1.0
result,SIMPLE_NAME, line no: 21,num > 0,INFIX_EXPRESSION, 0.9310344827586207, 0.9310344827586207, 0.0, 0.0, 0.0, 1.0
result,SIMPLE_NAME, line no: 21,0,NUMBER_LITERAL, 0.9310344827586207, 0.9310344827586207, 0.0, 0.0, 0.0, 1.0
result,SIMPLE_NAME, line no: 21,i=num % b,ASSIGNMENT, 0.9310344827586207, 0.9310344827586207, 0.0, 0.0, 0.0, 1.0
result,SIMPLE_NAME, line no: 21,num=num / b,ASSIGNMENT, 0.9310344827586207, 0.9310344827586207, 0.0, 0.0, 0.0, 1.0
String.valueOf(alphabet.charAt(i)),METHOD_INVOCATION, line no: 21,num=num / b,ASSIGNMENT, 0.9310344827586207, 0.9310344827586207, 0.0, 0.0, 0.0, 1.0
String,SIMPLE_NAME, line no: 15,num > 0,INFIX_EXPRESSION, 0.9302325581395349, 0.9302325581395349, 0.0, 0.0, 0.0, 1.0
String,SIMPLE_NAME, line no: 15,0,NUMBER_LITERAL, 0.9302325581395349, 0.9302325581395349, 0.0, 0.0, 0.0, 1.0
result,SIMPLE_NAME, line no: 15,num > 0,INFIX_EXPRESSION, 0.9302325581395349, 0.9302325581395349, 0.0, 0.0, 0.0, 1.0
result,SIMPLE_NAME, line no: 15,0,NUMBER_LITERAL, 0.9302325581395349, 0.9302325581395349, 0.0, 0.0, 0.0, 1.0
"",STRING_LITERAL, line no: 15,num,SIMPLE_NAME, 0.9302325581395349, 0.9302325581395349, 0.0, 0.0, 0.0, 1.0
"",STRING_LITERAL, line no: 15,num > 0,INFIX_EXPRESSION, 0.9302325581395349, 0.9302325581395349, 0.0, 0.0, 0.0, 1.0
"",STRING_LITERAL, line no: 15,0,NUMBER_LITERAL, 0.9302325581395349, 0.9302325581395349, 0.0, 0.0, 0.0, 1.0
String,SIMPLE_NAME, line no: 16,num > 0,INFIX_EXPRESSION, 0.9302325581395349, 0.9302325581395349, 0.0, 0.0, 0.0, 1.0
String,SIMPLE_NAME, line no: 16,0,NUMBER_LITERAL, 0.9302325581395349, 0.9302325581395349, 0.0, 0.0, 0.0, 1.0
alphabet,SIMPLE_NAME, line no: 16,num > 0,INFIX_EXPRESSION, 0.9302325581395349, 0.9302325581395349, 0.0, 0.0, 0.0, 1.0
alphabet,SIMPLE_NAME, line no: 16,0,NUMBER_LITERAL, 0.9302325581395349, 0.9302325581395349, 0.0, 0.0, 0.0, 1.0
"0123456789ABCDEFGHIJKLMNOPQRSTUVWXYZ",STRING_LITERAL, line no: 16,num,SIMPLE_NAME, 0.9302325581395349, 0.9302325581395349, 0.0, 0.0, 0.0, 1.0
"0123456789ABCDEFGHIJKLMNOPQRSTUVWXYZ",STRING_LITERAL, line no: 16,num > 0,INFIX_EXPRESSION, 0.9302325581395349, 0.9302325581395349, 0.0, 0.0, 0.0, 1.0
"0123456789ABCDEFGHIJKLMNOPQRSTUVWXYZ",STRING_LITERAL, line no: 16,0,NUMBER_LITERAL, 0.9302325581395349, 0.9302325581395349, 0.0, 0.0, 0.0, 1.0
num,SIMPLE_NAME, line no: 18,"",STRING_LITERAL, 0.9302325581395349, 0.9302325581395349, 0.0, 0.0, 0.0, 1.0
num,SIMPLE_NAME, line no: 18,"0123456789ABCDEFGHIJKLMNOPQRSTUVWXYZ",STRING_LITERAL, 0.9302325581395349, 0.9302325581395349, 0.0, 0.0, 0.0, 1.0
0,NUMBER_LITERAL, line no: 18,String,SIMPLE_NAME, 0.9302325581395349, 0.9302325581395349, 0.0, 0.0, 0.0, 1.0
0,NUMBER_LITERAL, line no: 18,result,SIMPLE_NAME, 0.9302325581395349, 0.9302325581395349, 0.0, 0.0, 0.0, 1.0
0,NUMBER_LITERAL, line no: 18,"",STRING_LITERAL, 0.9302325581395349, 0.9302325581395349, 0.0, 0.0, 0.0, 1.0
0,NUMBER_LITERAL, line no: 18,alphabet,SIMPLE_NAME, 0.9302325581395349, 0.9302325581395349, 0.0, 0.0, 0.0, 1.0
0,NUMBER_LITERAL, line no: 18,"0123456789ABCDEFGHIJKLMNOPQRSTUVWXYZ",STRING_LITERAL, 0.9302325581395349, 0.9302325581395349, 0.0, 0.0, 0.0, 1.0
num > 0,INFIX_EXPRESSION, line no: 18,i=num % b,ASSIGNMENT, 0.9285714285714286, 0.5952380952380952, 0.3333333333333333, 0.0, 0.0, 1.0
i,SIMPLE_NAME, line no: 19,"",STRING_LITERAL, 0.9285714285714286, 0.9285714285714286, 0.0, 0.0, 0.0, 1.0
i,SIMPLE_NAME, line no: 19,"0123456789ABCDEFGHIJKLMNOPQRSTUVWXYZ",STRING_LITERAL, 0.9285714285714286, 0.9285714285714286, 0.0, 0.0, 0.0, 1.0
i,SIMPLE_NAME, line no: 19,num > 0,INFIX_EXPRESSION, 0.9285714285714286, 0.9285714285714286, 0.0, 0.0, 0.0, 1.0
num % b,INFIX_EXPRESSION, line no: 19,"",STRING_LITERAL, 0.9285714285714286, 0.9285714285714286, 0.0, 0.0, 0.0, 1.0
num % b,INFIX_EXPRESSION, line no: 19,"0123456789ABCDEFGHIJKLMNOPQRSTUVWXYZ",STRING_LITERAL, 0.9285714285714286, 0.9285714285714286, 0.0, 0.0, 0.0, 1.0
num,SIMPLE_NAME, line no: 20,"",STRING_LITERAL, 0.9285714285714286, 0.9285714285714286, 0.0, 0.0, 0.0, 1.0
num,SIMPLE_NAME, line no: 20,"0123456789ABCDEFGHIJKLMNOPQRSTUVWXYZ",STRING_LITERAL, 0.9285714285714286, 0.9285714285714286, 0.0, 0.0, 0.0, 1.0
num,SIMPLE_NAME, line no: 20,num > 0,INFIX_EXPRESSION, 0.9285714285714286, 0.9285714285714286, 0.0, 0.0, 0.0, 1.0
num / b,INFIX_EXPRESSION, line no: 20,"",STRING_LITERAL, 0.9285714285714286, 0.9285714285714286, 0.0, 0.0, 0.0, 1.0
num / b,INFIX_EXPRESSION, line no: 20,"0123456789ABCDEFGHIJKLMNOPQRSTUVWXYZ",STRING_LITERAL, 0.9285714285714286, 0.9285714285714286, 0.0, 0.0, 0.0, 1.0
result,SIMPLE_NAME, line no: 21,num > 0,INFIX_EXPRESSION, 0.9285714285714286, 0.9285714285714286, 0.0, 0.0, 0.0, 1.0
result,SIMPLE_NAME, line no: 21,0,NUMBER_LITERAL, 0.9285714285714286, 0.9285714285714286, 0.0, 0.0, 0.0, 1.0
result + String.valueOf(alphabet.charAt(i)),INFIX_EXPRESSION, line no: 21,num > 0,INFIX_EXPRESSION, 0.9285714285714286, 0.9285714285714286, 0.0, 0.0, 0.0, 1.0
result + String.valueOf(alphabet.charAt(i)),INFIX_EXPRESSION, line no: 21,0,NUMBER_LITERAL, 0.9285714285714286, 0.9285714285714286, 0.0, 0.0, 0.0, 1.0
i=num % b,ASSIGNMENT, line no: 19,"",STRING_LITERAL, 0.9259259259259259, 0.9259259259259259, 0.0, 0.0, 0.0, 1.0
i=num % b,ASSIGNMENT, line no: 19,"0123456789ABCDEFGHIJKLMNOPQRSTUVWXYZ",STRING_LITERAL, 0.9259259259259259, 0.9259259259259259, 0.0, 0.0, 0.0, 1.0
num=num / b,ASSIGNMENT, line no: 20,"",STRING_LITERAL, 0.9259259259259259, 0.9259259259259259, 0.0, 0.0, 0.0, 1.0
num=num / b,ASSIGNMENT, line no: 20,"0123456789ABCDEFGHIJKLMNOPQRSTUVWXYZ",STRING_LITERAL, 0.9259259259259259, 0.9259259259259259, 0.0, 0.0, 0.0, 1.0
result=result + String.valueOf(alphabet.charAt(i)),ASSIGNMENT, line no: 21,num > 0,INFIX_EXPRESSION, 0.9259259259259259, 0.9259259259259259, 0.0, 0.0, 0.0, 1.0
result=result + String.valueOf(alphabet.charAt(i)),ASSIGNMENT, line no: 21,0,NUMBER_LITERAL, 0.9259259259259259, 0.9259259259259259, 0.0, 0.0, 0.0, 1.0
alphabet,SIMPLE_NAME, line no: 21,num % b,INFIX_EXPRESSION, 0.9032258064516129, 0.9032258064516129, 0.0, 0.0, 0.0, 1.0
alphabet,SIMPLE_NAME, line no: 21,num / b,INFIX_EXPRESSION, 0.9032258064516129, 0.9032258064516129, 0.0, 0.0, 0.0, 1.0
charAt,SIMPLE_NAME, line no: 21,num % b,INFIX_EXPRESSION, 0.9032258064516129, 0.9032258064516129, 0.0, 0.0, 0.0, 1.0
charAt,SIMPLE_NAME, line no: 21,num / b,INFIX_EXPRESSION, 0.9032258064516129, 0.9032258064516129, 0.0, 0.0, 0.0, 1.0
charAt,SIMPLE_NAME, line no: 21,result + String.valueOf(alphabet.charAt(i)),INFIX_EXPRESSION, 0.9032258064516129, 0.9032258064516129, 0.0, 0.0, 0.0, 1.0
i,SIMPLE_NAME, line no: 21,result + String.valueOf(alphabet.charAt(i)),INFIX_EXPRESSION, 0.9032258064516129, 0.9032258064516129, 0.0, 0.0, 0.0, 1.0
String,SIMPLE_NAME, line no: 21,num > 0,INFIX_EXPRESSION, 0.9, 0.9, 0.0, 0.0, 0.0, 1.0
String,SIMPLE_NAME, line no: 21,0,NUMBER_LITERAL, 0.9, 0.9, 0.0, 0.0, 0.0, 1.0
String,SIMPLE_NAME, line no: 21,i=num % b,ASSIGNMENT, 0.9, 0.9, 0.0, 0.0, 0.0, 1.0
String,SIMPLE_NAME, line no: 21,num=num / b,ASSIGNMENT, 0.9, 0.9, 0.0, 0.0, 0.0, 1.0
valueOf,SIMPLE_NAME, line no: 21,num > 0,INFIX_EXPRESSION, 0.9, 0.9, 0.0, 0.0, 0.0, 1.0
valueOf,SIMPLE_NAME, line no: 21,0,NUMBER_LITERAL, 0.9, 0.9, 0.0, 0.0, 0.0, 1.0
valueOf,SIMPLE_NAME, line no: 21,i=num % b,ASSIGNMENT, 0.9, 0.9, 0.0, 0.0, 0.0, 1.0
valueOf,SIMPLE_NAME, line no: 21,num=num / b,ASSIGNMENT, 0.9, 0.9, 0.0, 0.0, 0.0, 1.0
alphabet.charAt(i),METHOD_INVOCATION, line no: 21,num=num / b,ASSIGNMENT, 0.9, 0.9, 0.0, 0.0, 0.0, 1.0
String.valueOf(alphabet.charAt(i)),METHOD_INVOCATION, line no: 21,num > 0,INFIX_EXPRESSION, 0.896551724137931, 0.896551724137931, 0.0, 0.0, 0.0, 1.0
String.valueOf(alphabet.charAt(i)),METHOD_INVOCATION, line no: 21,0,NUMBER_LITERAL, 0.896551724137931, 0.896551724137931, 0.0, 0.0, 0.0, 1.0
alphabet,SIMPLE_NAME, line no: 21,num > 0,INFIX_EXPRESSION, 0.8709677419354839, 0.8709677419354839, 0.0, 0.0, 0.0, 1.0
alphabet,SIMPLE_NAME, line no: 21,0,NUMBER_LITERAL, 0.8709677419354839, 0.8709677419354839, 0.0, 0.0, 0.0, 1.0
alphabet,SIMPLE_NAME, line no: 21,i=num % b,ASSIGNMENT, 0.8709677419354839, 0.8709677419354839, 0.0, 0.0, 0.0, 1.0
alphabet,SIMPLE_NAME, line no: 21,num=num / b,ASSIGNMENT, 0.8709677419354839, 0.8709677419354839, 0.0, 0.0, 0.0, 1.0
charAt,SIMPLE_NAME, line no: 21,"",STRING_LITERAL, 0.8709677419354839, 0.8709677419354839, 0.0, 0.0, 0.0, 1.0
charAt,SIMPLE_NAME, line no: 21,"0123456789ABCDEFGHIJKLMNOPQRSTUVWXYZ",STRING_LITERAL, 0.8709677419354839, 0.8709677419354839, 0.0, 0.0, 0.0, 1.0
charAt,SIMPLE_NAME, line no: 21,num > 0,INFIX_EXPRESSION, 0.8709677419354839, 0.8709677419354839, 0.0, 0.0, 0.0, 1.0
charAt,SIMPLE_NAME, line no: 21,0,NUMBER_LITERAL, 0.8709677419354839, 0.8709677419354839, 0.0, 0.0, 0.0, 1.0
charAt,SIMPLE_NAME, line no: 21,i=num % b,ASSIGNMENT, 0.8709677419354839, 0.8709677419354839, 0.0, 0.0, 0.0, 1.0
charAt,SIMPLE_NAME, line no: 21,num=num / b,ASSIGNMENT, 0.8709677419354839, 0.8709677419354839, 0.0, 0.0, 0.0, 1.0
charAt,SIMPLE_NAME, line no: 21,result=result + String.valueOf(alphabet.charAt(i)),ASSIGNMENT, 0.8709677419354839, 0.8709677419354839, 0.0, 0.0, 0.0, 1.0
i,SIMPLE_NAME, line no: 21,"",STRING_LITERAL, 0.8709677419354839, 0.8709677419354839, 0.0, 0.0, 0.0, 1.0
i,SIMPLE_NAME, line no: 21,"0123456789ABCDEFGHIJKLMNOPQRSTUVWXYZ",STRING_LITERAL, 0.8709677419354839, 0.8709677419354839, 0.0, 0.0, 0.0, 1.0
i,SIMPLE_NAME, line no: 21,num > 0,INFIX_EXPRESSION, 0.8709677419354839, 0.8709677419354839, 0.0, 0.0, 0.0, 1.0
i,SIMPLE_NAME, line no: 21,result=result + String.valueOf(alphabet.charAt(i)),ASSIGNMENT, 0.8709677419354839, 0.8709677419354839, 0.0, 0.0, 0.0, 1.0
alphabet.charAt(i),METHOD_INVOCATION, line no: 21,"",STRING_LITERAL, 0.8666666666666667, 0.8666666666666667, 0.0, 0.0, 0.0, 1.0
alphabet.charAt(i),METHOD_INVOCATION, line no: 21,"0123456789ABCDEFGHIJKLMNOPQRSTUVWXYZ",STRING_LITERAL, 0.8666666666666667, 0.8666666666666667, 0.0, 0.0, 0.0, 1.0
alphabet.charAt(i),METHOD_INVOCATION, line no: 21,num > 0,INFIX_EXPRESSION, 0.8666666666666667, 0.8666666666666667, 0.0, 0.0, 0.0, 1.0
alphabet.charAt(i),METHOD_INVOCATION, line no: 21,0,NUMBER_LITERAL, 0.8666666666666667, 0.8666666666666667, 0.0, 0.0, 0.0, 1.0
num > 0,INFIX_EXPRESSION, line no: 18,b,SIMPLE_NAME, 0.6428571428571429, 0.6428571428571429, 0.0, 0.0, 0.0, 1.0
num > 0,INFIX_EXPRESSION, line no: 18,valueOf,SIMPLE_NAME, 0.6428571428571429, 0.6428571428571429, 0.0, 0.0, 0.0, 1.0
num > 0,INFIX_EXPRESSION, line no: 18,charAt,SIMPLE_NAME, 0.6428571428571429, 0.6428571428571429, 0.0, 0.0, 0.0, 1.0
result,SIMPLE_NAME, line no: 24,b,SIMPLE_NAME, 0.6428571428571429, 0.6428571428571429, 0.0, 0.0, 0.0, 1.0
result,SIMPLE_NAME, line no: 24,charAt,SIMPLE_NAME, 0.6428571428571429, 0.6428571428571429, 0.0, 0.0, 0.0, 1.0
String,SIMPLE_NAME, line no: 15,b,SIMPLE_NAME, 0.627906976744186, 0.627906976744186, 0.0, 0.0, 0.0, 1.0
String,SIMPLE_NAME, line no: 15,charAt,SIMPLE_NAME, 0.627906976744186, 0.627906976744186, 0.0, 0.0, 0.0, 1.0
result,SIMPLE_NAME, line no: 15,b,SIMPLE_NAME, 0.627906976744186, 0.627906976744186, 0.0, 0.0, 0.0, 1.0
result,SIMPLE_NAME, line no: 15,charAt,SIMPLE_NAME, 0.627906976744186, 0.627906976744186, 0.0, 0.0, 0.0, 1.0
"",STRING_LITERAL, line no: 15,b,SIMPLE_NAME, 0.627906976744186, 0.627906976744186, 0.0, 0.0, 0.0, 1.0
"",STRING_LITERAL, line no: 15,charAt,SIMPLE_NAME, 0.627906976744186, 0.627906976744186, 0.0, 0.0, 0.0, 1.0
String,SIMPLE_NAME, line no: 16,b,SIMPLE_NAME, 0.627906976744186, 0.627906976744186, 0.0, 0.0, 0.0, 1.0
String,SIMPLE_NAME, line no: 16,charAt,SIMPLE_NAME, 0.627906976744186, 0.627906976744186, 0.0, 0.0, 0.0, 1.0
alphabet,SIMPLE_NAME, line no: 16,b,SIMPLE_NAME, 0.627906976744186, 0.627906976744186, 0.0, 0.0, 0.0, 1.0
alphabet,SIMPLE_NAME, line no: 16,charAt,SIMPLE_NAME, 0.627906976744186, 0.627906976744186, 0.0, 0.0, 0.0, 1.0
"0123456789ABCDEFGHIJKLMNOPQRSTUVWXYZ",STRING_LITERAL, line no: 16,b,SIMPLE_NAME, 0.627906976744186, 0.627906976744186, 0.0, 0.0, 0.0, 1.0
"0123456789ABCDEFGHIJKLMNOPQRSTUVWXYZ",STRING_LITERAL, line no: 16,charAt,SIMPLE_NAME, 0.627906976744186, 0.627906976744186, 0.0, 0.0, 0.0, 1.0
num,SIMPLE_NAME, line no: 18,valueOf,SIMPLE_NAME, 0.627906976744186, 0.627906976744186, 0.0, 0.0, 0.0, 1.0
num,SIMPLE_NAME, line no: 18,charAt,SIMPLE_NAME, 0.627906976744186, 0.627906976744186, 0.0, 0.0, 0.0, 1.0
0,NUMBER_LITERAL, line no: 18,valueOf,SIMPLE_NAME, 0.627906976744186, 0.627906976744186, 0.0, 0.0, 0.0, 1.0
0,NUMBER_LITERAL, line no: 18,charAt,SIMPLE_NAME, 0.627906976744186, 0.627906976744186, 0.0, 0.0, 0.0, 1.0
num > 0,INFIX_EXPRESSION, line no: 18,result + String.valueOf(alphabet.charAt(i)),INFIX_EXPRESSION, 0.6190476190476191, 0.6190476190476191, 0.0, 0.0, 0.0, 1.0
num > 0,INFIX_EXPRESSION, line no: 18,String.valueOf(alphabet.charAt(i)),METHOD_INVOCATION, 0.6190476190476191, 0.6190476190476191, 0.0, 0.0, 0.0, 1.0
num > 0,INFIX_EXPRESSION, line no: 18,alphabet.charAt(i),METHOD_INVOCATION, 0.6190476190476191, 0.6190476190476191, 0.0, 0.0, 0.0, 1.0
result,SIMPLE_NAME, line no: 24,num % b,INFIX_EXPRESSION, 0.6190476190476191, 0.6190476190476191, 0.0, 0.0, 0.0, 1.0
result,SIMPLE_NAME, line no: 24,num / b,INFIX_EXPRESSION, 0.6190476190476191, 0.6190476190476191, 0.0, 0.0, 0.0, 1.0
result,SIMPLE_NAME, line no: 24,alphabet.charAt(i),METHOD_INVOCATION, 0.6190476190476191, 0.6190476190476191, 0.0, 0.0, 0.0, 1.0
String,SIMPLE_NAME, line no: 15,num % b,INFIX_EXPRESSION, 0.6046511627906976, 0.6046511627906976, 0.0, 0.0, 0.0, 1.0
String,SIMPLE_NAME, line no: 15,num / b,INFIX_EXPRESSION, 0.6046511627906976, 0.6046511627906976, 0.0, 0.0, 0.0, 1.0
String,SIMPLE_NAME, line no: 15,alphabet.charAt(i),METHOD_INVOCATION, 0.6046511627906976, 0.6046511627906976, 0.0, 0.0, 0.0, 1.0
result,SIMPLE_NAME, line no: 15,num % b,INFIX_EXPRESSION, 0.6046511627906976, 0.6046511627906976, 0.0, 0.0, 0.0, 1.0
result,SIMPLE_NAME, line no: 15,num / b,INFIX_EXPRESSION, 0.6046511627906976, 0.6046511627906976, 0.0, 0.0, 0.0, 1.0
result,SIMPLE_NAME, line no: 15,alphabet.charAt(i),METHOD_INVOCATION, 0.6046511627906976, 0.6046511627906976, 0.0, 0.0, 0.0, 1.0
"",STRING_LITERAL, line no: 15,num % b,INFIX_EXPRESSION, 0.6046511627906976, 0.6046511627906976, 0.0, 0.0, 0.0, 1.0
"",STRING_LITERAL, line no: 15,num / b,INFIX_EXPRESSION, 0.6046511627906976, 0.6046511627906976, 0.0, 0.0, 0.0, 1.0
"",STRING_LITERAL, line no: 15,alphabet.charAt(i),METHOD_INVOCATION, 0.6046511627906976, 0.6046511627906976, 0.0, 0.0, 0.0, 1.0
String,SIMPLE_NAME, line no: 16,num % b,INFIX_EXPRESSION, 0.6046511627906976, 0.6046511627906976, 0.0, 0.0, 0.0, 1.0
String,SIMPLE_NAME, line no: 16,num / b,INFIX_EXPRESSION, 0.6046511627906976, 0.6046511627906976, 0.0, 0.0, 0.0, 1.0
String,SIMPLE_NAME, line no: 16,alphabet.charAt(i),METHOD_INVOCATION, 0.6046511627906976, 0.6046511627906976, 0.0, 0.0, 0.0, 1.0
alphabet,SIMPLE_NAME, line no: 16,num % b,INFIX_EXPRESSION, 0.6046511627906976, 0.6046511627906976, 0.0, 0.0, 0.0, 1.0
alphabet,SIMPLE_NAME, line no: 16,num / b,INFIX_EXPRESSION, 0.6046511627906976, 0.6046511627906976, 0.0, 0.0, 0.0, 1.0
alphabet,SIMPLE_NAME, line no: 16,alphabet.charAt(i),METHOD_INVOCATION, 0.6046511627906976, 0.6046511627906976, 0.0, 0.0, 0.0, 1.0
"0123456789ABCDEFGHIJKLMNOPQRSTUVWXYZ",STRING_LITERAL, line no: 16,num % b,INFIX_EXPRESSION, 0.6046511627906976, 0.6046511627906976, 0.0, 0.0, 0.0, 1.0
"0123456789ABCDEFGHIJKLMNOPQRSTUVWXYZ",STRING_LITERAL, line no: 16,num / b,INFIX_EXPRESSION, 0.6046511627906976, 0.6046511627906976, 0.0, 0.0, 0.0, 1.0
"0123456789ABCDEFGHIJKLMNOPQRSTUVWXYZ",STRING_LITERAL, line no: 16,alphabet.charAt(i),METHOD_INVOCATION, 0.6046511627906976, 0.6046511627906976, 0.0, 0.0, 0.0, 1.0
num,SIMPLE_NAME, line no: 18,result + String.valueOf(alphabet.charAt(i)),INFIX_EXPRESSION, 0.6046511627906976, 0.6046511627906976, 0.0, 0.0, 0.0, 1.0
num,SIMPLE_NAME, line no: 18,String.valueOf(alphabet.charAt(i)),METHOD_INVOCATION, 0.6046511627906976, 0.6046511627906976, 0.0, 0.0, 0.0, 1.0
num,SIMPLE_NAME, line no: 18,alphabet.charAt(i),METHOD_INVOCATION, 0.6046511627906976, 0.6046511627906976, 0.0, 0.0, 0.0, 1.0
0,NUMBER_LITERAL, line no: 18,result + String.valueOf(alphabet.charAt(i)),INFIX_EXPRESSION, 0.6046511627906976, 0.6046511627906976, 0.0, 0.0, 0.0, 1.0
0,NUMBER_LITERAL, line no: 18,String.valueOf(alphabet.charAt(i)),METHOD_INVOCATION, 0.6046511627906976, 0.6046511627906976, 0.0, 0.0, 0.0, 1.0
0,NUMBER_LITERAL, line no: 18,alphabet.charAt(i),METHOD_INVOCATION, 0.6046511627906976, 0.6046511627906976, 0.0, 0.0, 0.0, 1.0
num > 0,INFIX_EXPRESSION, line no: 18,result=result + String.valueOf(alphabet.charAt(i)),ASSIGNMENT, 0.5952380952380952, 0.5952380952380952, 0.0, 0.0, 0.0, 1.0
result,SIMPLE_NAME, line no: 24,i=num % b,ASSIGNMENT, 0.5952380952380952, 0.5952380952380952, 0.0, 0.0, 0.0, 1.0
result,SIMPLE_NAME, line no: 24,num=num / b,ASSIGNMENT, 0.5952380952380952, 0.5952380952380952, 0.0, 0.0, 0.0, 1.0
String,SIMPLE_NAME, line no: 15,i=num % b,ASSIGNMENT, 0.5813953488372093, 0.5813953488372093, 0.0, 0.0, 0.0, 1.0
String,SIMPLE_NAME, line no: 15,num=num / b,ASSIGNMENT, 0.5813953488372093, 0.5813953488372093, 0.0, 0.0, 0.0, 1.0
result,SIMPLE_NAME, line no: 15,i=num % b,ASSIGNMENT, 0.5813953488372093, 0.5813953488372093, 0.0, 0.0, 0.0, 1.0
result,SIMPLE_NAME, line no: 15,num=num / b,ASSIGNMENT, 0.5813953488372093, 0.5813953488372093, 0.0, 0.0, 0.0, 1.0
"",STRING_LITERAL, line no: 15,i=num % b,ASSIGNMENT, 0.5813953488372093, 0.5813953488372093, 0.0, 0.0, 0.0, 1.0
"",STRING_LITERAL, line no: 15,num=num / b,ASSIGNMENT, 0.5813953488372093, 0.5813953488372093, 0.0, 0.0, 0.0, 1.0
String,SIMPLE_NAME, line no: 16,i=num % b,ASSIGNMENT, 0.5813953488372093, 0.5813953488372093, 0.0, 0.0, 0.0, 1.0
String,SIMPLE_NAME, line no: 16,num=num / b,ASSIGNMENT, 0.5813953488372093, 0.5813953488372093, 0.0, 0.0, 0.0, 1.0
alphabet,SIMPLE_NAME, line no: 16,i=num % b,ASSIGNMENT, 0.5813953488372093, 0.5813953488372093, 0.0, 0.0, 0.0, 1.0
alphabet,SIMPLE_NAME, line no: 16,num=num / b,ASSIGNMENT, 0.5813953488372093, 0.5813953488372093, 0.0, 0.0, 0.0, 1.0
"0123456789ABCDEFGHIJKLMNOPQRSTUVWXYZ",STRING_LITERAL, line no: 16,i=num % b,ASSIGNMENT, 0.5813953488372093, 0.5813953488372093, 0.0, 0.0, 0.0, 1.0
"0123456789ABCDEFGHIJKLMNOPQRSTUVWXYZ",STRING_LITERAL, line no: 16,num=num / b,ASSIGNMENT, 0.5813953488372093, 0.5813953488372093, 0.0, 0.0, 0.0, 1.0
num,SIMPLE_NAME, line no: 18,result=result + String.valueOf(alphabet.charAt(i)),ASSIGNMENT, 0.5813953488372093, 0.5813953488372093, 0.0, 0.0, 0.0, 1.0
0,NUMBER_LITERAL, line no: 18,result=result + String.valueOf(alphabet.charAt(i)),ASSIGNMENT, 0.5813953488372093, 0.5813953488372093, 0.0, 0.0, 0.0, 1.0
i=num % b,ASSIGNMENT, line no: 19,buggy_java_programs,SIMPLE_NAME, 0.037037037037037035, 0.037037037037037035, 0.0, 0.0, 0.0, 1.0
i=num % b,ASSIGNMENT, line no: 19,java,SIMPLE_NAME, 0.037037037037037035, 0.037037037037037035, 0.0, 0.0, 0.0, 1.0
i=num % b,ASSIGNMENT, line no: 19,util,SIMPLE_NAME, 0.037037037037037035, 0.037037037037037035, 0.0, 0.0, 0.0, 1.0
i=num % b,ASSIGNMENT, line no: 19,TO_BASE,SIMPLE_NAME, 0.037037037037037035, 0.037037037037037035, 0.0, 0.0, 0.0, 1.0
i=num % b,ASSIGNMENT, line no: 19,to_base,SIMPLE_NAME, 0.037037037037037035, 0.037037037037037035, 0.0, 0.0, 0.0, 1.0
num=num / b,ASSIGNMENT, line no: 20,buggy_java_programs,SIMPLE_NAME, 0.037037037037037035, 0.037037037037037035, 0.0, 0.0, 0.0, 1.0
num=num / b,ASSIGNMENT, line no: 20,java,SIMPLE_NAME, 0.037037037037037035, 0.037037037037037035, 0.0, 0.0, 0.0, 1.0
num=num / b,ASSIGNMENT, line no: 20,util,SIMPLE_NAME, 0.037037037037037035, 0.037037037037037035, 0.0, 0.0, 0.0, 1.0
num=num / b,ASSIGNMENT, line no: 20,TO_BASE,SIMPLE_NAME, 0.037037037037037035, 0.037037037037037035, 0.0, 0.0, 0.0, 1.0
num=num / b,ASSIGNMENT, line no: 20,to_base,SIMPLE_NAME, 0.037037037037037035, 0.037037037037037035, 0.0, 0.0, 0.0, 1.0
result=result + String.valueOf(alphabet.charAt(i)),ASSIGNMENT, line no: 21,buggy_java_programs,SIMPLE_NAME, 0.037037037037037035, 0.037037037037037035, 0.0, 0.0, 0.0, 1.0
result=result + String.valueOf(alphabet.charAt(i)),ASSIGNMENT, line no: 21,java,SIMPLE_NAME, 0.037037037037037035, 0.037037037037037035, 0.0, 0.0, 0.0, 1.0
result=result + String.valueOf(alphabet.charAt(i)),ASSIGNMENT, line no: 21,util,SIMPLE_NAME, 0.037037037037037035, 0.037037037037037035, 0.0, 0.0, 0.0, 1.0
result=result + String.valueOf(alphabet.charAt(i)),ASSIGNMENT, line no: 21,TO_BASE,SIMPLE_NAME, 0.037037037037037035, 0.037037037037037035, 0.0, 0.0, 0.0, 1.0
i,SIMPLE_NAME, line no: 19,buggy_java_programs,SIMPLE_NAME, 0.03571428571428571, 0.03571428571428571, 0.0, 0.0, 0.0, 1.0
i,SIMPLE_NAME, line no: 19,java,SIMPLE_NAME, 0.03571428571428571, 0.03571428571428571, 0.0, 0.0, 0.0, 1.0
i,SIMPLE_NAME, line no: 19,util,SIMPLE_NAME, 0.03571428571428571, 0.03571428571428571, 0.0, 0.0, 0.0, 1.0
i,SIMPLE_NAME, line no: 19,TO_BASE,SIMPLE_NAME, 0.03571428571428571, 0.03571428571428571, 0.0, 0.0, 0.0, 1.0
i,SIMPLE_NAME, line no: 19,to_base,SIMPLE_NAME, 0.03571428571428571, 0.03571428571428571, 0.0, 0.0, 0.0, 1.0
num % b,INFIX_EXPRESSION, line no: 19,buggy_java_programs,SIMPLE_NAME, 0.03571428571428571, 0.03571428571428571, 0.0, 0.0, 0.0, 1.0
num % b,INFIX_EXPRESSION, line no: 19,java,SIMPLE_NAME, 0.03571428571428571, 0.03571428571428571, 0.0, 0.0, 0.0, 1.0
num % b,INFIX_EXPRESSION, line no: 19,util,SIMPLE_NAME, 0.03571428571428571, 0.03571428571428571, 0.0, 0.0, 0.0, 1.0
num % b,INFIX_EXPRESSION, line no: 19,TO_BASE,SIMPLE_NAME, 0.03571428571428571, 0.03571428571428571, 0.0, 0.0, 0.0, 1.0
num % b,INFIX_EXPRESSION, line no: 19,to_base,SIMPLE_NAME, 0.03571428571428571, 0.03571428571428571, 0.0, 0.0, 0.0, 1.0
num,SIMPLE_NAME, line no: 20,buggy_java_programs,SIMPLE_NAME, 0.03571428571428571, 0.03571428571428571, 0.0, 0.0, 0.0, 1.0
num,SIMPLE_NAME, line no: 20,java,SIMPLE_NAME, 0.03571428571428571, 0.03571428571428571, 0.0, 0.0, 0.0, 1.0
num,SIMPLE_NAME, line no: 20,util,SIMPLE_NAME, 0.03571428571428571, 0.03571428571428571, 0.0, 0.0, 0.0, 1.0
num,SIMPLE_NAME, line no: 20,TO_BASE,SIMPLE_NAME, 0.03571428571428571, 0.03571428571428571, 0.0, 0.0, 0.0, 1.0
num,SIMPLE_NAME, line no: 20,to_base,SIMPLE_NAME, 0.03571428571428571, 0.03571428571428571, 0.0, 0.0, 0.0, 1.0
num / b,INFIX_EXPRESSION, line no: 20,buggy_java_programs,SIMPLE_NAME, 0.03571428571428571, 0.03571428571428571, 0.0, 0.0, 0.0, 1.0
num / b,INFIX_EXPRESSION, line no: 20,java,SIMPLE_NAME, 0.03571428571428571, 0.03571428571428571, 0.0, 0.0, 0.0, 1.0
num / b,INFIX_EXPRESSION, line no: 20,util,SIMPLE_NAME, 0.03571428571428571, 0.03571428571428571, 0.0, 0.0, 0.0, 1.0
num / b,INFIX_EXPRESSION, line no: 20,TO_BASE,SIMPLE_NAME, 0.03571428571428571, 0.03571428571428571, 0.0, 0.0, 0.0, 1.0
num / b,INFIX_EXPRESSION, line no: 20,to_base,SIMPLE_NAME, 0.03571428571428571, 0.03571428571428571, 0.0, 0.0, 0.0, 1.0
result,SIMPLE_NAME, line no: 21,buggy_java_programs,SIMPLE_NAME, 0.03571428571428571, 0.03571428571428571, 0.0, 0.0, 0.0, 1.0
result,SIMPLE_NAME, line no: 21,java,SIMPLE_NAME, 0.03571428571428571, 0.03571428571428571, 0.0, 0.0, 0.0, 1.0
result,SIMPLE_NAME, line no: 21,util,SIMPLE_NAME, 0.03571428571428571, 0.03571428571428571, 0.0, 0.0, 0.0, 1.0
result,SIMPLE_NAME, line no: 21,TO_BASE,SIMPLE_NAME, 0.03571428571428571, 0.03571428571428571, 0.0, 0.0, 0.0, 1.0
result + String.valueOf(alphabet.charAt(i)),INFIX_EXPRESSION, line no: 21,buggy_java_programs,SIMPLE_NAME, 0.03571428571428571, 0.03571428571428571, 0.0, 0.0, 0.0, 1.0
result + String.valueOf(alphabet.charAt(i)),INFIX_EXPRESSION, line no: 21,java,SIMPLE_NAME, 0.03571428571428571, 0.03571428571428571, 0.0, 0.0, 0.0, 1.0
result + String.valueOf(alphabet.charAt(i)),INFIX_EXPRESSION, line no: 21,util,SIMPLE_NAME, 0.03571428571428571, 0.03571428571428571, 0.0, 0.0, 0.0, 1.0
result + String.valueOf(alphabet.charAt(i)),INFIX_EXPRESSION, line no: 21,TO_BASE,SIMPLE_NAME, 0.03571428571428571, 0.03571428571428571, 0.0, 0.0, 0.0, 1.0
num,SIMPLE_NAME, line no: 19,buggy_java_programs,SIMPLE_NAME, 0.034482758620689655, 0.034482758620689655, 0.0, 0.0, 0.0, 1.0
num,SIMPLE_NAME, line no: 19,java,SIMPLE_NAME, 0.034482758620689655, 0.034482758620689655, 0.0, 0.0, 0.0, 1.0
num,SIMPLE_NAME, line no: 19,util,SIMPLE_NAME, 0.034482758620689655, 0.034482758620689655, 0.0, 0.0, 0.0, 1.0
num,SIMPLE_NAME, line no: 19,TO_BASE,SIMPLE_NAME, 0.034482758620689655, 0.034482758620689655, 0.0, 0.0, 0.0, 1.0
num,SIMPLE_NAME, line no: 19,to_base,SIMPLE_NAME, 0.034482758620689655, 0.034482758620689655, 0.0, 0.0, 0.0, 1.0
b,SIMPLE_NAME, line no: 19,buggy_java_programs,SIMPLE_NAME, 0.034482758620689655, 0.034482758620689655, 0.0, 0.0, 0.0, 1.0
b,SIMPLE_NAME, line no: 19,java,SIMPLE_NAME, 0.034482758620689655, 0.034482758620689655, 0.0, 0.0, 0.0, 1.0
b,SIMPLE_NAME, line no: 19,util,SIMPLE_NAME, 0.034482758620689655, 0.034482758620689655, 0.0, 0.0, 0.0, 1.0
b,SIMPLE_NAME, line no: 19,TO_BASE,SIMPLE_NAME, 0.034482758620689655, 0.034482758620689655, 0.0, 0.0, 0.0, 1.0
b,SIMPLE_NAME, line no: 19,to_base,SIMPLE_NAME, 0.034482758620689655, 0.034482758620689655, 0.0, 0.0, 0.0, 1.0
num,SIMPLE_NAME, line no: 20,buggy_java_programs,SIMPLE_NAME, 0.034482758620689655, 0.034482758620689655, 0.0, 0.0, 0.0, 1.0
num,SIMPLE_NAME, line no: 20,java,SIMPLE_NAME, 0.034482758620689655, 0.034482758620689655, 0.0, 0.0, 0.0, 1.0
num,SIMPLE_NAME, line no: 20,util,SIMPLE_NAME, 0.034482758620689655, 0.034482758620689655, 0.0, 0.0, 0.0, 1.0
num,SIMPLE_NAME, line no: 20,TO_BASE,SIMPLE_NAME, 0.034482758620689655, 0.034482758620689655, 0.0, 0.0, 0.0, 1.0
num,SIMPLE_NAME, line no: 20,to_base,SIMPLE_NAME, 0.034482758620689655, 0.034482758620689655, 0.0, 0.0, 0.0, 1.0
b,SIMPLE_NAME, line no: 20,buggy_java_programs,SIMPLE_NAME, 0.034482758620689655, 0.034482758620689655, 0.0, 0.0, 0.0, 1.0
b,SIMPLE_NAME, line no: 20,java,SIMPLE_NAME, 0.034482758620689655, 0.034482758620689655, 0.0, 0.0, 0.0, 1.0
b,SIMPLE_NAME, line no: 20,util,SIMPLE_NAME, 0.034482758620689655, 0.034482758620689655, 0.0, 0.0, 0.0, 1.0
b,SIMPLE_NAME, line no: 20,TO_BASE,SIMPLE_NAME, 0.034482758620689655, 0.034482758620689655, 0.0, 0.0, 0.0, 1.0
b,SIMPLE_NAME, line no: 20,to_base,SIMPLE_NAME, 0.034482758620689655, 0.034482758620689655, 0.0, 0.0, 0.0, 1.0
result,SIMPLE_NAME, line no: 21,buggy_java_programs,SIMPLE_NAME, 0.034482758620689655, 0.034482758620689655, 0.0, 0.0, 0.0, 1.0
result,SIMPLE_NAME, line no: 21,java,SIMPLE_NAME, 0.034482758620689655, 0.034482758620689655, 0.0, 0.0, 0.0, 1.0
result,SIMPLE_NAME, line no: 21,util,SIMPLE_NAME, 0.034482758620689655, 0.034482758620689655, 0.0, 0.0, 0.0, 1.0
result,SIMPLE_NAME, line no: 21,TO_BASE,SIMPLE_NAME, 0.034482758620689655, 0.034482758620689655, 0.0, 0.0, 0.0, 1.0
String.valueOf(alphabet.charAt(i)),METHOD_INVOCATION, line no: 21,buggy_java_programs,SIMPLE_NAME, 0.034482758620689655, 0.034482758620689655, 0.0, 0.0, 0.0, 1.0
String.valueOf(alphabet.charAt(i)),METHOD_INVOCATION, line no: 21,java,SIMPLE_NAME, 0.034482758620689655, 0.034482758620689655, 0.0, 0.0, 0.0, 1.0
String.valueOf(alphabet.charAt(i)),METHOD_INVOCATION, line no: 21,util,SIMPLE_NAME, 0.034482758620689655, 0.034482758620689655, 0.0, 0.0, 0.0, 1.0
String.valueOf(alphabet.charAt(i)),METHOD_INVOCATION, line no: 21,TO_BASE,SIMPLE_NAME, 0.034482758620689655, 0.034482758620689655, 0.0, 0.0, 0.0, 1.0
String,SIMPLE_NAME, line no: 21,buggy_java_programs,SIMPLE_NAME, 0.03333333333333333, 0.03333333333333333, 0.0, 0.0, 0.0, 1.0
String,SIMPLE_NAME, line no: 21,java,SIMPLE_NAME, 0.03333333333333333, 0.03333333333333333, 0.0, 0.0, 0.0, 1.0
String,SIMPLE_NAME, line no: 21,util,SIMPLE_NAME, 0.03333333333333333, 0.03333333333333333, 0.0, 0.0, 0.0, 1.0
String,SIMPLE_NAME, line no: 21,TO_BASE,SIMPLE_NAME, 0.03333333333333333, 0.03333333333333333, 0.0, 0.0, 0.0, 1.0
valueOf,SIMPLE_NAME, line no: 21,buggy_java_programs,SIMPLE_NAME, 0.03333333333333333, 0.03333333333333333, 0.0, 0.0, 0.0, 1.0
valueOf,SIMPLE_NAME, line no: 21,java,SIMPLE_NAME, 0.03333333333333333, 0.03333333333333333, 0.0, 0.0, 0.0, 1.0
valueOf,SIMPLE_NAME, line no: 21,util,SIMPLE_NAME, 0.03333333333333333, 0.03333333333333333, 0.0, 0.0, 0.0, 1.0
valueOf,SIMPLE_NAME, line no: 21,TO_BASE,SIMPLE_NAME, 0.03333333333333333, 0.03333333333333333, 0.0, 0.0, 0.0, 1.0
alphabet.charAt(i),METHOD_INVOCATION, line no: 21,buggy_java_programs,SIMPLE_NAME, 0.03333333333333333, 0.03333333333333333, 0.0, 0.0, 0.0, 1.0
alphabet.charAt(i),METHOD_INVOCATION, line no: 21,java,SIMPLE_NAME, 0.03333333333333333, 0.03333333333333333, 0.0, 0.0, 0.0, 1.0
alphabet.charAt(i),METHOD_INVOCATION, line no: 21,util,SIMPLE_NAME, 0.03333333333333333, 0.03333333333333333, 0.0, 0.0, 0.0, 1.0
alphabet.charAt(i),METHOD_INVOCATION, line no: 21,TO_BASE,SIMPLE_NAME, 0.03333333333333333, 0.03333333333333333, 0.0, 0.0, 0.0, 1.0
alphabet.charAt(i),METHOD_INVOCATION, line no: 21,to_base,SIMPLE_NAME, 0.03333333333333333, 0.03333333333333333, 0.0, 0.0, 0.0, 1.0
alphabet,SIMPLE_NAME, line no: 21,buggy_java_programs,SIMPLE_NAME, 0.03225806451612903, 0.03225806451612903, 0.0, 0.0, 0.0, 1.0
alphabet,SIMPLE_NAME, line no: 21,java,SIMPLE_NAME, 0.03225806451612903, 0.03225806451612903, 0.0, 0.0, 0.0, 1.0
alphabet,SIMPLE_NAME, line no: 21,util,SIMPLE_NAME, 0.03225806451612903, 0.03225806451612903, 0.0, 0.0, 0.0, 1.0
alphabet,SIMPLE_NAME, line no: 21,TO_BASE,SIMPLE_NAME, 0.03225806451612903, 0.03225806451612903, 0.0, 0.0, 0.0, 1.0
charAt,SIMPLE_NAME, line no: 21,buggy_java_programs,SIMPLE_NAME, 0.03225806451612903, 0.03225806451612903, 0.0, 0.0, 0.0, 1.0
charAt,SIMPLE_NAME, line no: 21,java,SIMPLE_NAME, 0.03225806451612903, 0.03225806451612903, 0.0, 0.0, 0.0, 1.0
charAt,SIMPLE_NAME, line no: 21,util,SIMPLE_NAME, 0.03225806451612903, 0.03225806451612903, 0.0, 0.0, 0.0, 1.0
charAt,SIMPLE_NAME, line no: 21,TO_BASE,SIMPLE_NAME, 0.03225806451612903, 0.03225806451612903, 0.0, 0.0, 0.0, 1.0
charAt,SIMPLE_NAME, line no: 21,to_base,SIMPLE_NAME, 0.03225806451612903, 0.03225806451612903, 0.0, 0.0, 0.0, 1.0
i,SIMPLE_NAME, line no: 21,buggy_java_programs,SIMPLE_NAME, 0.03225806451612903, 0.03225806451612903, 0.0, 0.0, 0.0, 1.0
i,SIMPLE_NAME, line no: 21,java,SIMPLE_NAME, 0.03225806451612903, 0.03225806451612903, 0.0, 0.0, 0.0, 1.0
i,SIMPLE_NAME, line no: 21,util,SIMPLE_NAME, 0.03225806451612903, 0.03225806451612903, 0.0, 0.0, 0.0, 1.0
i,SIMPLE_NAME, line no: 21,TO_BASE,SIMPLE_NAME, 0.03225806451612903, 0.03225806451612903, 0.0, 0.0, 0.0, 1.0
i,SIMPLE_NAME, line no: 21,to_base,SIMPLE_NAME, 0.03225806451612903, 0.03225806451612903, 0.0, 0.0, 0.0, 1.0
num > 0,INFIX_EXPRESSION, line no: 18,buggy_java_programs,SIMPLE_NAME, 0.023809523809523808, 0.023809523809523808, 0.0, 0.0, 0.0, 1.0
num > 0,INFIX_EXPRESSION, line no: 18,java,SIMPLE_NAME, 0.023809523809523808, 0.023809523809523808, 0.0, 0.0, 0.0, 1.0
num > 0,INFIX_EXPRESSION, line no: 18,util,SIMPLE_NAME, 0.023809523809523808, 0.023809523809523808, 0.0, 0.0, 0.0, 1.0
num > 0,INFIX_EXPRESSION, line no: 18,TO_BASE,SIMPLE_NAME, 0.023809523809523808, 0.023809523809523808, 0.0, 0.0, 0.0, 1.0
num > 0,INFIX_EXPRESSION, line no: 18,to_base,SIMPLE_NAME, 0.023809523809523808, 0.023809523809523808, 0.0, 0.0, 0.0, 1.0
result,SIMPLE_NAME, line no: 24,buggy_java_programs,SIMPLE_NAME, 0.023809523809523808, 0.023809523809523808, 0.0, 0.0, 0.0, 1.0
result,SIMPLE_NAME, line no: 24,java,SIMPLE_NAME, 0.023809523809523808, 0.023809523809523808, 0.0, 0.0, 0.0, 1.0
result,SIMPLE_NAME, line no: 24,util,SIMPLE_NAME, 0.023809523809523808, 0.023809523809523808, 0.0, 0.0, 0.0, 1.0
result,SIMPLE_NAME, line no: 24,TO_BASE,SIMPLE_NAME, 0.023809523809523808, 0.023809523809523808, 0.0, 0.0, 0.0, 1.0
String,SIMPLE_NAME, line no: 15,buggy_java_programs,SIMPLE_NAME, 0.023255813953488372, 0.023255813953488372, 0.0, 0.0, 0.0, 1.0
String,SIMPLE_NAME, line no: 15,java,SIMPLE_NAME, 0.023255813953488372, 0.023255813953488372, 0.0, 0.0, 0.0, 1.0
String,SIMPLE_NAME, line no: 15,util,SIMPLE_NAME, 0.023255813953488372, 0.023255813953488372, 0.0, 0.0, 0.0, 1.0
String,SIMPLE_NAME, line no: 15,TO_BASE,SIMPLE_NAME, 0.023255813953488372, 0.023255813953488372, 0.0, 0.0, 0.0, 1.0
result,SIMPLE_NAME, line no: 15,buggy_java_programs,SIMPLE_NAME, 0.023255813953488372, 0.023255813953488372, 0.0, 0.0, 0.0, 1.0
result,SIMPLE_NAME, line no: 15,java,SIMPLE_NAME, 0.023255813953488372, 0.023255813953488372, 0.0, 0.0, 0.0, 1.0
result,SIMPLE_NAME, line no: 15,util,SIMPLE_NAME, 0.023255813953488372, 0.023255813953488372, 0.0, 0.0, 0.0, 1.0
result,SIMPLE_NAME, line no: 15,TO_BASE,SIMPLE_NAME, 0.023255813953488372, 0.023255813953488372, 0.0, 0.0, 0.0, 1.0
"",STRING_LITERAL, line no: 15,buggy_java_programs,SIMPLE_NAME, 0.023255813953488372, 0.023255813953488372, 0.0, 0.0, 0.0, 1.0
"",STRING_LITERAL, line no: 15,java,SIMPLE_NAME, 0.023255813953488372, 0.023255813953488372, 0.0, 0.0, 0.0, 1.0
"",STRING_LITERAL, line no: 15,util,SIMPLE_NAME, 0.023255813953488372, 0.023255813953488372, 0.0, 0.0, 0.0, 1.0
"",STRING_LITERAL, line no: 15,TO_BASE,SIMPLE_NAME, 0.023255813953488372, 0.023255813953488372, 0.0, 0.0, 0.0, 1.0
String,SIMPLE_NAME, line no: 16,buggy_java_programs,SIMPLE_NAME, 0.023255813953488372, 0.023255813953488372, 0.0, 0.0, 0.0, 1.0
String,SIMPLE_NAME, line no: 16,java,SIMPLE_NAME, 0.023255813953488372, 0.023255813953488372, 0.0, 0.0, 0.0, 1.0
String,SIMPLE_NAME, line no: 16,util,SIMPLE_NAME, 0.023255813953488372, 0.023255813953488372, 0.0, 0.0, 0.0, 1.0
String,SIMPLE_NAME, line no: 16,TO_BASE,SIMPLE_NAME, 0.023255813953488372, 0.023255813953488372, 0.0, 0.0, 0.0, 1.0
alphabet,SIMPLE_NAME, line no: 16,buggy_java_programs,SIMPLE_NAME, 0.023255813953488372, 0.023255813953488372, 0.0, 0.0, 0.0, 1.0
alphabet,SIMPLE_NAME, line no: 16,java,SIMPLE_NAME, 0.023255813953488372, 0.023255813953488372, 0.0, 0.0, 0.0, 1.0
alphabet,SIMPLE_NAME, line no: 16,util,SIMPLE_NAME, 0.023255813953488372, 0.023255813953488372, 0.0, 0.0, 0.0, 1.0
alphabet,SIMPLE_NAME, line no: 16,TO_BASE,SIMPLE_NAME, 0.023255813953488372, 0.023255813953488372, 0.0, 0.0, 0.0, 1.0
"0123456789ABCDEFGHIJKLMNOPQRSTUVWXYZ",STRING_LITERAL, line no: 16,buggy_java_programs,SIMPLE_NAME, 0.023255813953488372, 0.023255813953488372, 0.0, 0.0, 0.0, 1.0
"0123456789ABCDEFGHIJKLMNOPQRSTUVWXYZ",STRING_LITERAL, line no: 16,java,SIMPLE_NAME, 0.023255813953488372, 0.023255813953488372, 0.0, 0.0, 0.0, 1.0
"0123456789ABCDEFGHIJKLMNOPQRSTUVWXYZ",STRING_LITERAL, line no: 16,util,SIMPLE_NAME, 0.023255813953488372, 0.023255813953488372, 0.0, 0.0, 0.0, 1.0
"0123456789ABCDEFGHIJKLMNOPQRSTUVWXYZ",STRING_LITERAL, line no: 16,TO_BASE,SIMPLE_NAME, 0.023255813953488372, 0.023255813953488372, 0.0, 0.0, 0.0, 1.0
num,SIMPLE_NAME, line no: 18,buggy_java_programs,SIMPLE_NAME, 0.023255813953488372, 0.023255813953488372, 0.0, 0.0, 0.0, 1.0
num,SIMPLE_NAME, line no: 18,java,SIMPLE_NAME, 0.023255813953488372, 0.023255813953488372, 0.0, 0.0, 0.0, 1.0
num,SIMPLE_NAME, line no: 18,util,SIMPLE_NAME, 0.023255813953488372, 0.023255813953488372, 0.0, 0.0, 0.0, 1.0
num,SIMPLE_NAME, line no: 18,TO_BASE,SIMPLE_NAME, 0.023255813953488372, 0.023255813953488372, 0.0, 0.0, 0.0, 1.0
num,SIMPLE_NAME, line no: 18,to_base,SIMPLE_NAME, 0.023255813953488372, 0.023255813953488372, 0.0, 0.0, 0.0, 1.0
0,NUMBER_LITERAL, line no: 18,buggy_java_programs,SIMPLE_NAME, 0.023255813953488372, 0.023255813953488372, 0.0, 0.0, 0.0, 1.0
0,NUMBER_LITERAL, line no: 18,java,SIMPLE_NAME, 0.023255813953488372, 0.023255813953488372, 0.0, 0.0, 0.0, 1.0
0,NUMBER_LITERAL, line no: 18,util,SIMPLE_NAME, 0.023255813953488372, 0.023255813953488372, 0.0, 0.0, 0.0, 1.0
0,NUMBER_LITERAL, line no: 18,TO_BASE,SIMPLE_NAME, 0.023255813953488372, 0.023255813953488372, 0.0, 0.0, 0.0, 1.0
0,NUMBER_LITERAL, line no: 18,to_base,SIMPLE_NAME, 0.023255813953488372, 0.023255813953488372, 0.0, 0.0, 0.0, 1.0
String,SIMPLE_NAME, line no: 15,java.util,QUALIFIED_NAME, 0.0, 0.0, 0.0, 0.0, 0.0, 1.0
result,SIMPLE_NAME, line no: 15,java.util,QUALIFIED_NAME, 0.0, 0.0, 0.0, 0.0, 0.0, 1.0
"",STRING_LITERAL, line no: 15,java.util,QUALIFIED_NAME, 0.0, 0.0, 0.0, 0.0, 0.0, 1.0
String,SIMPLE_NAME, line no: 16,java.util,QUALIFIED_NAME, 0.0, 0.0, 0.0, 0.0, 0.0, 1.0
alphabet,SIMPLE_NAME, line no: 16,java.util,QUALIFIED_NAME, 0.0, 0.0, 0.0, 0.0, 0.0, 1.0
"0123456789ABCDEFGHIJKLMNOPQRSTUVWXYZ",STRING_LITERAL, line no: 16,java.util,QUALIFIED_NAME, 0.0, 0.0, 0.0, 0.0, 0.0, 1.0
num > 0,INFIX_EXPRESSION, line no: 18,java.util,QUALIFIED_NAME, 0.0, 0.0, 0.0, 0.0, 0.0, 1.0
num,SIMPLE_NAME, line no: 18,java.util,QUALIFIED_NAME, 0.0, 0.0, 0.0, 0.0, 0.0, 1.0
0,NUMBER_LITERAL, line no: 18,java.util,QUALIFIED_NAME, 0.0, 0.0, 0.0, 0.0, 0.0, 1.0
i=num % b,ASSIGNMENT, line no: 19,java.util,QUALIFIED_NAME, 0.0, 0.0, 0.0, 0.0, 0.0, 1.0
i,SIMPLE_NAME, line no: 19,java.util,QUALIFIED_NAME, 0.0, 0.0, 0.0, 0.0, 0.0, 1.0
num % b,INFIX_EXPRESSION, line no: 19,java.util,QUALIFIED_NAME, 0.0, 0.0, 0.0, 0.0, 0.0, 1.0
num,SIMPLE_NAME, line no: 19,java.util,QUALIFIED_NAME, 0.0, 0.0, 0.0, 0.0, 0.0, 1.0
b,SIMPLE_NAME, line no: 19,java.util,QUALIFIED_NAME, 0.0, 0.0, 0.0, 0.0, 0.0, 1.0
num=num / b,ASSIGNMENT, line no: 20,java.util,QUALIFIED_NAME, 0.0, 0.0, 0.0, 0.0, 0.0, 1.0
num,SIMPLE_NAME, line no: 20,java.util,QUALIFIED_NAME, 0.0, 0.0, 0.0, 0.0, 0.0, 1.0
num / b,INFIX_EXPRESSION, line no: 20,java.util,QUALIFIED_NAME, 0.0, 0.0, 0.0, 0.0, 0.0, 1.0
num,SIMPLE_NAME, line no: 20,java.util,QUALIFIED_NAME, 0.0, 0.0, 0.0, 0.0, 0.0, 1.0
b,SIMPLE_NAME, line no: 20,java.util,QUALIFIED_NAME, 0.0, 0.0, 0.0, 0.0, 0.0, 1.0
result=result + String.valueOf(alphabet.charAt(i)),ASSIGNMENT, line no: 21,java.util,QUALIFIED_NAME, 0.0, 0.0, 0.0, 0.0, 0.0, 1.0
result,SIMPLE_NAME, line no: 21,java.util,QUALIFIED_NAME, 0.0, 0.0, 0.0, 0.0, 0.0, 1.0
result + String.valueOf(alphabet.charAt(i)),INFIX_EXPRESSION, line no: 21,java.util,QUALIFIED_NAME, 0.0, 0.0, 0.0, 0.0, 0.0, 1.0
result,SIMPLE_NAME, line no: 21,java.util,QUALIFIED_NAME, 0.0, 0.0, 0.0, 0.0, 0.0, 1.0
String.valueOf(alphabet.charAt(i)),METHOD_INVOCATION, line no: 21,java.util,QUALIFIED_NAME, 0.0, 0.0, 0.0, 0.0, 0.0, 1.0
String,SIMPLE_NAME, line no: 21,java.util,QUALIFIED_NAME, 0.0, 0.0, 0.0, 0.0, 0.0, 1.0
valueOf,SIMPLE_NAME, line no: 21,java.util,QUALIFIED_NAME, 0.0, 0.0, 0.0, 0.0, 0.0, 1.0
alphabet.charAt(i),METHOD_INVOCATION, line no: 21,java.util,QUALIFIED_NAME, 0.0, 0.0, 0.0, 0.0, 0.0, 1.0
alphabet,SIMPLE_NAME, line no: 21,java.util,QUALIFIED_NAME, 0.0, 0.0, 0.0, 0.0, 0.0, 1.0
charAt,SIMPLE_NAME, line no: 21,java.util,QUALIFIED_NAME, 0.0, 0.0, 0.0, 0.0, 0.0, 1.0
i,SIMPLE_NAME, line no: 21,java.util,QUALIFIED_NAME, 0.0, 0.0, 0.0, 0.0, 0.0, 1.0
result,SIMPLE_NAME, line no: 24,java.util,QUALIFIED_NAME, 0.0, 0.0, 0.0, 0.0, 0.0, 1.0
