result=result + String.valueOf(alphabet.charAt(i)),ASSIGNMENT, line no: 21,result + String.valueOf(alphabet.charAt(i)),INFIX_EXPRESSION, 2.86, 1.0, 1.0, 0.86, 0.0, 1.0
num % b,INFIX_EXPRESSION, line no: 19,num / b,INFIX_EXPRESSION, 2.857142857142857, 1.0, 1.0, 0.8571428571428571, 0.0, 1.0
num / b,INFIX_EXPRESSION, line no: 20,num % b,INFIX_EXPRESSION, 2.857142857142857, 1.0, 1.0, 0.8571428571428571, 0.0, 1.0
result + String.valueOf(alphabet.charAt(i)),INFIX_EXPRESSION, line no: 21,result=result + String.valueOf(alphabet.charAt(i)),ASSIGNMENT, 2.8242857142857143, 0.9642857142857143, 1.0, 0.86, 0.0, 1.0
num=num / b,ASSIGNMENT, line no: 20,num / b,INFIX_EXPRESSION, 2.6363636363636362, 1.0, 1.0, 0.6363636363636364, 0.0, 1.0
num / b,INFIX_EXPRESSION, line no: 20,num=num / b,ASSIGNMENT, 2.6006493506493507, 0.9642857142857143, 1.0, 0.6363636363636364, 0.0, 1.0
num=num / b,ASSIGNMENT, line no: 20,num % b,INFIX_EXPRESSION, 2.5454545454545454, 1.0, 1.0, 0.5454545454545454, 0.0, 1.0
String.valueOf(alphabet.charAt(i)),METHOD_INVOCATION, line no: 21,alphabet.charAt(i),METHOD_INVOCATION, 2.5294117647058822, 1.0, 1.0, 0.5294117647058824, 0.0, 1.0
num % b,INFIX_EXPRESSION, line no: 19,num=num / b,ASSIGNMENT, 2.50974025974026, 0.9642857142857143, 1.0, 0.5454545454545454, 0.0, 1.0
alphabet.charAt(i),METHOD_INVOCATION, line no: 21,String.valueOf(alphabet.charAt(i)),METHOD_INVOCATION, 2.496078431372549, 0.9666666666666667, 1.0, 0.5294117647058824, 0.0, 1.0
result + String.valueOf(alphabet.charAt(i)),INFIX_EXPRESSION, line no: 21,String.valueOf(alphabet.charAt(i)),METHOD_INVOCATION, 2.4573643410852712, 1.0, 0.6666666666666666, 0.7906976744186046, 0.0, 1.0
i=num % b,ASSIGNMENT, line no: 19,num % b,INFIX_EXPRESSION, 2.444444444444444, 1.0, 0.6666666666666666, 0.7777777777777778, 0.0, 1.0
num % b,INFIX_EXPRESSION, line no: 19,num,SIMPLE_NAME, 2.4285714285714284, 1.0, 1.0, 0.42857142857142855, 0.0, 1.0
num / b,INFIX_EXPRESSION, line no: 20,num,SIMPLE_NAME, 2.4285714285714284, 1.0, 1.0, 0.42857142857142855, 0.0, 1.0
String.valueOf(alphabet.charAt(i)),METHOD_INVOCATION, line no: 21,result + String.valueOf(alphabet.charAt(i)),INFIX_EXPRESSION, 2.4228815824645817, 0.9655172413793104, 0.6666666666666666, 0.7906976744186046, 0.0, 1.0
num % b,INFIX_EXPRESSION, line no: 19,i=num % b,ASSIGNMENT, 2.4087301587301586, 0.9642857142857143, 0.6666666666666666, 0.7777777777777778, 0.0, 1.0
num,SIMPLE_NAME, line no: 19,num % b,INFIX_EXPRESSION, 2.394088669950739, 0.9655172413793104, 1.0, 0.42857142857142855, 0.0, 1.0
num,SIMPLE_NAME, line no: 19,num / b,INFIX_EXPRESSION, 2.394088669950739, 0.9655172413793104, 1.0, 0.42857142857142855, 0.0, 1.0
num,SIMPLE_NAME, line no: 20,num % b,INFIX_EXPRESSION, 2.394088669950739, 0.9655172413793104, 1.0, 0.42857142857142855, 0.0, 1.0
num,SIMPLE_NAME, line no: 20,num / b,INFIX_EXPRESSION, 2.394088669950739, 0.9655172413793104, 1.0, 0.42857142857142855, 0.0, 1.0
num,SIMPLE_NAME, line no: 20,num % b,INFIX_EXPRESSION, 2.392857142857143, 0.9642857142857143, 1.0, 0.42857142857142855, 0.0, 1.0
num,SIMPLE_NAME, line no: 20,num / b,INFIX_EXPRESSION, 2.392857142857143, 0.9642857142857143, 1.0, 0.42857142857142855, 0.0, 1.0
valueOf,SIMPLE_NAME, line no: 21,alphabet,SIMPLE_NAME, 2.375, 1.0, 1.0, 0.375, 0.0, 1.0
result=result + String.valueOf(alphabet.charAt(i)),ASSIGNMENT, line no: 21,String.valueOf(alphabet.charAt(i)),METHOD_INVOCATION, 2.3466666666666667, 1.0, 0.6666666666666666, 0.68, 0.0, 1.0
alphabet,SIMPLE_NAME, line no: 21,valueOf,SIMPLE_NAME, 2.342741935483871, 0.967741935483871, 1.0, 0.375, 0.0, 1.0
i=num % b,ASSIGNMENT, line no: 19,num,SIMPLE_NAME, 2.3333333333333335, 1.0, 1.0, 0.3333333333333333, 0.0, 1.0
alphabet.charAt(i),METHOD_INVOCATION, line no: 21,charAt,SIMPLE_NAME, 2.3333333333333335, 1.0, 1.0, 0.3333333333333333, 0.0, 1.0
i=num % b,ASSIGNMENT, line no: 19,num / b,INFIX_EXPRESSION, 2.333333333333333, 1.0, 0.6666666666666666, 0.6666666666666666, 0.0, 1.0
i=num % b,ASSIGNMENT, line no: 19,num=num / b,ASSIGNMENT, 2.3030303030303028, 1.0, 0.6666666666666666, 0.6363636363636364, 0.0, 1.0
num=num / b,ASSIGNMENT, line no: 20,i=num % b,ASSIGNMENT, 2.3030303030303028, 1.0, 0.6666666666666666, 0.6363636363636364, 0.0, 1.0
charAt,SIMPLE_NAME, line no: 21,alphabet.charAt(i),METHOD_INVOCATION, 2.3010752688172045, 0.967741935483871, 1.0, 0.3333333333333333, 0.0, 1.0
num,SIMPLE_NAME, line no: 20,i=num % b,ASSIGNMENT, 2.297619047619048, 0.9642857142857143, 1.0, 0.3333333333333333, 0.0, 1.0
num / b,INFIX_EXPRESSION, line no: 20,i=num % b,ASSIGNMENT, 2.2976190476190474, 0.9642857142857143, 0.6666666666666666, 0.6666666666666666, 0.0, 1.0
String.valueOf(alphabet.charAt(i)),METHOD_INVOCATION, line no: 21,result=result + String.valueOf(alphabet.charAt(i)),ASSIGNMENT, 2.2777011494252872, 0.9310344827586207, 0.6666666666666666, 0.68, 0.0, 1.0
num=num / b,ASSIGNMENT, line no: 20,num,SIMPLE_NAME, 2.2727272727272725, 1.0, 1.0, 0.2727272727272727, 0.0, 1.0
num,SIMPLE_NAME, line no: 19,i=num % b,ASSIGNMENT, 2.264367816091954, 0.9310344827586207, 1.0, 0.3333333333333333, 0.0, 1.0
num,SIMPLE_NAME, line no: 20,i=num % b,ASSIGNMENT, 2.264367816091954, 0.9310344827586207, 1.0, 0.3333333333333333, 0.0, 1.0
result,SIMPLE_NAME, line no: 15,alphabet,SIMPLE_NAME, 2.25, 1.0, 1.0, 0.25, 0.0, 1.0
alphabet,SIMPLE_NAME, line no: 16,result,SIMPLE_NAME, 2.25, 1.0, 1.0, 0.25, 0.0, 1.0
result,SIMPLE_NAME, line no: 21,alphabet,SIMPLE_NAME, 2.25, 1.0, 1.0, 0.25, 0.0, 1.0
result,SIMPLE_NAME, line no: 21,alphabet,SIMPLE_NAME, 2.25, 1.0, 1.0, 0.25, 0.0, 1.0
num,SIMPLE_NAME, line no: 20,num=num / b,ASSIGNMENT, 2.237012987012987, 0.9642857142857143, 1.0, 0.2727272727272727, 0.0, 1.0
String.valueOf(alphabet.charAt(i)),METHOD_INVOCATION, line no: 21,alphabet,SIMPLE_NAME, 2.235294117647059, 1.0, 1.0, 0.23529411764705882, 0.0, 1.0
result,SIMPLE_NAME, line no: 24,alphabet,SIMPLE_NAME, 2.2261904761904763, 0.9761904761904762, 1.0, 0.25, 0.0, 1.0
String.valueOf(alphabet.charAt(i)),METHOD_INVOCATION, line no: 21,valueOf,SIMPLE_NAME, 2.2058823529411766, 1.0, 1.0, 0.20588235294117646, 0.0, 1.0
num,SIMPLE_NAME, line no: 19,num=num / b,ASSIGNMENT, 2.2037617554858935, 0.9310344827586207, 1.0, 0.2727272727272727, 0.0, 1.0
num,SIMPLE_NAME, line no: 20,num=num / b,ASSIGNMENT, 2.2037617554858935, 0.9310344827586207, 1.0, 0.2727272727272727, 0.0, 1.0
result + String.valueOf(alphabet.charAt(i)),INFIX_EXPRESSION, line no: 21,alphabet,SIMPLE_NAME, 2.186046511627907, 1.0, 1.0, 0.18604651162790697, 0.0, 1.0
alphabet,SIMPLE_NAME, line no: 21,result,SIMPLE_NAME, 2.185483870967742, 0.9354838709677419, 1.0, 0.25, 0.0, 1.0
String.valueOf(alphabet.charAt(i)),METHOD_INVOCATION, line no: 21,String,SIMPLE_NAME, 2.176470588235294, 1.0, 1.0, 0.17647058823529413, 0.0, 1.0
valueOf,SIMPLE_NAME, line no: 21,String.valueOf(alphabet.charAt(i)),METHOD_INVOCATION, 2.1725490196078434, 0.9666666666666667, 1.0, 0.20588235294117646, 0.0, 1.0
alphabet,SIMPLE_NAME, line no: 21,String.valueOf(alphabet.charAt(i)),METHOD_INVOCATION, 2.170777988614801, 0.9354838709677419, 1.0, 0.23529411764705882, 0.0, 1.0
result,SIMPLE_NAME, line no: 21,String,SIMPLE_NAME, 2.1666666666666665, 1.0, 1.0, 0.16666666666666666, 0.0, 1.0
result,SIMPLE_NAME, line no: 21,String,SIMPLE_NAME, 2.1666666666666665, 1.0, 1.0, 0.16666666666666666, 0.0, 1.0
result + String.valueOf(alphabet.charAt(i)),INFIX_EXPRESSION, line no: 21,valueOf,SIMPLE_NAME, 2.1627906976744184, 1.0, 1.0, 0.16279069767441862, 0.0, 1.0
result=result + String.valueOf(alphabet.charAt(i)),ASSIGNMENT, line no: 21,alphabet,SIMPLE_NAME, 2.16, 1.0, 1.0, 0.16, 0.0, 1.0
String,SIMPLE_NAME, line no: 15,result,SIMPLE_NAME, 2.143410852713178, 0.9767441860465116, 1.0, 0.16666666666666666, 0.0, 1.0
result,SIMPLE_NAME, line no: 15,String,SIMPLE_NAME, 2.143410852713178, 0.9767441860465116, 1.0, 0.16666666666666666, 0.0, 1.0
String,SIMPLE_NAME, line no: 16,result,SIMPLE_NAME, 2.143410852713178, 0.9767441860465116, 1.0, 0.16666666666666666, 0.0, 1.0
String,SIMPLE_NAME, line no: 21,String.valueOf(alphabet.charAt(i)),METHOD_INVOCATION, 2.1431372549019607, 0.9666666666666667, 1.0, 0.17647058823529413, 0.0, 1.0
num % b,INFIX_EXPRESSION, line no: 19,b,SIMPLE_NAME, 2.142857142857143, 1.0, 1.0, 0.14285714285714285, 0.0, 1.0
num % b,INFIX_EXPRESSION, line no: 19,num > 0,INFIX_EXPRESSION, 2.142857142857143, 0.9285714285714286, 0.5, 0.7142857142857143, 0.0, 1.0
num / b,INFIX_EXPRESSION, line no: 20,b,SIMPLE_NAME, 2.142857142857143, 1.0, 1.0, 0.14285714285714285, 0.0, 1.0
num / b,INFIX_EXPRESSION, line no: 20,num > 0,INFIX_EXPRESSION, 2.142857142857143, 0.9285714285714286, 0.5, 0.7142857142857143, 0.0, 1.0
result,SIMPLE_NAME, line no: 21,valueOf,SIMPLE_NAME, 2.142857142857143, 1.0, 1.0, 0.14285714285714285, 0.0, 1.0
result,SIMPLE_NAME, line no: 21,valueOf,SIMPLE_NAME, 2.142857142857143, 1.0, 1.0, 0.14285714285714285, 0.0, 1.0
result,SIMPLE_NAME, line no: 24,String,SIMPLE_NAME, 2.142857142857143, 0.9761904761904762, 1.0, 0.16666666666666666, 0.0, 1.0
result=result + String.valueOf(alphabet.charAt(i)),ASSIGNMENT, line no: 21,valueOf,SIMPLE_NAME, 2.14, 1.0, 1.0, 0.14, 0.0, 1.0
result + String.valueOf(alphabet.charAt(i)),INFIX_EXPRESSION, line no: 21,String,SIMPLE_NAME, 2.13953488372093, 1.0, 1.0, 0.13953488372093023, 0.0, 1.0
result + String.valueOf(alphabet.charAt(i)),INFIX_EXPRESSION, line no: 21,result,SIMPLE_NAME, 2.13953488372093, 1.0, 1.0, 0.13953488372093023, 0.0, 1.0
String,SIMPLE_NAME, line no: 21,result,SIMPLE_NAME, 2.1333333333333333, 0.9666666666666667, 1.0, 0.16666666666666666, 0.0, 1.0
String,SIMPLE_NAME, line no: 21,alphabet,SIMPLE_NAME, 2.125, 1.0, 1.0, 0.125, 0.0, 1.0
result=result + String.valueOf(alphabet.charAt(i)),ASSIGNMENT, line no: 21,String,SIMPLE_NAME, 2.12, 1.0, 1.0, 0.12, 0.0, 1.0
result=result + String.valueOf(alphabet.charAt(i)),ASSIGNMENT, line no: 21,result,SIMPLE_NAME, 2.12, 1.0, 1.0, 0.12, 0.0, 1.0
i=num % b,ASSIGNMENT, line no: 19,b,SIMPLE_NAME, 2.111111111111111, 1.0, 1.0, 0.1111111111111111, 0.0, 1.0
i=num % b,ASSIGNMENT, line no: 19,i,SIMPLE_NAME, 2.111111111111111, 1.0, 1.0, 0.1111111111111111, 0.0, 1.0
valueOf,SIMPLE_NAME, line no: 21,result,SIMPLE_NAME, 2.1095238095238096, 0.9666666666666667, 1.0, 0.14285714285714285, 0.0, 1.0
b,SIMPLE_NAME, line no: 19,num % b,INFIX_EXPRESSION, 2.1083743842364533, 0.9655172413793104, 1.0, 0.14285714285714285, 0.0, 1.0
b,SIMPLE_NAME, line no: 19,num / b,INFIX_EXPRESSION, 2.1083743842364533, 0.9655172413793104, 1.0, 0.14285714285714285, 0.0, 1.0
b,SIMPLE_NAME, line no: 20,num % b,INFIX_EXPRESSION, 2.1083743842364533, 0.9655172413793104, 1.0, 0.14285714285714285, 0.0, 1.0
b,SIMPLE_NAME, line no: 20,num / b,INFIX_EXPRESSION, 2.1083743842364533, 0.9655172413793104, 1.0, 0.14285714285714285, 0.0, 1.0
result,SIMPLE_NAME, line no: 21,result + String.valueOf(alphabet.charAt(i)),INFIX_EXPRESSION, 2.1050521251002405, 0.9655172413793104, 1.0, 0.13953488372093023, 0.0, 1.0
result,SIMPLE_NAME, line no: 21,result + String.valueOf(alphabet.charAt(i)),INFIX_EXPRESSION, 2.1038205980066444, 0.9642857142857143, 1.0, 0.13953488372093023, 0.0, 1.0
String,SIMPLE_NAME, line no: 15,alphabet,SIMPLE_NAME, 2.1017441860465116, 0.9767441860465116, 1.0, 0.125, 0.0, 1.0
String,SIMPLE_NAME, line no: 16,alphabet,SIMPLE_NAME, 2.1017441860465116, 0.9767441860465116, 1.0, 0.125, 0.0, 1.0
alphabet,SIMPLE_NAME, line no: 16,String,SIMPLE_NAME, 2.1017441860465116, 0.9767441860465116, 1.0, 0.125, 0.0, 1.0
valueOf,SIMPLE_NAME, line no: 21,result + String.valueOf(alphabet.charAt(i)),INFIX_EXPRESSION, 2.096124031007752, 0.9333333333333333, 1.0, 0.16279069767441862, 0.0, 1.0
alphabet,SIMPLE_NAME, line no: 21,String,SIMPLE_NAME, 2.092741935483871, 0.967741935483871, 1.0, 0.125, 0.0, 1.0
num=num / b,ASSIGNMENT, line no: 20,b,SIMPLE_NAME, 2.090909090909091, 1.0, 1.0, 0.09090909090909091, 0.0, 1.0
alphabet,SIMPLE_NAME, line no: 21,result + String.valueOf(alphabet.charAt(i)),INFIX_EXPRESSION, 2.08927231807952, 0.9032258064516129, 1.0, 0.18604651162790697, 0.0, 1.0
result + String.valueOf(alphabet.charAt(i)),INFIX_EXPRESSION, line no: 21,alphabet.charAt(i),METHOD_INVOCATION, 2.085271317829457, 1.0, 0.6666666666666666, 0.4186046511627907, 0.0, 1.0
result,SIMPLE_NAME, line no: 21,result=result + String.valueOf(alphabet.charAt(i)),ASSIGNMENT, 2.0842857142857145, 0.9642857142857143, 1.0, 0.12, 0.0, 1.0
result,SIMPLE_NAME, line no: 21,String.valueOf(alphabet.charAt(i)),METHOD_INVOCATION, 2.08316430020284, 0.9655172413793104, 1.0, 0.11764705882352941, 0.0, 1.0
String.valueOf(alphabet.charAt(i)),METHOD_INVOCATION, line no: 21,result,SIMPLE_NAME, 2.08316430020284, 0.9655172413793104, 1.0, 0.11764705882352941, 0.0, 1.0
result,SIMPLE_NAME, line no: 21,String.valueOf(alphabet.charAt(i)),METHOD_INVOCATION, 2.081932773109244, 0.9642857142857143, 1.0, 0.11764705882352941, 0.0, 1.0
i,SIMPLE_NAME, line no: 19,i=num % b,ASSIGNMENT, 2.0753968253968256, 0.9642857142857143, 1.0, 0.1111111111111111, 0.0, 1.0
String,SIMPLE_NAME, line no: 21,result + String.valueOf(alphabet.charAt(i)),INFIX_EXPRESSION, 2.0728682170542636, 0.9333333333333333, 1.0, 0.13953488372093023, 0.0, 1.0
"",STRING_LITERAL, line no: 15,"0123456789ABCDEFGHIJKLMNOPQRSTUVWXYZ",STRING_LITERAL, 2.0526315789473686, 1.0, 1.0, 0.05263157894736842, 0.0, 1.0
"0123456789ABCDEFGHIJKLMNOPQRSTUVWXYZ",STRING_LITERAL, line no: 16,"",STRING_LITERAL, 2.0526315789473686, 1.0, 1.0, 0.05263157894736842, 0.0, 1.0
result,SIMPLE_NAME, line no: 21,result=result + String.valueOf(alphabet.charAt(i)),ASSIGNMENT, 2.0510344827586207, 0.9310344827586207, 1.0, 0.12, 0.0, 1.0
b,SIMPLE_NAME, line no: 19,i=num % b,ASSIGNMENT, 2.0421455938697317, 0.9310344827586207, 1.0, 0.1111111111111111, 0.0, 1.0
b,SIMPLE_NAME, line no: 20,i=num % b,ASSIGNMENT, 2.0421455938697317, 0.9310344827586207, 1.0, 0.1111111111111111, 0.0, 1.0
valueOf,SIMPLE_NAME, line no: 21,result=result + String.valueOf(alphabet.charAt(i)),ASSIGNMENT, 2.04, 0.9, 1.0, 0.14, 0.0, 1.0
num,SIMPLE_NAME, line no: 18,num % b,INFIX_EXPRESSION, 2.0332225913621262, 0.6046511627906976, 1.0, 0.42857142857142855, 0.0, 1.0
num,SIMPLE_NAME, line no: 18,num / b,INFIX_EXPRESSION, 2.0332225913621262, 0.6046511627906976, 1.0, 0.42857142857142855, 0.0, 1.0
alphabet,SIMPLE_NAME, line no: 21,result=result + String.valueOf(alphabet.charAt(i)),ASSIGNMENT, 2.030967741935484, 0.8709677419354839, 1.0, 0.16, 0.0, 1.0
result=result + String.valueOf(alphabet.charAt(i)),ASSIGNMENT, line no: 21,alphabet.charAt(i),METHOD_INVOCATION, 2.0266666666666664, 1.0, 0.6666666666666666, 0.36, 0.0, 1.0
b,SIMPLE_NAME, line no: 19,num=num / b,ASSIGNMENT, 2.0219435736677114, 0.9310344827586207, 1.0, 0.09090909090909091, 0.0, 1.0
b,SIMPLE_NAME, line no: 20,num=num / b,ASSIGNMENT, 2.0219435736677114, 0.9310344827586207, 1.0, 0.09090909090909091, 0.0, 1.0
String,SIMPLE_NAME, line no: 21,result=result + String.valueOf(alphabet.charAt(i)),ASSIGNMENT, 2.02, 0.9, 1.0, 0.12, 0.0, 1.0
alphabet.charAt(i),METHOD_INVOCATION, line no: 21,result + String.valueOf(alphabet.charAt(i)),INFIX_EXPRESSION, 2.0186046511627906, 0.9333333333333333, 0.6666666666666666, 0.4186046511627907, 0.0, 1.0
alphabet,SIMPLE_NAME, line no: 16,valueOf,SIMPLE_NAME, 2.0029069767441863, 0.627906976744186, 1.0, 0.375, 0.0, 1.0
i,SIMPLE_NAME, line no: 19,num,SIMPLE_NAME, 2.0, 1.0, 1.0, 0.0, 0.0, 1.0
i,SIMPLE_NAME, line no: 19,b,SIMPLE_NAME, 2.0, 1.0, 1.0, 0.0, 0.0, 1.0
num % b,INFIX_EXPRESSION, line no: 19,i,SIMPLE_NAME, 2.0, 1.0, 1.0, 0.0, 0.0, 1.0
num,SIMPLE_NAME, line no: 19,b,SIMPLE_NAME, 2.0, 1.0, 1.0, 0.0, 0.0, 1.0
num,SIMPLE_NAME, line no: 19,i,SIMPLE_NAME, 2.0, 1.0, 1.0, 0.0, 0.0, 1.0
b,SIMPLE_NAME, line no: 19,num,SIMPLE_NAME, 2.0, 1.0, 1.0, 0.0, 0.0, 1.0
b,SIMPLE_NAME, line no: 19,i,SIMPLE_NAME, 2.0, 1.0, 1.0, 0.0, 0.0, 1.0
num=num / b,ASSIGNMENT, line no: 20,i,SIMPLE_NAME, 2.0, 1.0, 1.0, 0.0, 0.0, 1.0
num,SIMPLE_NAME, line no: 20,b,SIMPLE_NAME, 2.0, 1.0, 1.0, 0.0, 0.0, 1.0
num,SIMPLE_NAME, line no: 20,i,SIMPLE_NAME, 2.0, 1.0, 1.0, 0.0, 0.0, 1.0
num / b,INFIX_EXPRESSION, line no: 20,i,SIMPLE_NAME, 2.0, 1.0, 1.0, 0.0, 0.0, 1.0
num,SIMPLE_NAME, line no: 20,b,SIMPLE_NAME, 2.0, 1.0, 1.0, 0.0, 0.0, 1.0
num,SIMPLE_NAME, line no: 20,i,SIMPLE_NAME, 2.0, 1.0, 1.0, 0.0, 0.0, 1.0
b,SIMPLE_NAME, line no: 20,num,SIMPLE_NAME, 2.0, 1.0, 1.0, 0.0, 0.0, 1.0
b,SIMPLE_NAME, line no: 20,i,SIMPLE_NAME, 2.0, 1.0, 1.0, 0.0, 0.0, 1.0
String,SIMPLE_NAME, line no: 21,valueOf,SIMPLE_NAME, 2.0, 1.0, 1.0, 0.0, 0.0, 1.0
valueOf,SIMPLE_NAME, line no: 21,String,SIMPLE_NAME, 2.0, 1.0, 1.0, 0.0, 0.0, 1.0
i,SIMPLE_NAME, line no: 21,i=num % b,ASSIGNMENT, 1.9820788530465951, 0.8709677419354839, 1.0, 0.1111111111111111, 0.0, 1.0
String,SIMPLE_NAME, line no: 15,"0123456789ABCDEFGHIJKLMNOPQRSTUVWXYZ",STRING_LITERAL, 1.9798041615667075, 0.9534883720930233, 1.0, 0.02631578947368421, 0.0, 1.0
String,SIMPLE_NAME, line no: 16,"0123456789ABCDEFGHIJKLMNOPQRSTUVWXYZ",STRING_LITERAL, 1.9798041615667075, 0.9534883720930233, 1.0, 0.02631578947368421, 0.0, 1.0
"0123456789ABCDEFGHIJKLMNOPQRSTUVWXYZ",STRING_LITERAL, line no: 16,String,SIMPLE_NAME, 1.9798041615667075, 0.9534883720930233, 1.0, 0.02631578947368421, 0.0, 1.0
result,SIMPLE_NAME, line no: 15,"",STRING_LITERAL, 1.9767441860465116, 0.9767441860465116, 1.0, 0.0, 0.0, 1.0
result,SIMPLE_NAME, line no: 15,"0123456789ABCDEFGHIJKLMNOPQRSTUVWXYZ",STRING_LITERAL, 1.9767441860465116, 0.9767441860465116, 1.0, 0.0, 0.0, 1.0
"",STRING_LITERAL, line no: 15,result,SIMPLE_NAME, 1.9767441860465116, 0.9767441860465116, 1.0, 0.0, 0.0, 1.0
"",STRING_LITERAL, line no: 15,alphabet,SIMPLE_NAME, 1.9767441860465116, 0.9767441860465116, 1.0, 0.0, 0.0, 1.0
alphabet,SIMPLE_NAME, line no: 16,"",STRING_LITERAL, 1.9767441860465116, 0.9767441860465116, 1.0, 0.0, 0.0, 1.0
alphabet,SIMPLE_NAME, line no: 16,"0123456789ABCDEFGHIJKLMNOPQRSTUVWXYZ",STRING_LITERAL, 1.9767441860465116, 0.9767441860465116, 1.0, 0.0, 0.0, 1.0
"0123456789ABCDEFGHIJKLMNOPQRSTUVWXYZ",STRING_LITERAL, line no: 16,result,SIMPLE_NAME, 1.9767441860465116, 0.9767441860465116, 1.0, 0.0, 0.0, 1.0
"0123456789ABCDEFGHIJKLMNOPQRSTUVWXYZ",STRING_LITERAL, line no: 16,alphabet,SIMPLE_NAME, 1.9767441860465116, 0.9767441860465116, 1.0, 0.0, 0.0, 1.0
num,SIMPLE_NAME, line no: 18,0,NUMBER_LITERAL, 1.9767441860465116, 0.9767441860465116, 1.0, 0.0, 0.0, 1.0
0,NUMBER_LITERAL, line no: 18,num,SIMPLE_NAME, 1.9767441860465116, 0.9767441860465116, 1.0, 0.0, 0.0, 1.0
i,SIMPLE_NAME, line no: 19,num % b,INFIX_EXPRESSION, 1.9642857142857144, 0.9642857142857143, 1.0, 0.0, 0.0, 1.0
i,SIMPLE_NAME, line no: 19,num=num / b,ASSIGNMENT, 1.9642857142857144, 0.9642857142857143, 1.0, 0.0, 0.0, 1.0
i,SIMPLE_NAME, line no: 19,num / b,INFIX_EXPRESSION, 1.9642857142857144, 0.9642857142857143, 1.0, 0.0, 0.0, 1.0
String,SIMPLE_NAME, line no: 15,"",STRING_LITERAL, 1.9534883720930232, 0.9534883720930233, 1.0, 0.0, 0.0, 1.0
"",STRING_LITERAL, line no: 15,String,SIMPLE_NAME, 1.9534883720930232, 0.9534883720930233, 1.0, 0.0, 0.0, 1.0
String,SIMPLE_NAME, line no: 16,"",STRING_LITERAL, 1.9534883720930232, 0.9534883720930233, 1.0, 0.0, 0.0, 1.0
num,SIMPLE_NAME, line no: 18,i,SIMPLE_NAME, 1.9534883720930232, 0.9534883720930233, 1.0, 0.0, 0.0, 1.0
result,SIMPLE_NAME, line no: 24,"",STRING_LITERAL, 1.9523809523809523, 0.9523809523809523, 1.0, 0.0, 0.0, 1.0
result,SIMPLE_NAME, line no: 24,"0123456789ABCDEFGHIJKLMNOPQRSTUVWXYZ",STRING_LITERAL, 1.9523809523809523, 0.9523809523809523, 1.0, 0.0, 0.0, 1.0
result + String.valueOf(alphabet.charAt(i)),INFIX_EXPRESSION, line no: 21,"0123456789ABCDEFGHIJKLMNOPQRSTUVWXYZ",STRING_LITERAL, 1.951827242524917, 0.9285714285714286, 1.0, 0.023255813953488372, 0.0, 1.0
result=result + String.valueOf(alphabet.charAt(i)),ASSIGNMENT, line no: 21,"0123456789ABCDEFGHIJKLMNOPQRSTUVWXYZ",STRING_LITERAL, 1.945925925925926, 0.9259259259259259, 1.0, 0.02, 0.0, 1.0
i,SIMPLE_NAME, line no: 21,num,SIMPLE_NAME, 1.935483870967742, 0.9354838709677419, 1.0, 0.0, 0.0, 1.0
i,SIMPLE_NAME, line no: 21,b,SIMPLE_NAME, 1.935483870967742, 0.9354838709677419, 1.0, 0.0, 0.0, 1.0
num,SIMPLE_NAME, line no: 19,0,NUMBER_LITERAL, 1.9310344827586206, 0.9310344827586207, 1.0, 0.0, 0.0, 1.0
b,SIMPLE_NAME, line no: 19,0,NUMBER_LITERAL, 1.9310344827586206, 0.9310344827586207, 1.0, 0.0, 0.0, 1.0
num,SIMPLE_NAME, line no: 20,0,NUMBER_LITERAL, 1.9310344827586206, 0.9310344827586207, 1.0, 0.0, 0.0, 1.0
b,SIMPLE_NAME, line no: 20,0,NUMBER_LITERAL, 1.9310344827586206, 0.9310344827586207, 1.0, 0.0, 0.0, 1.0
result,SIMPLE_NAME, line no: 21,"",STRING_LITERAL, 1.9310344827586206, 0.9310344827586207, 1.0, 0.0, 0.0, 1.0
result,SIMPLE_NAME, line no: 21,"0123456789ABCDEFGHIJKLMNOPQRSTUVWXYZ",STRING_LITERAL, 1.9310344827586206, 0.9310344827586207, 1.0, 0.0, 0.0, 1.0
0,NUMBER_LITERAL, line no: 18,i,SIMPLE_NAME, 1.9302325581395348, 0.9302325581395349, 1.0, 0.0, 0.0, 1.0
i,SIMPLE_NAME, line no: 19,0,NUMBER_LITERAL, 1.9285714285714286, 0.9285714285714286, 1.0, 0.0, 0.0, 1.0
num % b,INFIX_EXPRESSION, line no: 19,0,NUMBER_LITERAL, 1.9285714285714286, 0.9285714285714286, 1.0, 0.0, 0.0, 1.0
num,SIMPLE_NAME, line no: 20,0,NUMBER_LITERAL, 1.9285714285714286, 0.9285714285714286, 1.0, 0.0, 0.0, 1.0
num / b,INFIX_EXPRESSION, line no: 20,0,NUMBER_LITERAL, 1.9285714285714286, 0.9285714285714286, 1.0, 0.0, 0.0, 1.0
result,SIMPLE_NAME, line no: 21,"",STRING_LITERAL, 1.9285714285714286, 0.9285714285714286, 1.0, 0.0, 0.0, 1.0
result,SIMPLE_NAME, line no: 21,"0123456789ABCDEFGHIJKLMNOPQRSTUVWXYZ",STRING_LITERAL, 1.9285714285714286, 0.9285714285714286, 1.0, 0.0, 0.0, 1.0
result + String.valueOf(alphabet.charAt(i)),INFIX_EXPRESSION, line no: 21,"",STRING_LITERAL, 1.9285714285714286, 0.9285714285714286, 1.0, 0.0, 0.0, 1.0
alphabet.charAt(i),METHOD_INVOCATION, line no: 21,result=result + String.valueOf(alphabet.charAt(i)),ASSIGNMENT, 1.9266666666666667, 0.9, 0.6666666666666666, 0.36, 0.0, 1.0
String,SIMPLE_NAME, line no: 21,"0123456789ABCDEFGHIJKLMNOPQRSTUVWXYZ",STRING_LITERAL, 1.9263157894736842, 0.9, 1.0, 0.02631578947368421, 0.0, 1.0
valueOf,SIMPLE_NAME, line no: 21,"0123456789ABCDEFGHIJKLMNOPQRSTUVWXYZ",STRING_LITERAL, 1.9263157894736842, 0.9, 1.0, 0.02631578947368421, 0.0, 1.0
i=num % b,ASSIGNMENT, line no: 19,0,NUMBER_LITERAL, 1.925925925925926, 0.9259259259259259, 1.0, 0.0, 0.0, 1.0
num=num / b,ASSIGNMENT, line no: 20,0,NUMBER_LITERAL, 1.925925925925926, 0.9259259259259259, 1.0, 0.0, 0.0, 1.0
result=result + String.valueOf(alphabet.charAt(i)),ASSIGNMENT, line no: 21,"",STRING_LITERAL, 1.925925925925926, 0.9259259259259259, 1.0, 0.0, 0.0, 1.0
String.valueOf(alphabet.charAt(i)),METHOD_INVOCATION, line no: 21,"0123456789ABCDEFGHIJKLMNOPQRSTUVWXYZ",STRING_LITERAL, 1.9228675136116153, 0.896551724137931, 1.0, 0.02631578947368421, 0.0, 1.0
num,SIMPLE_NAME, line no: 18,i=num % b,ASSIGNMENT, 1.9147286821705427, 0.5813953488372093, 1.0, 0.3333333333333333, 0.0, 1.0
i,SIMPLE_NAME, line no: 21,num % b,INFIX_EXPRESSION, 1.903225806451613, 0.9032258064516129, 1.0, 0.0, 0.0, 1.0
i,SIMPLE_NAME, line no: 21,num / b,INFIX_EXPRESSION, 1.903225806451613, 0.9032258064516129, 1.0, 0.0, 0.0, 1.0
String,SIMPLE_NAME, line no: 21,"",STRING_LITERAL, 1.9, 0.9, 1.0, 0.0, 0.0, 1.0
valueOf,SIMPLE_NAME, line no: 21,"",STRING_LITERAL, 1.9, 0.9, 1.0, 0.0, 0.0, 1.0
String.valueOf(alphabet.charAt(i)),METHOD_INVOCATION, line no: 21,"",STRING_LITERAL, 1.896551724137931, 0.896551724137931, 1.0, 0.0, 0.0, 1.0
num=num / b,ASSIGNMENT, line no: 20,num > 0,INFIX_EXPRESSION, 1.8804713804713806, 0.9259259259259259, 0.5, 0.45454545454545453, 0.0, 1.0
alphabet,SIMPLE_NAME, line no: 21,"",STRING_LITERAL, 1.870967741935484, 0.8709677419354839, 1.0, 0.0, 0.0, 1.0
alphabet,SIMPLE_NAME, line no: 21,"0123456789ABCDEFGHIJKLMNOPQRSTUVWXYZ",STRING_LITERAL, 1.870967741935484, 0.8709677419354839, 1.0, 0.0, 0.0, 1.0
i,SIMPLE_NAME, line no: 21,0,NUMBER_LITERAL, 1.870967741935484, 0.8709677419354839, 1.0, 0.0, 0.0, 1.0
i,SIMPLE_NAME, line no: 21,num=num / b,ASSIGNMENT, 1.870967741935484, 0.8709677419354839, 1.0, 0.0, 0.0, 1.0
num,SIMPLE_NAME, line no: 18,num=num / b,ASSIGNMENT, 1.8541226215644822, 0.5813953488372093, 1.0, 0.2727272727272727, 0.0, 1.0
alphabet,SIMPLE_NAME, line no: 16,String.valueOf(alphabet.charAt(i)),METHOD_INVOCATION, 1.8399452804377565, 0.6046511627906976, 1.0, 0.23529411764705882, 0.0, 1.0
num > 0,INFIX_EXPRESSION, line no: 18,num % b,INFIX_EXPRESSION, 1.8333333333333335, 0.6190476190476191, 0.5, 0.7142857142857143, 0.0, 1.0
num > 0,INFIX_EXPRESSION, line no: 18,num / b,INFIX_EXPRESSION, 1.8333333333333335, 0.6190476190476191, 0.5, 0.7142857142857143, 0.0, 1.0
i=num % b,ASSIGNMENT, line no: 19,num > 0,INFIX_EXPRESSION, 1.8148148148148149, 0.9259259259259259, 0.3333333333333333, 0.5555555555555556, 0.0, 1.0
alphabet,SIMPLE_NAME, line no: 16,result + String.valueOf(alphabet.charAt(i)),INFIX_EXPRESSION, 1.7906976744186047, 0.6046511627906976, 1.0, 0.18604651162790697, 0.0, 1.0
result,SIMPLE_NAME, line no: 24,valueOf,SIMPLE_NAME, 1.7857142857142856, 0.6428571428571429, 1.0, 0.14285714285714285, 0.0, 1.0
String,SIMPLE_NAME, line no: 15,String.valueOf(alphabet.charAt(i)),METHOD_INVOCATION, 1.7811217510259918, 0.6046511627906976, 1.0, 0.17647058823529413, 0.0, 1.0
String,SIMPLE_NAME, line no: 16,String.valueOf(alphabet.charAt(i)),METHOD_INVOCATION, 1.7811217510259918, 0.6046511627906976, 1.0, 0.17647058823529413, 0.0, 1.0
result,SIMPLE_NAME, line no: 15,valueOf,SIMPLE_NAME, 1.7707641196013288, 0.627906976744186, 1.0, 0.14285714285714285, 0.0, 1.0
result,SIMPLE_NAME, line no: 24,result + String.valueOf(alphabet.charAt(i)),INFIX_EXPRESSION, 1.7585825027685493, 0.6190476190476191, 1.0, 0.13953488372093023, 0.0, 1.0
String,SIMPLE_NAME, line no: 15,result + String.valueOf(alphabet.charAt(i)),INFIX_EXPRESSION, 1.744186046511628, 0.6046511627906976, 1.0, 0.13953488372093023, 0.0, 1.0
result,SIMPLE_NAME, line no: 15,result + String.valueOf(alphabet.charAt(i)),INFIX_EXPRESSION, 1.744186046511628, 0.6046511627906976, 1.0, 0.13953488372093023, 0.0, 1.0
String,SIMPLE_NAME, line no: 16,result + String.valueOf(alphabet.charAt(i)),INFIX_EXPRESSION, 1.744186046511628, 0.6046511627906976, 1.0, 0.13953488372093023, 0.0, 1.0
alphabet,SIMPLE_NAME, line no: 16,result=result + String.valueOf(alphabet.charAt(i)),ASSIGNMENT, 1.7413953488372094, 0.5813953488372093, 1.0, 0.16, 0.0, 1.0
result,SIMPLE_NAME, line no: 24,String.valueOf(alphabet.charAt(i)),METHOD_INVOCATION, 1.7366946778711485, 0.6190476190476191, 1.0, 0.11764705882352941, 0.0, 1.0
result,SIMPLE_NAME, line no: 15,String.valueOf(alphabet.charAt(i)),METHOD_INVOCATION, 1.722298221614227, 0.6046511627906976, 1.0, 0.11764705882352941, 0.0, 1.0
result,SIMPLE_NAME, line no: 24,result=result + String.valueOf(alphabet.charAt(i)),ASSIGNMENT, 1.7152380952380955, 0.5952380952380952, 1.0, 0.12, 0.0, 1.0
String,SIMPLE_NAME, line no: 15,result=result + String.valueOf(alphabet.charAt(i)),ASSIGNMENT, 1.7013953488372096, 0.5813953488372093, 1.0, 0.12, 0.0, 1.0
result,SIMPLE_NAME, line no: 15,result=result + String.valueOf(alphabet.charAt(i)),ASSIGNMENT, 1.7013953488372096, 0.5813953488372093, 1.0, 0.12, 0.0, 1.0
String,SIMPLE_NAME, line no: 16,result=result + String.valueOf(alphabet.charAt(i)),ASSIGNMENT, 1.7013953488372096, 0.5813953488372093, 1.0, 0.12, 0.0, 1.0
"0123456789ABCDEFGHIJKLMNOPQRSTUVWXYZ",STRING_LITERAL, line no: 16,valueOf,SIMPLE_NAME, 1.6542227662178703, 0.627906976744186, 1.0, 0.02631578947368421, 0.0, 1.0
"0123456789ABCDEFGHIJKLMNOPQRSTUVWXYZ",STRING_LITERAL, line no: 16,String.valueOf(alphabet.charAt(i)),METHOD_INVOCATION, 1.630966952264382, 0.6046511627906976, 1.0, 0.02631578947368421, 0.0, 1.0
String,SIMPLE_NAME, line no: 15,valueOf,SIMPLE_NAME, 1.627906976744186, 0.627906976744186, 1.0, 0.0, 0.0, 1.0
"",STRING_LITERAL, line no: 15,valueOf,SIMPLE_NAME, 1.627906976744186, 0.627906976744186, 1.0, 0.0, 0.0, 1.0
String,SIMPLE_NAME, line no: 16,valueOf,SIMPLE_NAME, 1.627906976744186, 0.627906976744186, 1.0, 0.0, 0.0, 1.0
"0123456789ABCDEFGHIJKLMNOPQRSTUVWXYZ",STRING_LITERAL, line no: 16,result + String.valueOf(alphabet.charAt(i)),INFIX_EXPRESSION, 1.627906976744186, 0.6046511627906976, 1.0, 0.023255813953488372, 0.0, 1.0
num,SIMPLE_NAME, line no: 18,b,SIMPLE_NAME, 1.627906976744186, 0.627906976744186, 1.0, 0.0, 0.0, 1.0
0,NUMBER_LITERAL, line no: 18,b,SIMPLE_NAME, 1.627906976744186, 0.627906976744186, 1.0, 0.0, 0.0, 1.0
"",STRING_LITERAL, line no: 15,result + String.valueOf(alphabet.charAt(i)),INFIX_EXPRESSION, 1.6046511627906976, 0.6046511627906976, 1.0, 0.0, 0.0, 1.0
"",STRING_LITERAL, line no: 15,String.valueOf(alphabet.charAt(i)),METHOD_INVOCATION, 1.6046511627906976, 0.6046511627906976, 1.0, 0.0, 0.0, 1.0
0,NUMBER_LITERAL, line no: 18,num % b,INFIX_EXPRESSION, 1.6046511627906976, 0.6046511627906976, 1.0, 0.0, 0.0, 1.0
0,NUMBER_LITERAL, line no: 18,num / b,INFIX_EXPRESSION, 1.6046511627906976, 0.6046511627906976, 1.0, 0.0, 0.0, 1.0
"0123456789ABCDEFGHIJKLMNOPQRSTUVWXYZ",STRING_LITERAL, line no: 16,result=result + String.valueOf(alphabet.charAt(i)),ASSIGNMENT, 1.6013953488372095, 0.5813953488372093, 1.0, 0.02, 0.0, 1.0
"",STRING_LITERAL, line no: 15,result=result + String.valueOf(alphabet.charAt(i)),ASSIGNMENT, 1.5813953488372094, 0.5813953488372093, 1.0, 0.0, 0.0, 1.0
0,NUMBER_LITERAL, line no: 18,i=num % b,ASSIGNMENT, 1.5813953488372094, 0.5813953488372093, 1.0, 0.0, 0.0, 1.0
0,NUMBER_LITERAL, line no: 18,num=num / b,ASSIGNMENT, 1.5813953488372094, 0.5813953488372093, 1.0, 0.0, 0.0, 1.0
num > 0,INFIX_EXPRESSION, line no: 18,num=num / b,ASSIGNMENT, 1.54978354978355, 0.5952380952380952, 0.5, 0.45454545454545453, 0.0, 1.0
num > 0,INFIX_EXPRESSION, line no: 18,i=num % b,ASSIGNMENT, 1.4841269841269842, 0.5952380952380952, 0.3333333333333333, 0.5555555555555556, 0.0, 1.0
alphabet.charAt(i),METHOD_INVOCATION, line no: 21,alphabet,SIMPLE_NAME, 1.4444444444444444, 1.0, 0.0, 0.4444444444444444, 0.0, 1.0
num > 0,INFIX_EXPRESSION, line no: 18,num,SIMPLE_NAME, 1.4285714285714286, 1.0, 0.0, 0.42857142857142855, 0.0, 1.0
alphabet,SIMPLE_NAME, line no: 21,alphabet.charAt(i),METHOD_INVOCATION, 1.4121863799283154, 0.967741935483871, 0.0, 0.4444444444444444, 0.0, 1.0
num,SIMPLE_NAME, line no: 18,num > 0,INFIX_EXPRESSION, 1.4053156146179402, 0.9767441860465116, 0.0, 0.42857142857142855, 0.0, 1.0
alphabet,SIMPLE_NAME, line no: 21,charAt,SIMPLE_NAME, 1.375, 1.0, 0.0, 0.375, 0.0, 1.0
charAt,SIMPLE_NAME, line no: 21,alphabet,SIMPLE_NAME, 1.375, 1.0, 0.0, 0.375, 0.0, 1.0
i=num % b,ASSIGNMENT, line no: 19,String.valueOf(alphabet.charAt(i)),METHOD_INVOCATION, 1.3676470588235294, 1.0, 0.25, 0.11764705882352941, 0.0, 1.0
num,SIMPLE_NAME, line no: 19,num > 0,INFIX_EXPRESSION, 1.3596059113300492, 0.9310344827586207, 0.0, 0.42857142857142855, 0.0, 1.0
num,SIMPLE_NAME, line no: 20,num > 0,INFIX_EXPRESSION, 1.3596059113300492, 0.9310344827586207, 0.0, 0.42857142857142855, 0.0, 1.0
num,SIMPLE_NAME, line no: 20,num > 0,INFIX_EXPRESSION, 1.3571428571428572, 0.9285714285714286, 0.0, 0.42857142857142855, 0.0, 1.0
result,SIMPLE_NAME, line no: 21,charAt,SIMPLE_NAME, 1.3333333333333333, 1.0, 0.0, 0.3333333333333333, 0.0, 1.0
result,SIMPLE_NAME, line no: 21,charAt,SIMPLE_NAME, 1.3333333333333333, 1.0, 0.0, 0.3333333333333333, 0.0, 1.0
valueOf,SIMPLE_NAME, line no: 21,to_base,SIMPLE_NAME, 1.3190476190476192, 0.03333333333333333, 1.0, 0.2857142857142857, 0.0, 1.0
i=num % b,ASSIGNMENT, line no: 19,alphabet.charAt(i),METHOD_INVOCATION, 1.3055555555555556, 1.0, 0.25, 0.05555555555555555, 0.0, 1.0
i=num % b,ASSIGNMENT, line no: 19,result=result + String.valueOf(alphabet.charAt(i)),ASSIGNMENT, 1.3, 1.0, 0.2, 0.1, 0.0, 1.0
result=result + String.valueOf(alphabet.charAt(i)),ASSIGNMENT, line no: 21,i=num % b,ASSIGNMENT, 1.3, 1.0, 0.2, 0.1, 0.0, 1.0
String.valueOf(alphabet.charAt(i)),METHOD_INVOCATION, line no: 21,i=num % b,ASSIGNMENT, 1.29868154158215, 0.9310344827586207, 0.25, 0.11764705882352941, 0.0, 1.0
i=num % b,ASSIGNMENT, line no: 19,result + String.valueOf(alphabet.charAt(i)),INFIX_EXPRESSION, 1.2930232558139534, 1.0, 0.2, 0.09302325581395349, 0.0, 1.0
alphabet,SIMPLE_NAME, line no: 21,to_base,SIMPLE_NAME, 1.282258064516129, 0.03225806451612903, 1.0, 0.25, 0.0, 1.0
alphabet,SIMPLE_NAME, line no: 16,to_base,SIMPLE_NAME, 1.2732558139534884, 0.023255813953488372, 1.0, 0.25, 0.0, 1.0
charAt,SIMPLE_NAME, line no: 21,result,SIMPLE_NAME, 1.2688172043010753, 0.9354838709677419, 0.0, 0.3333333333333333, 0.0, 1.0
result + String.valueOf(alphabet.charAt(i)),INFIX_EXPRESSION, line no: 21,i=num % b,ASSIGNMENT, 1.2573089700996678, 0.9642857142857143, 0.2, 0.09302325581395349, 0.0, 1.0
i=num % b,ASSIGNMENT, line no: 19,String,SIMPLE_NAME, 1.2222222222222223, 1.0, 0.0, 0.2222222222222222, 0.0, 1.0
alphabet.charAt(i),METHOD_INVOCATION, line no: 21,i=num % b,ASSIGNMENT, 1.2055555555555555, 0.9, 0.25, 0.05555555555555555, 0.0, 1.0
result,SIMPLE_NAME, line no: 21,to_base,SIMPLE_NAME, 1.1785714285714286, 0.03571428571428571, 1.0, 0.14285714285714285, 0.0, 1.0
result,SIMPLE_NAME, line no: 21,to_base,SIMPLE_NAME, 1.1773399014778325, 0.034482758620689655, 1.0, 0.14285714285714285, 0.0, 1.0
String.valueOf(alphabet.charAt(i)),METHOD_INVOCATION, line no: 21,charAt,SIMPLE_NAME, 1.1764705882352942, 1.0, 0.0, 0.17647058823529413, 0.0, 1.0
String,SIMPLE_NAME, line no: 21,to_base,SIMPLE_NAME, 1.1761904761904762, 0.03333333333333333, 1.0, 0.14285714285714285, 0.0, 1.0
i,SIMPLE_NAME, line no: 19,String,SIMPLE_NAME, 1.1666666666666667, 1.0, 0.0, 0.16666666666666666, 0.0, 1.0
num,SIMPLE_NAME, line no: 19,String,SIMPLE_NAME, 1.1666666666666667, 1.0, 0.0, 0.16666666666666666, 0.0, 1.0
num,SIMPLE_NAME, line no: 19,result,SIMPLE_NAME, 1.1666666666666667, 1.0, 0.0, 0.16666666666666666, 0.0, 1.0
num,SIMPLE_NAME, line no: 20,String,SIMPLE_NAME, 1.1666666666666667, 1.0, 0.0, 0.16666666666666666, 0.0, 1.0
num,SIMPLE_NAME, line no: 20,result,SIMPLE_NAME, 1.1666666666666667, 1.0, 0.0, 0.16666666666666666, 0.0, 1.0
num,SIMPLE_NAME, line no: 20,String,SIMPLE_NAME, 1.1666666666666667, 1.0, 0.0, 0.16666666666666666, 0.0, 1.0
num,SIMPLE_NAME, line no: 20,result,SIMPLE_NAME, 1.1666666666666667, 1.0, 0.0, 0.16666666666666666, 0.0, 1.0
result,SIMPLE_NAME, line no: 21,num,SIMPLE_NAME, 1.1666666666666667, 1.0, 0.0, 0.16666666666666666, 0.0, 1.0
result,SIMPLE_NAME, line no: 21,num,SIMPLE_NAME, 1.1666666666666667, 1.0, 0.0, 0.16666666666666666, 0.0, 1.0
String,SIMPLE_NAME, line no: 21,i,SIMPLE_NAME, 1.1666666666666667, 1.0, 0.0, 0.16666666666666666, 0.0, 1.0
String,SIMPLE_NAME, line no: 21,charAt,SIMPLE_NAME, 1.1666666666666667, 1.0, 0.0, 0.16666666666666666, 0.0, 1.0
result,SIMPLE_NAME, line no: 24,to_base,SIMPLE_NAME, 1.1666666666666665, 0.023809523809523808, 1.0, 0.14285714285714285, 0.0, 1.0
String,SIMPLE_NAME, line no: 15,to_base,SIMPLE_NAME, 1.1661129568106312, 0.023255813953488372, 1.0, 0.14285714285714285, 0.0, 1.0
result,SIMPLE_NAME, line no: 15,to_base,SIMPLE_NAME, 1.1661129568106312, 0.023255813953488372, 1.0, 0.14285714285714285, 0.0, 1.0
String,SIMPLE_NAME, line no: 16,to_base,SIMPLE_NAME, 1.1661129568106312, 0.023255813953488372, 1.0, 0.14285714285714285, 0.0, 1.0
String,SIMPLE_NAME, line no: 15,i,SIMPLE_NAME, 1.1434108527131783, 0.9767441860465116, 0.0, 0.16666666666666666, 0.0, 1.0
String,SIMPLE_NAME, line no: 16,i,SIMPLE_NAME, 1.1434108527131783, 0.9767441860465116, 0.0, 0.16666666666666666, 0.0, 1.0
num > 0,INFIX_EXPRESSION, line no: 18,0,NUMBER_LITERAL, 1.1428571428571428, 1.0, 0.0, 0.14285714285714285, 0.0, 1.0
num % b,INFIX_EXPRESSION, line no: 19,String,SIMPLE_NAME, 1.1428571428571428, 1.0, 0.0, 0.14285714285714285, 0.0, 1.0
num % b,INFIX_EXPRESSION, line no: 19,result,SIMPLE_NAME, 1.1428571428571428, 1.0, 0.0, 0.14285714285714285, 0.0, 1.0
num % b,INFIX_EXPRESSION, line no: 19,valueOf,SIMPLE_NAME, 1.1428571428571428, 1.0, 0.0, 0.14285714285714285, 0.0, 1.0
num,SIMPLE_NAME, line no: 19,valueOf,SIMPLE_NAME, 1.1428571428571428, 1.0, 0.0, 0.14285714285714285, 0.0, 1.0
num,SIMPLE_NAME, line no: 20,valueOf,SIMPLE_NAME, 1.1428571428571428, 1.0, 0.0, 0.14285714285714285, 0.0, 1.0
num / b,INFIX_EXPRESSION, line no: 20,String,SIMPLE_NAME, 1.1428571428571428, 1.0, 0.0, 0.14285714285714285, 0.0, 1.0
num / b,INFIX_EXPRESSION, line no: 20,result,SIMPLE_NAME, 1.1428571428571428, 1.0, 0.0, 0.14285714285714285, 0.0, 1.0
num / b,INFIX_EXPRESSION, line no: 20,valueOf,SIMPLE_NAME, 1.1428571428571428, 1.0, 0.0, 0.14285714285714285, 0.0, 1.0
num,SIMPLE_NAME, line no: 20,valueOf,SIMPLE_NAME, 1.1428571428571428, 1.0, 0.0, 0.14285714285714285, 0.0, 1.0
valueOf,SIMPLE_NAME, line no: 21,charAt,SIMPLE_NAME, 1.1428571428571428, 1.0, 0.0, 0.14285714285714285, 0.0, 1.0
result,SIMPLE_NAME, line no: 24,num,SIMPLE_NAME, 1.1428571428571428, 0.9761904761904762, 0.0, 0.16666666666666666, 0.0, 1.0
result + String.valueOf(alphabet.charAt(i)),INFIX_EXPRESSION, line no: 21,charAt,SIMPLE_NAME, 1.1395348837209303, 1.0, 0.0, 0.13953488372093023, 0.0, 1.0
charAt,SIMPLE_NAME, line no: 21,String,SIMPLE_NAME, 1.1344086021505377, 0.967741935483871, 0.0, 0.16666666666666666, 0.0, 1.0
i,SIMPLE_NAME, line no: 21,String,SIMPLE_NAME, 1.1344086021505377, 0.967741935483871, 0.0, 0.16666666666666666, 0.0, 1.0
String,SIMPLE_NAME, line no: 21,num,SIMPLE_NAME, 1.1333333333333333, 0.9666666666666667, 0.0, 0.16666666666666666, 0.0, 1.0
String,SIMPLE_NAME, line no: 21,alphabet.charAt(i),METHOD_INVOCATION, 1.1333333333333333, 0.9666666666666667, 0.0, 0.16666666666666666, 0.0, 1.0
valueOf,SIMPLE_NAME, line no: 21,alphabet.charAt(i),METHOD_INVOCATION, 1.1333333333333333, 0.9666666666666667, 0.0, 0.16666666666666666, 0.0, 1.0
alphabet.charAt(i),METHOD_INVOCATION, line no: 21,String,SIMPLE_NAME, 1.1333333333333333, 0.9666666666666667, 0.0, 0.16666666666666666, 0.0, 1.0
alphabet.charAt(i),METHOD_INVOCATION, line no: 21,valueOf,SIMPLE_NAME, 1.1333333333333333, 0.9666666666666667, 0.0, 0.16666666666666666, 0.0, 1.0
num % b,INFIX_EXPRESSION, line no: 19,alphabet,SIMPLE_NAME, 1.125, 1.0, 0.0, 0.125, 0.0, 1.0
b,SIMPLE_NAME, line no: 19,alphabet,SIMPLE_NAME, 1.125, 1.0, 0.0, 0.125, 0.0, 1.0
num / b,INFIX_EXPRESSION, line no: 20,alphabet,SIMPLE_NAME, 1.125, 1.0, 0.0, 0.125, 0.0, 1.0
b,SIMPLE_NAME, line no: 20,alphabet,SIMPLE_NAME, 1.125, 1.0, 0.0, 0.125, 0.0, 1.0
String.valueOf(alphabet.charAt(i)),METHOD_INVOCATION, line no: 21,to_base,SIMPLE_NAME, 1.1227180527383367, 0.034482758620689655, 1.0, 0.08823529411764706, 0.0, 1.0
String,SIMPLE_NAME, line no: 21,i=num % b,ASSIGNMENT, 1.1222222222222222, 0.9, 0.0, 0.2222222222222222, 0.0, 1.0
String,SIMPLE_NAME, line no: 15,num,SIMPLE_NAME, 1.12015503875969, 0.9534883720930233, 0.0, 0.16666666666666666, 0.0, 1.0
result,SIMPLE_NAME, line no: 15,num,SIMPLE_NAME, 1.12015503875969, 0.9534883720930233, 0.0, 0.16666666666666666, 0.0, 1.0
String,SIMPLE_NAME, line no: 16,num,SIMPLE_NAME, 1.12015503875969, 0.9534883720930233, 0.0, 0.16666666666666666, 0.0, 1.0
num,SIMPLE_NAME, line no: 18,String,SIMPLE_NAME, 1.12015503875969, 0.9534883720930233, 0.0, 0.16666666666666666, 0.0, 1.0
num,SIMPLE_NAME, line no: 18,result,SIMPLE_NAME, 1.12015503875969, 0.9534883720930233, 0.0, 0.16666666666666666, 0.0, 1.0
num=num / b,ASSIGNMENT, line no: 20,result=result + String.valueOf(alphabet.charAt(i)),ASSIGNMENT, 1.12, 1.0, 0.0, 0.12, 0.0, 1.0
result=result + String.valueOf(alphabet.charAt(i)),ASSIGNMENT, line no: 21,num=num / b,ASSIGNMENT, 1.12, 1.0, 0.0, 0.12, 0.0, 1.0
result=result + String.valueOf(alphabet.charAt(i)),ASSIGNMENT, line no: 21,charAt,SIMPLE_NAME, 1.12, 1.0, 0.0, 0.12, 0.0, 1.0
0,NUMBER_LITERAL, line no: 18,num > 0,INFIX_EXPRESSION, 1.1196013289036544, 0.9767441860465116, 0.0, 0.14285714285714285, 0.0, 1.0
charAt,SIMPLE_NAME, line no: 21,String.valueOf(alphabet.charAt(i)),METHOD_INVOCATION, 1.111954459203036, 0.9354838709677419, 0.0, 0.17647058823529413, 0.0, 1.0
i=num % b,ASSIGNMENT, line no: 19,result,SIMPLE_NAME, 1.1111111111111112, 1.0, 0.0, 0.1111111111111111, 0.0, 1.0
i=num % b,ASSIGNMENT, line no: 19,alphabet,SIMPLE_NAME, 1.1111111111111112, 1.0, 0.0, 0.1111111111111111, 0.0, 1.0
i=num % b,ASSIGNMENT, line no: 19,valueOf,SIMPLE_NAME, 1.1111111111111112, 1.0, 0.0, 0.1111111111111111, 0.0, 1.0
charAt,SIMPLE_NAME, line no: 21,valueOf,SIMPLE_NAME, 1.1105990783410138, 0.967741935483871, 0.0, 0.14285714285714285, 0.0, 1.0
valueOf,SIMPLE_NAME, line no: 21,num,SIMPLE_NAME, 1.1095238095238096, 0.9666666666666667, 0.0, 0.14285714285714285, 0.0, 1.0
result,SIMPLE_NAME, line no: 21,num % b,INFIX_EXPRESSION, 1.1083743842364533, 0.9655172413793104, 0.0, 0.14285714285714285, 0.0, 1.0
result,SIMPLE_NAME, line no: 21,num / b,INFIX_EXPRESSION, 1.1083743842364533, 0.9655172413793104, 0.0, 0.14285714285714285, 0.0, 1.0
result,SIMPLE_NAME, line no: 21,num % b,INFIX_EXPRESSION, 1.1071428571428572, 0.9642857142857143, 0.0, 0.14285714285714285, 0.0, 1.0
result,SIMPLE_NAME, line no: 21,num / b,INFIX_EXPRESSION, 1.1071428571428572, 0.9642857142857143, 0.0, 0.14285714285714285, 0.0, 1.0
result + String.valueOf(alphabet.charAt(i)),INFIX_EXPRESSION, line no: 21,to_base,SIMPLE_NAME, 1.1054817275747508, 0.03571428571428571, 1.0, 0.06976744186046512, 0.0, 1.0
result=result + String.valueOf(alphabet.charAt(i)),ASSIGNMENT, line no: 21,to_base,SIMPLE_NAME, 1.097037037037037, 0.037037037037037035, 1.0, 0.06, 0.0, 1.0
num > 0,INFIX_EXPRESSION, line no: 18,String,SIMPLE_NAME, 1.0952380952380951, 0.9523809523809523, 0.0, 0.14285714285714285, 0.0, 1.0
num > 0,INFIX_EXPRESSION, line no: 18,result,SIMPLE_NAME, 1.0952380952380951, 0.9523809523809523, 0.0, 0.14285714285714285, 0.0, 1.0
result,SIMPLE_NAME, line no: 24,num > 0,INFIX_EXPRESSION, 1.0952380952380951, 0.9523809523809523, 0.0, 0.14285714285714285, 0.0, 1.0
num % b,INFIX_EXPRESSION, line no: 19,result + String.valueOf(alphabet.charAt(i)),INFIX_EXPRESSION, 1.0930232558139534, 1.0, 0.0, 0.09302325581395349, 0.0, 1.0
num=num / b,ASSIGNMENT, line no: 20,result + String.valueOf(alphabet.charAt(i)),INFIX_EXPRESSION, 1.0930232558139534, 1.0, 0.0, 0.09302325581395349, 0.0, 1.0
num / b,INFIX_EXPRESSION, line no: 20,result + String.valueOf(alphabet.charAt(i)),INFIX_EXPRESSION, 1.0930232558139534, 1.0, 0.0, 0.09302325581395349, 0.0, 1.0
result + String.valueOf(alphabet.charAt(i)),INFIX_EXPRESSION, line no: 21,num % b,INFIX_EXPRESSION, 1.0930232558139534, 1.0, 0.0, 0.09302325581395349, 0.0, 1.0
result + String.valueOf(alphabet.charAt(i)),INFIX_EXPRESSION, line no: 21,num / b,INFIX_EXPRESSION, 1.0930232558139534, 1.0, 0.0, 0.09302325581395349, 0.0, 1.0
num=num / b,ASSIGNMENT, line no: 20,String,SIMPLE_NAME, 1.0909090909090908, 1.0, 0.0, 0.09090909090909091, 0.0, 1.0
num=num / b,ASSIGNMENT, line no: 20,result,SIMPLE_NAME, 1.0909090909090908, 1.0, 0.0, 0.09090909090909091, 0.0, 1.0
num=num / b,ASSIGNMENT, line no: 20,alphabet,SIMPLE_NAME, 1.0909090909090908, 1.0, 0.0, 0.09090909090909091, 0.0, 1.0
num=num / b,ASSIGNMENT, line no: 20,valueOf,SIMPLE_NAME, 1.0909090909090908, 1.0, 0.0, 0.09090909090909091, 0.0, 1.0
num % b,INFIX_EXPRESSION, line no: 19,String.valueOf(alphabet.charAt(i)),METHOD_INVOCATION, 1.088235294117647, 1.0, 0.0, 0.08823529411764706, 0.0, 1.0
num=num / b,ASSIGNMENT, line no: 20,String.valueOf(alphabet.charAt(i)),METHOD_INVOCATION, 1.088235294117647, 1.0, 0.0, 0.08823529411764706, 0.0, 1.0
num / b,INFIX_EXPRESSION, line no: 20,String.valueOf(alphabet.charAt(i)),METHOD_INVOCATION, 1.088235294117647, 1.0, 0.0, 0.08823529411764706, 0.0, 1.0
result=result + String.valueOf(alphabet.charAt(i)),ASSIGNMENT, line no: 21,num % b,INFIX_EXPRESSION, 1.08, 1.0, 0.0, 0.08, 0.0, 1.0
result=result + String.valueOf(alphabet.charAt(i)),ASSIGNMENT, line no: 21,num / b,INFIX_EXPRESSION, 1.08, 1.0, 0.0, 0.08, 0.0, 1.0
result,SIMPLE_NAME, line no: 21,alphabet.charAt(i),METHOD_INVOCATION, 1.0766283524904214, 0.9655172413793104, 0.0, 0.1111111111111111, 0.0, 1.0
String,SIMPLE_NAME, line no: 21,num % b,INFIX_EXPRESSION, 1.0761904761904761, 0.9333333333333333, 0.0, 0.14285714285714285, 0.0, 1.0
String,SIMPLE_NAME, line no: 21,num / b,INFIX_EXPRESSION, 1.0761904761904761, 0.9333333333333333, 0.0, 0.14285714285714285, 0.0, 1.0
valueOf,SIMPLE_NAME, line no: 21,num % b,INFIX_EXPRESSION, 1.0761904761904761, 0.9333333333333333, 0.0, 0.14285714285714285, 0.0, 1.0
valueOf,SIMPLE_NAME, line no: 21,num / b,INFIX_EXPRESSION, 1.0761904761904761, 0.9333333333333333, 0.0, 0.14285714285714285, 0.0, 1.0
result,SIMPLE_NAME, line no: 21,i=num % b,ASSIGNMENT, 1.0753968253968254, 0.9642857142857143, 0.0, 0.1111111111111111, 0.0, 1.0
result,SIMPLE_NAME, line no: 21,alphabet.charAt(i),METHOD_INVOCATION, 1.0753968253968254, 0.9642857142857143, 0.0, 0.1111111111111111, 0.0, 1.0
result,SIMPLE_NAME, line no: 21,num > 0,INFIX_EXPRESSION, 1.0738916256157636, 0.9310344827586207, 0.0, 0.14285714285714285, 0.0, 1.0
String,SIMPLE_NAME, line no: 15,num > 0,INFIX_EXPRESSION, 1.0730897009966778, 0.9302325581395349, 0.0, 0.14285714285714285, 0.0, 1.0
result,SIMPLE_NAME, line no: 15,num > 0,INFIX_EXPRESSION, 1.0730897009966778, 0.9302325581395349, 0.0, 0.14285714285714285, 0.0, 1.0
String,SIMPLE_NAME, line no: 16,num > 0,INFIX_EXPRESSION, 1.0730897009966778, 0.9302325581395349, 0.0, 0.14285714285714285, 0.0, 1.0
result,SIMPLE_NAME, line no: 21,num > 0,INFIX_EXPRESSION, 1.0714285714285714, 0.9285714285714286, 0.0, 0.14285714285714285, 0.0, 1.0
alphabet,SIMPLE_NAME, line no: 21,b,SIMPLE_NAME, 1.060483870967742, 0.9354838709677419, 0.0, 0.125, 0.0, 1.0
result + String.valueOf(alphabet.charAt(i)),INFIX_EXPRESSION, line no: 21,num=num / b,ASSIGNMENT, 1.0573089700996678, 0.9642857142857143, 0.0, 0.09302325581395349, 0.0, 1.0
num % b,INFIX_EXPRESSION, line no: 19,alphabet.charAt(i),METHOD_INVOCATION, 1.0555555555555556, 1.0, 0.0, 0.05555555555555555, 0.0, 1.0
num=num / b,ASSIGNMENT, line no: 20,alphabet.charAt(i),METHOD_INVOCATION, 1.0555555555555556, 1.0, 0.0, 0.05555555555555555, 0.0, 1.0
num / b,INFIX_EXPRESSION, line no: 20,alphabet.charAt(i),METHOD_INVOCATION, 1.0555555555555556, 1.0, 0.0, 0.05555555555555555, 0.0, 1.0
alphabet.charAt(i),METHOD_INVOCATION, line no: 21,i,SIMPLE_NAME, 1.0555555555555556, 1.0, 0.0, 0.05555555555555555, 0.0, 1.0
result,SIMPLE_NAME, line no: 21,num=num / b,ASSIGNMENT, 1.0551948051948052, 0.9642857142857143, 0.0, 0.09090909090909091, 0.0, 1.0
String.valueOf(alphabet.charAt(i)),METHOD_INVOCATION, line no: 21,num % b,INFIX_EXPRESSION, 1.0537525354969575, 0.9655172413793104, 0.0, 0.08823529411764706, 0.0, 1.0
String.valueOf(alphabet.charAt(i)),METHOD_INVOCATION, line no: 21,num / b,INFIX_EXPRESSION, 1.0537525354969575, 0.9655172413793104, 0.0, 0.08823529411764706, 0.0, 1.0
alphabet,SIMPLE_NAME, line no: 16,alphabet.charAt(i),METHOD_INVOCATION, 1.049095607235142, 0.6046511627906976, 0.0, 0.4444444444444444, 0.0, 1.0
result + String.valueOf(alphabet.charAt(i)),INFIX_EXPRESSION, line no: 21,num,SIMPLE_NAME, 1.0465116279069768, 1.0, 0.0, 0.046511627906976744, 0.0, 1.0
alphabet.charAt(i),METHOD_INVOCATION, line no: 21,result,SIMPLE_NAME, 1.0444444444444445, 0.9333333333333333, 0.0, 0.1111111111111111, 0.0, 1.0
num % b,INFIX_EXPRESSION, line no: 19,result=result + String.valueOf(alphabet.charAt(i)),ASSIGNMENT, 1.0442857142857143, 0.9642857142857143, 0.0, 0.08, 0.0, 1.0
num / b,INFIX_EXPRESSION, line no: 20,result=result + String.valueOf(alphabet.charAt(i)),ASSIGNMENT, 1.0442857142857143, 0.9642857142857143, 0.0, 0.08, 0.0, 1.0
String,SIMPLE_NAME, line no: 21,num > 0,INFIX_EXPRESSION, 1.042857142857143, 0.9, 0.0, 0.14285714285714285, 0.0, 1.0
valueOf,SIMPLE_NAME, line no: 21,num > 0,INFIX_EXPRESSION, 1.042857142857143, 0.9, 0.0, 0.14285714285714285, 0.0, 1.0
charAt,SIMPLE_NAME, line no: 21,result + String.valueOf(alphabet.charAt(i)),INFIX_EXPRESSION, 1.042760690172543, 0.9032258064516129, 0.0, 0.13953488372093023, 0.0, 1.0
result,SIMPLE_NAME, line no: 21,i=num % b,ASSIGNMENT, 1.0421455938697317, 0.9310344827586207, 0.0, 0.1111111111111111, 0.0, 1.0
result=result + String.valueOf(alphabet.charAt(i)),ASSIGNMENT, line no: 21,num,SIMPLE_NAME, 1.04, 1.0, 0.0, 0.04, 0.0, 1.0
String.valueOf(alphabet.charAt(i)),METHOD_INVOCATION, line no: 21,i,SIMPLE_NAME, 1.0294117647058822, 1.0, 0.0, 0.029411764705882353, 0.0, 1.0
alphabet,SIMPLE_NAME, line no: 21,num % b,INFIX_EXPRESSION, 1.028225806451613, 0.9032258064516129, 0.0, 0.125, 0.0, 1.0
alphabet,SIMPLE_NAME, line no: 21,num / b,INFIX_EXPRESSION, 1.028225806451613, 0.9032258064516129, 0.0, 0.125, 0.0, 1.0
num,SIMPLE_NAME, line no: 19,String.valueOf(alphabet.charAt(i)),METHOD_INVOCATION, 1.024340770791075, 0.9655172413793104, 0.0, 0.058823529411764705, 0.0, 1.0
num,SIMPLE_NAME, line no: 20,String.valueOf(alphabet.charAt(i)),METHOD_INVOCATION, 1.024340770791075, 0.9655172413793104, 0.0, 0.058823529411764705, 0.0, 1.0
String.valueOf(alphabet.charAt(i)),METHOD_INVOCATION, line no: 21,num,SIMPLE_NAME, 1.024340770791075, 0.9655172413793104, 0.0, 0.058823529411764705, 0.0, 1.0
i,SIMPLE_NAME, line no: 21,alphabet.charAt(i),METHOD_INVOCATION, 1.0232974910394266, 0.967741935483871, 0.0, 0.05555555555555555, 0.0, 1.0
"",STRING_LITERAL, line no: 15,to_base,SIMPLE_NAME, 1.0232558139534884, 0.023255813953488372, 1.0, 0.0, 0.0, 1.0
"0123456789ABCDEFGHIJKLMNOPQRSTUVWXYZ",STRING_LITERAL, line no: 16,to_base,SIMPLE_NAME, 1.0232558139534884, 0.023255813953488372, 1.0, 0.0, 0.0, 1.0
result + String.valueOf(alphabet.charAt(i)),INFIX_EXPRESSION, line no: 21,b,SIMPLE_NAME, 1.0232558139534884, 1.0, 0.0, 0.023255813953488372, 0.0, 1.0
result + String.valueOf(alphabet.charAt(i)),INFIX_EXPRESSION, line no: 21,i,SIMPLE_NAME, 1.0232558139534884, 1.0, 0.0, 0.023255813953488372, 0.0, 1.0
num,SIMPLE_NAME, line no: 20,String.valueOf(alphabet.charAt(i)),METHOD_INVOCATION, 1.023109243697479, 0.9642857142857143, 0.0, 0.058823529411764705, 0.0, 1.0
result,SIMPLE_NAME, line no: 21,num=num / b,ASSIGNMENT, 1.0219435736677116, 0.9310344827586207, 0.0, 0.09090909090909091, 0.0, 1.0
b,SIMPLE_NAME, line no: 19,alphabet.charAt(i),METHOD_INVOCATION, 1.0210727969348659, 0.9655172413793104, 0.0, 0.05555555555555555, 0.0, 1.0
b,SIMPLE_NAME, line no: 20,alphabet.charAt(i),METHOD_INVOCATION, 1.0210727969348659, 0.9655172413793104, 0.0, 0.05555555555555555, 0.0, 1.0
result=result + String.valueOf(alphabet.charAt(i)),ASSIGNMENT, line no: 21,b,SIMPLE_NAME, 1.02, 1.0, 0.0, 0.02, 0.0, 1.0
result=result + String.valueOf(alphabet.charAt(i)),ASSIGNMENT, line no: 21,i,SIMPLE_NAME, 1.02, 1.0, 0.0, 0.02, 0.0, 1.0
i,SIMPLE_NAME, line no: 19,alphabet.charAt(i),METHOD_INVOCATION, 1.0198412698412698, 0.9642857142857143, 0.0, 0.05555555555555555, 0.0, 1.0
String.valueOf(alphabet.charAt(i)),METHOD_INVOCATION, line no: 21,num=num / b,ASSIGNMENT, 1.0192697768762677, 0.9310344827586207, 0.0, 0.08823529411764706, 0.0, 1.0
num,SIMPLE_NAME, line no: 19,result + String.valueOf(alphabet.charAt(i)),INFIX_EXPRESSION, 1.012028869286287, 0.9655172413793104, 0.0, 0.046511627906976744, 0.0, 1.0
num,SIMPLE_NAME, line no: 20,result + String.valueOf(alphabet.charAt(i)),INFIX_EXPRESSION, 1.012028869286287, 0.9655172413793104, 0.0, 0.046511627906976744, 0.0, 1.0
valueOf,SIMPLE_NAME, line no: 21,i=num % b,ASSIGNMENT, 1.011111111111111, 0.9, 0.0, 0.1111111111111111, 0.0, 1.0
num,SIMPLE_NAME, line no: 20,result + String.valueOf(alphabet.charAt(i)),INFIX_EXPRESSION, 1.010797342192691, 0.9642857142857143, 0.0, 0.046511627906976744, 0.0, 1.0
num,SIMPLE_NAME, line no: 20,result=result + String.valueOf(alphabet.charAt(i)),ASSIGNMENT, 1.0042857142857142, 0.9642857142857143, 0.0, 0.04, 0.0, 1.0
alphabet,SIMPLE_NAME, line no: 16,charAt,SIMPLE_NAME, 1.002906976744186, 0.627906976744186, 0.0, 0.375, 0.0, 1.0
result,SIMPLE_NAME, line no: 15,i,SIMPLE_NAME, 1.0, 1.0, 0.0, 0.0, 0.0, 1.0
alphabet,SIMPLE_NAME, line no: 16,i,SIMPLE_NAME, 1.0, 1.0, 0.0, 0.0, 0.0, 1.0
i=num % b,ASSIGNMENT, line no: 19,charAt,SIMPLE_NAME, 1.0, 1.0, 0.0, 0.0, 0.0, 1.0
i,SIMPLE_NAME, line no: 19,result,SIMPLE_NAME, 1.0, 1.0, 0.0, 0.0, 0.0, 1.0
i,SIMPLE_NAME, line no: 19,alphabet,SIMPLE_NAME, 1.0, 1.0, 0.0, 0.0, 0.0, 1.0
i,SIMPLE_NAME, line no: 19,valueOf,SIMPLE_NAME, 1.0, 1.0, 0.0, 0.0, 0.0, 1.0
i,SIMPLE_NAME, line no: 19,charAt,SIMPLE_NAME, 1.0, 1.0, 0.0, 0.0, 0.0, 1.0
num % b,INFIX_EXPRESSION, line no: 19,charAt,SIMPLE_NAME, 1.0, 1.0, 0.0, 0.0, 0.0, 1.0
num,SIMPLE_NAME, line no: 19,alphabet,SIMPLE_NAME, 1.0, 1.0, 0.0, 0.0, 0.0, 1.0
num,SIMPLE_NAME, line no: 19,charAt,SIMPLE_NAME, 1.0, 1.0, 0.0, 0.0, 0.0, 1.0
b,SIMPLE_NAME, line no: 19,String,SIMPLE_NAME, 1.0, 1.0, 0.0, 0.0, 0.0, 1.0
b,SIMPLE_NAME, line no: 19,result,SIMPLE_NAME, 1.0, 1.0, 0.0, 0.0, 0.0, 1.0
b,SIMPLE_NAME, line no: 19,valueOf,SIMPLE_NAME, 1.0, 1.0, 0.0, 0.0, 0.0, 1.0
b,SIMPLE_NAME, line no: 19,charAt,SIMPLE_NAME, 1.0, 1.0, 0.0, 0.0, 0.0, 1.0
num=num / b,ASSIGNMENT, line no: 20,charAt,SIMPLE_NAME, 1.0, 1.0, 0.0, 0.0, 0.0, 1.0
num,SIMPLE_NAME, line no: 20,alphabet,SIMPLE_NAME, 1.0, 1.0, 0.0, 0.0, 0.0, 1.0
num,SIMPLE_NAME, line no: 20,charAt,SIMPLE_NAME, 1.0, 1.0, 0.0, 0.0, 0.0, 1.0
num / b,INFIX_EXPRESSION, line no: 20,charAt,SIMPLE_NAME, 1.0, 1.0, 0.0, 0.0, 0.0, 1.0
num,SIMPLE_NAME, line no: 20,alphabet,SIMPLE_NAME, 1.0, 1.0, 0.0, 0.0, 0.0, 1.0
num,SIMPLE_NAME, line no: 20,charAt,SIMPLE_NAME, 1.0, 1.0, 0.0, 0.0, 0.0, 1.0
b,SIMPLE_NAME, line no: 20,String,SIMPLE_NAME, 1.0, 1.0, 0.0, 0.0, 0.0, 1.0
b,SIMPLE_NAME, line no: 20,result,SIMPLE_NAME, 1.0, 1.0, 0.0, 0.0, 0.0, 1.0
b,SIMPLE_NAME, line no: 20,valueOf,SIMPLE_NAME, 1.0, 1.0, 0.0, 0.0, 0.0, 1.0
b,SIMPLE_NAME, line no: 20,charAt,SIMPLE_NAME, 1.0, 1.0, 0.0, 0.0, 0.0, 1.0
result,SIMPLE_NAME, line no: 21,b,SIMPLE_NAME, 1.0, 1.0, 0.0, 0.0, 0.0, 1.0
result,SIMPLE_NAME, line no: 21,i,SIMPLE_NAME, 1.0, 1.0, 0.0, 0.0, 0.0, 1.0
result,SIMPLE_NAME, line no: 21,b,SIMPLE_NAME, 1.0, 1.0, 0.0, 0.0, 0.0, 1.0
result,SIMPLE_NAME, line no: 21,i,SIMPLE_NAME, 1.0, 1.0, 0.0, 0.0, 0.0, 1.0
valueOf,SIMPLE_NAME, line no: 21,i,SIMPLE_NAME, 1.0, 1.0, 0.0, 0.0, 0.0, 1.0
alphabet,SIMPLE_NAME, line no: 21,i,SIMPLE_NAME, 1.0, 1.0, 0.0, 0.0, 0.0, 1.0
charAt,SIMPLE_NAME, line no: 21,i,SIMPLE_NAME, 1.0, 1.0, 0.0, 0.0, 0.0, 1.0
i,SIMPLE_NAME, line no: 21,alphabet,SIMPLE_NAME, 1.0, 1.0, 0.0, 0.0, 0.0, 1.0
i,SIMPLE_NAME, line no: 21,charAt,SIMPLE_NAME, 1.0, 1.0, 0.0, 0.0, 0.0, 1.0
result + String.valueOf(alphabet.charAt(i)),INFIX_EXPRESSION, line no: 21,num > 0,INFIX_EXPRESSION, 0.9983388704318937, 0.9285714285714286, 0.0, 0.06976744186046512, 0.0, 1.0
b,SIMPLE_NAME, line no: 19,String.valueOf(alphabet.charAt(i)),METHOD_INVOCATION, 0.9949290060851927, 0.9655172413793104, 0.0, 0.029411764705882353, 0.0, 1.0
b,SIMPLE_NAME, line no: 20,String.valueOf(alphabet.charAt(i)),METHOD_INVOCATION, 0.9949290060851927, 0.9655172413793104, 0.0, 0.029411764705882353, 0.0, 1.0
String.valueOf(alphabet.charAt(i)),METHOD_INVOCATION, line no: 21,b,SIMPLE_NAME, 0.9949290060851927, 0.9655172413793104, 0.0, 0.029411764705882353, 0.0, 1.0
i,SIMPLE_NAME, line no: 19,String.valueOf(alphabet.charAt(i)),METHOD_INVOCATION, 0.9936974789915967, 0.9642857142857143, 0.0, 0.029411764705882353, 0.0, 1.0
charAt,SIMPLE_NAME, line no: 21,result=result + String.valueOf(alphabet.charAt(i)),ASSIGNMENT, 0.9909677419354839, 0.8709677419354839, 0.0, 0.12, 0.0, 1.0
String,SIMPLE_NAME, line no: 21,num=num / b,ASSIGNMENT, 0.990909090909091, 0.9, 0.0, 0.09090909090909091, 0.0, 1.0
valueOf,SIMPLE_NAME, line no: 21,num=num / b,ASSIGNMENT, 0.990909090909091, 0.9, 0.0, 0.09090909090909091, 0.0, 1.0
alphabet.charAt(i),METHOD_INVOCATION, line no: 21,b,SIMPLE_NAME, 0.9888888888888889, 0.9333333333333333, 0.0, 0.05555555555555555, 0.0, 1.0
alphabet.charAt(i),METHOD_INVOCATION, line no: 21,num % b,INFIX_EXPRESSION, 0.9888888888888889, 0.9333333333333333, 0.0, 0.05555555555555555, 0.0, 1.0
alphabet.charAt(i),METHOD_INVOCATION, line no: 21,num / b,INFIX_EXPRESSION, 0.9888888888888889, 0.9333333333333333, 0.0, 0.05555555555555555, 0.0, 1.0
b,SIMPLE_NAME, line no: 19,result + String.valueOf(alphabet.charAt(i)),INFIX_EXPRESSION, 0.9887730553327988, 0.9655172413793104, 0.0, 0.023255813953488372, 0.0, 1.0
b,SIMPLE_NAME, line no: 20,result + String.valueOf(alphabet.charAt(i)),INFIX_EXPRESSION, 0.9887730553327988, 0.9655172413793104, 0.0, 0.023255813953488372, 0.0, 1.0
i,SIMPLE_NAME, line no: 19,result + String.valueOf(alphabet.charAt(i)),INFIX_EXPRESSION, 0.9875415282392027, 0.9642857142857143, 0.0, 0.023255813953488372, 0.0, 1.0
result=result + String.valueOf(alphabet.charAt(i)),ASSIGNMENT, line no: 21,num > 0,INFIX_EXPRESSION, 0.9859259259259259, 0.9259259259259259, 0.0, 0.06, 0.0, 1.0
i,SIMPLE_NAME, line no: 19,result=result + String.valueOf(alphabet.charAt(i)),ASSIGNMENT, 0.9842857142857143, 0.9642857142857143, 0.0, 0.02, 0.0, 1.0
alphabet,SIMPLE_NAME, line no: 21,i=num % b,ASSIGNMENT, 0.9820788530465949, 0.8709677419354839, 0.0, 0.1111111111111111, 0.0, 1.0
num > 0,INFIX_EXPRESSION, line no: 18,"0123456789ABCDEFGHIJKLMNOPQRSTUVWXYZ",STRING_LITERAL, 0.9786967418546365, 0.9523809523809523, 0.0, 0.02631578947368421, 0.0, 1.0
"",STRING_LITERAL, line no: 15,i,SIMPLE_NAME, 0.9767441860465116, 0.9767441860465116, 0.0, 0.0, 0.0, 1.0
"0123456789ABCDEFGHIJKLMNOPQRSTUVWXYZ",STRING_LITERAL, line no: 16,i,SIMPLE_NAME, 0.9767441860465116, 0.9767441860465116, 0.0, 0.0, 0.0, 1.0
result,SIMPLE_NAME, line no: 24,charAt,SIMPLE_NAME, 0.9761904761904763, 0.6428571428571429, 0.0, 0.3333333333333333, 0.0, 1.0
result,SIMPLE_NAME, line no: 24,i,SIMPLE_NAME, 0.9761904761904762, 0.9761904761904762, 0.0, 0.0, 0.0, 1.0
num,SIMPLE_NAME, line no: 19,result=result + String.valueOf(alphabet.charAt(i)),ASSIGNMENT, 0.9710344827586207, 0.9310344827586207, 0.0, 0.04, 0.0, 1.0
num,SIMPLE_NAME, line no: 20,result=result + String.valueOf(alphabet.charAt(i)),ASSIGNMENT, 0.9710344827586207, 0.9310344827586207, 0.0, 0.04, 0.0, 1.0
i,SIMPLE_NAME, line no: 21,valueOf,SIMPLE_NAME, 0.967741935483871, 0.967741935483871, 0.0, 0.0, 0.0, 1.0
String,SIMPLE_NAME, line no: 21,b,SIMPLE_NAME, 0.9666666666666667, 0.9666666666666667, 0.0, 0.0, 0.0, 1.0
valueOf,SIMPLE_NAME, line no: 21,b,SIMPLE_NAME, 0.9666666666666667, 0.9666666666666667, 0.0, 0.0, 0.0, 1.0
num,SIMPLE_NAME, line no: 19,alphabet.charAt(i),METHOD_INVOCATION, 0.9655172413793104, 0.9655172413793104, 0.0, 0.0, 0.0, 1.0
num,SIMPLE_NAME, line no: 20,alphabet.charAt(i),METHOD_INVOCATION, 0.9655172413793104, 0.9655172413793104, 0.0, 0.0, 0.0, 1.0
i,SIMPLE_NAME, line no: 21,String.valueOf(alphabet.charAt(i)),METHOD_INVOCATION, 0.9648956356736242, 0.9354838709677419, 0.0, 0.029411764705882353, 0.0, 1.0
num,SIMPLE_NAME, line no: 20,alphabet.charAt(i),METHOD_INVOCATION, 0.9642857142857143, 0.9642857142857143, 0.0, 0.0, 0.0, 1.0
alphabet,SIMPLE_NAME, line no: 21,num=num / b,ASSIGNMENT, 0.9618768328445748, 0.8709677419354839, 0.0, 0.09090909090909091, 0.0, 1.0
result,SIMPLE_NAME, line no: 15,charAt,SIMPLE_NAME, 0.9612403100775193, 0.627906976744186, 0.0, 0.3333333333333333, 0.0, 1.0
"0123456789ABCDEFGHIJKLMNOPQRSTUVWXYZ",STRING_LITERAL, line no: 16,num > 0,INFIX_EXPRESSION, 0.956548347613219, 0.9302325581395349, 0.0, 0.02631578947368421, 0.0, 1.0
"0123456789ABCDEFGHIJKLMNOPQRSTUVWXYZ",STRING_LITERAL, line no: 16,0,NUMBER_LITERAL, 0.956548347613219, 0.9302325581395349, 0.0, 0.02631578947368421, 0.0, 1.0
0,NUMBER_LITERAL, line no: 18,"0123456789ABCDEFGHIJKLMNOPQRSTUVWXYZ",STRING_LITERAL, 0.956548347613219, 0.9302325581395349, 0.0, 0.02631578947368421, 0.0, 1.0
alphabet.charAt(i),METHOD_INVOCATION, line no: 21,num=num / b,ASSIGNMENT, 0.9555555555555556, 0.9, 0.0, 0.05555555555555555, 0.0, 1.0
String.valueOf(alphabet.charAt(i)),METHOD_INVOCATION, line no: 21,num > 0,INFIX_EXPRESSION, 0.9553752535496958, 0.896551724137931, 0.0, 0.058823529411764705, 0.0, 1.0
alphabet,SIMPLE_NAME, line no: 16,num,SIMPLE_NAME, 0.9534883720930233, 0.9534883720930233, 0.0, 0.0, 0.0, 1.0
num,SIMPLE_NAME, line no: 18,alphabet,SIMPLE_NAME, 0.9534883720930233, 0.9534883720930233, 0.0, 0.0, 0.0, 1.0
num > 0,INFIX_EXPRESSION, line no: 18,"",STRING_LITERAL, 0.9523809523809523, 0.9523809523809523, 0.0, 0.0, 0.0, 1.0
num > 0,INFIX_EXPRESSION, line no: 18,alphabet,SIMPLE_NAME, 0.9523809523809523, 0.9523809523809523, 0.0, 0.0, 0.0, 1.0
num > 0,INFIX_EXPRESSION, line no: 18,i,SIMPLE_NAME, 0.9523809523809523, 0.9523809523809523, 0.0, 0.0, 0.0, 1.0
result,SIMPLE_NAME, line no: 24,0,NUMBER_LITERAL, 0.9523809523809523, 0.9523809523809523, 0.0, 0.0, 0.0, 1.0
b,SIMPLE_NAME, line no: 19,result=result + String.valueOf(alphabet.charAt(i)),ASSIGNMENT, 0.9510344827586207, 0.9310344827586207, 0.0, 0.02, 0.0, 1.0
b,SIMPLE_NAME, line no: 20,result=result + String.valueOf(alphabet.charAt(i)),ASSIGNMENT, 0.9510344827586207, 0.9310344827586207, 0.0, 0.02, 0.0, 1.0
alphabet,SIMPLE_NAME, line no: 21,num,SIMPLE_NAME, 0.9354838709677419, 0.9354838709677419, 0.0, 0.0, 0.0, 1.0
charAt,SIMPLE_NAME, line no: 21,num,SIMPLE_NAME, 0.9354838709677419, 0.9354838709677419, 0.0, 0.0, 0.0, 1.0
charAt,SIMPLE_NAME, line no: 21,b,SIMPLE_NAME, 0.9354838709677419, 0.9354838709677419, 0.0, 0.0, 0.0, 1.0
i,SIMPLE_NAME, line no: 21,result,SIMPLE_NAME, 0.9354838709677419, 0.9354838709677419, 0.0, 0.0, 0.0, 1.0
alphabet.charAt(i),METHOD_INVOCATION, line no: 21,num,SIMPLE_NAME, 0.9333333333333333, 0.9333333333333333, 0.0, 0.0, 0.0, 1.0
num,SIMPLE_NAME, line no: 19,"",STRING_LITERAL, 0.9310344827586207, 0.9310344827586207, 0.0, 0.0, 0.0, 1.0
num,SIMPLE_NAME, line no: 19,"0123456789ABCDEFGHIJKLMNOPQRSTUVWXYZ",STRING_LITERAL, 0.9310344827586207, 0.9310344827586207, 0.0, 0.0, 0.0, 1.0
b,SIMPLE_NAME, line no: 19,"",STRING_LITERAL, 0.9310344827586207, 0.9310344827586207, 0.0, 0.0, 0.0, 1.0
b,SIMPLE_NAME, line no: 19,"0123456789ABCDEFGHIJKLMNOPQRSTUVWXYZ",STRING_LITERAL, 0.9310344827586207, 0.9310344827586207, 0.0, 0.0, 0.0, 1.0
b,SIMPLE_NAME, line no: 19,num > 0,INFIX_EXPRESSION, 0.9310344827586207, 0.9310344827586207, 0.0, 0.0, 0.0, 1.0
num,SIMPLE_NAME, line no: 20,"",STRING_LITERAL, 0.9310344827586207, 0.9310344827586207, 0.0, 0.0, 0.0, 1.0
num,SIMPLE_NAME, line no: 20,"0123456789ABCDEFGHIJKLMNOPQRSTUVWXYZ",STRING_LITERAL, 0.9310344827586207, 0.9310344827586207, 0.0, 0.0, 0.0, 1.0
b,SIMPLE_NAME, line no: 20,"",STRING_LITERAL, 0.9310344827586207, 0.9310344827586207, 0.0, 0.0, 0.0, 1.0
b,SIMPLE_NAME, line no: 20,"0123456789ABCDEFGHIJKLMNOPQRSTUVWXYZ",STRING_LITERAL, 0.9310344827586207, 0.9310344827586207, 0.0, 0.0, 0.0, 1.0
b,SIMPLE_NAME, line no: 20,num > 0,INFIX_EXPRESSION, 0.9310344827586207, 0.9310344827586207, 0.0, 0.0, 0.0, 1.0
result,SIMPLE_NAME, line no: 21,0,NUMBER_LITERAL, 0.9310344827586207, 0.9310344827586207, 0.0, 0.0, 0.0, 1.0
String,SIMPLE_NAME, line no: 15,0,NUMBER_LITERAL, 0.9302325581395349, 0.9302325581395349, 0.0, 0.0, 0.0, 1.0
result,SIMPLE_NAME, line no: 15,0,NUMBER_LITERAL, 0.9302325581395349, 0.9302325581395349, 0.0, 0.0, 0.0, 1.0
"",STRING_LITERAL, line no: 15,num,SIMPLE_NAME, 0.9302325581395349, 0.9302325581395349, 0.0, 0.0, 0.0, 1.0
"",STRING_LITERAL, line no: 15,num > 0,INFIX_EXPRESSION, 0.9302325581395349, 0.9302325581395349, 0.0, 0.0, 0.0, 1.0
"",STRING_LITERAL, line no: 15,0,NUMBER_LITERAL, 0.9302325581395349, 0.9302325581395349, 0.0, 0.0, 0.0, 1.0
String,SIMPLE_NAME, line no: 16,0,NUMBER_LITERAL, 0.9302325581395349, 0.9302325581395349, 0.0, 0.0, 0.0, 1.0
alphabet,SIMPLE_NAME, line no: 16,num > 0,INFIX_EXPRESSION, 0.9302325581395349, 0.9302325581395349, 0.0, 0.0, 0.0, 1.0
alphabet,SIMPLE_NAME, line no: 16,0,NUMBER_LITERAL, 0.9302325581395349, 0.9302325581395349, 0.0, 0.0, 0.0, 1.0
"0123456789ABCDEFGHIJKLMNOPQRSTUVWXYZ",STRING_LITERAL, line no: 16,num,SIMPLE_NAME, 0.9302325581395349, 0.9302325581395349, 0.0, 0.0, 0.0, 1.0
num,SIMPLE_NAME, line no: 18,"",STRING_LITERAL, 0.9302325581395349, 0.9302325581395349, 0.0, 0.0, 0.0, 1.0
num,SIMPLE_NAME, line no: 18,"0123456789ABCDEFGHIJKLMNOPQRSTUVWXYZ",STRING_LITERAL, 0.9302325581395349, 0.9302325581395349, 0.0, 0.0, 0.0, 1.0
0,NUMBER_LITERAL, line no: 18,String,SIMPLE_NAME, 0.9302325581395349, 0.9302325581395349, 0.0, 0.0, 0.0, 1.0
0,NUMBER_LITERAL, line no: 18,result,SIMPLE_NAME, 0.9302325581395349, 0.9302325581395349, 0.0, 0.0, 0.0, 1.0
0,NUMBER_LITERAL, line no: 18,"",STRING_LITERAL, 0.9302325581395349, 0.9302325581395349, 0.0, 0.0, 0.0, 1.0
0,NUMBER_LITERAL, line no: 18,alphabet,SIMPLE_NAME, 0.9302325581395349, 0.9302325581395349, 0.0, 0.0, 0.0, 1.0
i,SIMPLE_NAME, line no: 19,"",STRING_LITERAL, 0.9285714285714286, 0.9285714285714286, 0.0, 0.0, 0.0, 1.0
i,SIMPLE_NAME, line no: 19,"0123456789ABCDEFGHIJKLMNOPQRSTUVWXYZ",STRING_LITERAL, 0.9285714285714286, 0.9285714285714286, 0.0, 0.0, 0.0, 1.0
i,SIMPLE_NAME, line no: 19,num > 0,INFIX_EXPRESSION, 0.9285714285714286, 0.9285714285714286, 0.0, 0.0, 0.0, 1.0
num % b,INFIX_EXPRESSION, line no: 19,"",STRING_LITERAL, 0.9285714285714286, 0.9285714285714286, 0.0, 0.0, 0.0, 1.0
num % b,INFIX_EXPRESSION, line no: 19,"0123456789ABCDEFGHIJKLMNOPQRSTUVWXYZ",STRING_LITERAL, 0.9285714285714286, 0.9285714285714286, 0.0, 0.0, 0.0, 1.0
num,SIMPLE_NAME, line no: 20,"",STRING_LITERAL, 0.9285714285714286, 0.9285714285714286, 0.0, 0.0, 0.0, 1.0
num,SIMPLE_NAME, line no: 20,"0123456789ABCDEFGHIJKLMNOPQRSTUVWXYZ",STRING_LITERAL, 0.9285714285714286, 0.9285714285714286, 0.0, 0.0, 0.0, 1.0
num / b,INFIX_EXPRESSION, line no: 20,"",STRING_LITERAL, 0.9285714285714286, 0.9285714285714286, 0.0, 0.0, 0.0, 1.0
num / b,INFIX_EXPRESSION, line no: 20,"0123456789ABCDEFGHIJKLMNOPQRSTUVWXYZ",STRING_LITERAL, 0.9285714285714286, 0.9285714285714286, 0.0, 0.0, 0.0, 1.0
result,SIMPLE_NAME, line no: 21,0,NUMBER_LITERAL, 0.9285714285714286, 0.9285714285714286, 0.0, 0.0, 0.0, 1.0
result + String.valueOf(alphabet.charAt(i)),INFIX_EXPRESSION, line no: 21,0,NUMBER_LITERAL, 0.9285714285714286, 0.9285714285714286, 0.0, 0.0, 0.0, 1.0
i,SIMPLE_NAME, line no: 21,result + String.valueOf(alphabet.charAt(i)),INFIX_EXPRESSION, 0.9264816204051013, 0.9032258064516129, 0.0, 0.023255813953488372, 0.0, 1.0
i=num % b,ASSIGNMENT, line no: 19,"",STRING_LITERAL, 0.9259259259259259, 0.9259259259259259, 0.0, 0.0, 0.0, 1.0
i=num % b,ASSIGNMENT, line no: 19,"0123456789ABCDEFGHIJKLMNOPQRSTUVWXYZ",STRING_LITERAL, 0.9259259259259259, 0.9259259259259259, 0.0, 0.0, 0.0, 1.0
num=num / b,ASSIGNMENT, line no: 20,"",STRING_LITERAL, 0.9259259259259259, 0.9259259259259259, 0.0, 0.0, 0.0, 1.0
num=num / b,ASSIGNMENT, line no: 20,"0123456789ABCDEFGHIJKLMNOPQRSTUVWXYZ",STRING_LITERAL, 0.9259259259259259, 0.9259259259259259, 0.0, 0.0, 0.0, 1.0
result=result + String.valueOf(alphabet.charAt(i)),ASSIGNMENT, line no: 21,0,NUMBER_LITERAL, 0.9259259259259259, 0.9259259259259259, 0.0, 0.0, 0.0, 1.0
charAt,SIMPLE_NAME, line no: 21,num % b,INFIX_EXPRESSION, 0.9032258064516129, 0.9032258064516129, 0.0, 0.0, 0.0, 1.0
charAt,SIMPLE_NAME, line no: 21,num / b,INFIX_EXPRESSION, 0.9032258064516129, 0.9032258064516129, 0.0, 0.0, 0.0, 1.0
String,SIMPLE_NAME, line no: 21,0,NUMBER_LITERAL, 0.9, 0.9, 0.0, 0.0, 0.0, 1.0
valueOf,SIMPLE_NAME, line no: 21,0,NUMBER_LITERAL, 0.9, 0.9, 0.0, 0.0, 0.0, 1.0
charAt,SIMPLE_NAME, line no: 21,"0123456789ABCDEFGHIJKLMNOPQRSTUVWXYZ",STRING_LITERAL, 0.8972835314091681, 0.8709677419354839, 0.0, 0.02631578947368421, 0.0, 1.0
String.valueOf(alphabet.charAt(i)),METHOD_INVOCATION, line no: 21,0,NUMBER_LITERAL, 0.896551724137931, 0.896551724137931, 0.0, 0.0, 0.0, 1.0
alphabet.charAt(i),METHOD_INVOCATION, line no: 21,"0123456789ABCDEFGHIJKLMNOPQRSTUVWXYZ",STRING_LITERAL, 0.8929824561403509, 0.8666666666666667, 0.0, 0.02631578947368421, 0.0, 1.0
i,SIMPLE_NAME, line no: 21,result=result + String.valueOf(alphabet.charAt(i)),ASSIGNMENT, 0.8909677419354839, 0.8709677419354839, 0.0, 0.02, 0.0, 1.0
alphabet,SIMPLE_NAME, line no: 21,num > 0,INFIX_EXPRESSION, 0.8709677419354839, 0.8709677419354839, 0.0, 0.0, 0.0, 1.0
alphabet,SIMPLE_NAME, line no: 21,0,NUMBER_LITERAL, 0.8709677419354839, 0.8709677419354839, 0.0, 0.0, 0.0, 1.0
charAt,SIMPLE_NAME, line no: 21,"",STRING_LITERAL, 0.8709677419354839, 0.8709677419354839, 0.0, 0.0, 0.0, 1.0
charAt,SIMPLE_NAME, line no: 21,num > 0,INFIX_EXPRESSION, 0.8709677419354839, 0.8709677419354839, 0.0, 0.0, 0.0, 1.0
charAt,SIMPLE_NAME, line no: 21,0,NUMBER_LITERAL, 0.8709677419354839, 0.8709677419354839, 0.0, 0.0, 0.0, 1.0
charAt,SIMPLE_NAME, line no: 21,i=num % b,ASSIGNMENT, 0.8709677419354839, 0.8709677419354839, 0.0, 0.0, 0.0, 1.0
charAt,SIMPLE_NAME, line no: 21,num=num / b,ASSIGNMENT, 0.8709677419354839, 0.8709677419354839, 0.0, 0.0, 0.0, 1.0
i,SIMPLE_NAME, line no: 21,"",STRING_LITERAL, 0.8709677419354839, 0.8709677419354839, 0.0, 0.0, 0.0, 1.0
i,SIMPLE_NAME, line no: 21,"0123456789ABCDEFGHIJKLMNOPQRSTUVWXYZ",STRING_LITERAL, 0.8709677419354839, 0.8709677419354839, 0.0, 0.0, 0.0, 1.0
i,SIMPLE_NAME, line no: 21,num > 0,INFIX_EXPRESSION, 0.8709677419354839, 0.8709677419354839, 0.0, 0.0, 0.0, 1.0
alphabet.charAt(i),METHOD_INVOCATION, line no: 21,"",STRING_LITERAL, 0.8666666666666667, 0.8666666666666667, 0.0, 0.0, 0.0, 1.0
alphabet.charAt(i),METHOD_INVOCATION, line no: 21,num > 0,INFIX_EXPRESSION, 0.8666666666666667, 0.8666666666666667, 0.0, 0.0, 0.0, 1.0
alphabet.charAt(i),METHOD_INVOCATION, line no: 21,0,NUMBER_LITERAL, 0.8666666666666667, 0.8666666666666667, 0.0, 0.0, 0.0, 1.0
String,SIMPLE_NAME, line no: 15,i=num % b,ASSIGNMENT, 0.8036175710594315, 0.5813953488372093, 0.0, 0.2222222222222222, 0.0, 1.0
String,SIMPLE_NAME, line no: 16,i=num % b,ASSIGNMENT, 0.8036175710594315, 0.5813953488372093, 0.0, 0.2222222222222222, 0.0, 1.0
String,SIMPLE_NAME, line no: 15,charAt,SIMPLE_NAME, 0.7945736434108527, 0.627906976744186, 0.0, 0.16666666666666666, 0.0, 1.0
String,SIMPLE_NAME, line no: 16,charAt,SIMPLE_NAME, 0.7945736434108527, 0.627906976744186, 0.0, 0.16666666666666666, 0.0, 1.0
num > 0,INFIX_EXPRESSION, line no: 18,valueOf,SIMPLE_NAME, 0.7857142857142858, 0.6428571428571429, 0.0, 0.14285714285714285, 0.0, 1.0
String,SIMPLE_NAME, line no: 15,alphabet.charAt(i),METHOD_INVOCATION, 0.7713178294573643, 0.6046511627906976, 0.0, 0.16666666666666666, 0.0, 1.0
String,SIMPLE_NAME, line no: 16,alphabet.charAt(i),METHOD_INVOCATION, 0.7713178294573643, 0.6046511627906976, 0.0, 0.16666666666666666, 0.0, 1.0
num,SIMPLE_NAME, line no: 18,valueOf,SIMPLE_NAME, 0.7707641196013288, 0.627906976744186, 0.0, 0.14285714285714285, 0.0, 1.0
result,SIMPLE_NAME, line no: 24,num % b,INFIX_EXPRESSION, 0.7619047619047619, 0.6190476190476191, 0.0, 0.14285714285714285, 0.0, 1.0
result,SIMPLE_NAME, line no: 24,num / b,INFIX_EXPRESSION, 0.7619047619047619, 0.6190476190476191, 0.0, 0.14285714285714285, 0.0, 1.0
alphabet,SIMPLE_NAME, line no: 16,b,SIMPLE_NAME, 0.752906976744186, 0.627906976744186, 0.0, 0.125, 0.0, 1.0
String,SIMPLE_NAME, line no: 15,num % b,INFIX_EXPRESSION, 0.7475083056478404, 0.6046511627906976, 0.0, 0.14285714285714285, 0.0, 1.0
String,SIMPLE_NAME, line no: 15,num / b,INFIX_EXPRESSION, 0.7475083056478404, 0.6046511627906976, 0.0, 0.14285714285714285, 0.0, 1.0
result,SIMPLE_NAME, line no: 15,num % b,INFIX_EXPRESSION, 0.7475083056478404, 0.6046511627906976, 0.0, 0.14285714285714285, 0.0, 1.0
result,SIMPLE_NAME, line no: 15,num / b,INFIX_EXPRESSION, 0.7475083056478404, 0.6046511627906976, 0.0, 0.14285714285714285, 0.0, 1.0
String,SIMPLE_NAME, line no: 16,num % b,INFIX_EXPRESSION, 0.7475083056478404, 0.6046511627906976, 0.0, 0.14285714285714285, 0.0, 1.0
String,SIMPLE_NAME, line no: 16,num / b,INFIX_EXPRESSION, 0.7475083056478404, 0.6046511627906976, 0.0, 0.14285714285714285, 0.0, 1.0
result,SIMPLE_NAME, line no: 24,alphabet.charAt(i),METHOD_INVOCATION, 0.7301587301587302, 0.6190476190476191, 0.0, 0.1111111111111111, 0.0, 1.0
alphabet,SIMPLE_NAME, line no: 16,num % b,INFIX_EXPRESSION, 0.7296511627906976, 0.6046511627906976, 0.0, 0.125, 0.0, 1.0
alphabet,SIMPLE_NAME, line no: 16,num / b,INFIX_EXPRESSION, 0.7296511627906976, 0.6046511627906976, 0.0, 0.125, 0.0, 1.0
result,SIMPLE_NAME, line no: 15,alphabet.charAt(i),METHOD_INVOCATION, 0.7157622739018088, 0.6046511627906976, 0.0, 0.1111111111111111, 0.0, 1.0
result,SIMPLE_NAME, line no: 24,i=num % b,ASSIGNMENT, 0.7063492063492063, 0.5952380952380952, 0.0, 0.1111111111111111, 0.0, 1.0
result,SIMPLE_NAME, line no: 15,i=num % b,ASSIGNMENT, 0.6925064599483204, 0.5813953488372093, 0.0, 0.1111111111111111, 0.0, 1.0
alphabet,SIMPLE_NAME, line no: 16,i=num % b,ASSIGNMENT, 0.6925064599483204, 0.5813953488372093, 0.0, 0.1111111111111111, 0.0, 1.0
num > 0,INFIX_EXPRESSION, line no: 18,result + String.valueOf(alphabet.charAt(i)),INFIX_EXPRESSION, 0.6888150609080842, 0.6190476190476191, 0.0, 0.06976744186046512, 0.0, 1.0
result,SIMPLE_NAME, line no: 24,num=num / b,ASSIGNMENT, 0.6861471861471862, 0.5952380952380952, 0.0, 0.09090909090909091, 0.0, 1.0
num > 0,INFIX_EXPRESSION, line no: 18,String.valueOf(alphabet.charAt(i)),METHOD_INVOCATION, 0.6778711484593838, 0.6190476190476191, 0.0, 0.058823529411764705, 0.0, 1.0
String,SIMPLE_NAME, line no: 15,num=num / b,ASSIGNMENT, 0.6723044397463003, 0.5813953488372093, 0.0, 0.09090909090909091, 0.0, 1.0
result,SIMPLE_NAME, line no: 15,num=num / b,ASSIGNMENT, 0.6723044397463003, 0.5813953488372093, 0.0, 0.09090909090909091, 0.0, 1.0
String,SIMPLE_NAME, line no: 16,num=num / b,ASSIGNMENT, 0.6723044397463003, 0.5813953488372093, 0.0, 0.09090909090909091, 0.0, 1.0
alphabet,SIMPLE_NAME, line no: 16,num=num / b,ASSIGNMENT, 0.6723044397463003, 0.5813953488372093, 0.0, 0.09090909090909091, 0.0, 1.0
num,SIMPLE_NAME, line no: 18,String.valueOf(alphabet.charAt(i)),METHOD_INVOCATION, 0.6634746922024624, 0.6046511627906976, 0.0, 0.058823529411764705, 0.0, 1.0
num > 0,INFIX_EXPRESSION, line no: 18,result=result + String.valueOf(alphabet.charAt(i)),ASSIGNMENT, 0.6552380952380952, 0.5952380952380952, 0.0, 0.06, 0.0, 1.0
"0123456789ABCDEFGHIJKLMNOPQRSTUVWXYZ",STRING_LITERAL, line no: 16,charAt,SIMPLE_NAME, 0.6542227662178702, 0.627906976744186, 0.0, 0.02631578947368421, 0.0, 1.0
num,SIMPLE_NAME, line no: 18,result + String.valueOf(alphabet.charAt(i)),INFIX_EXPRESSION, 0.6511627906976744, 0.6046511627906976, 0.0, 0.046511627906976744, 0.0, 1.0
num > 0,INFIX_EXPRESSION, line no: 18,b,SIMPLE_NAME, 0.6428571428571429, 0.6428571428571429, 0.0, 0.0, 0.0, 1.0
num > 0,INFIX_EXPRESSION, line no: 18,charAt,SIMPLE_NAME, 0.6428571428571429, 0.6428571428571429, 0.0, 0.0, 0.0, 1.0
result,SIMPLE_NAME, line no: 24,b,SIMPLE_NAME, 0.6428571428571429, 0.6428571428571429, 0.0, 0.0, 0.0, 1.0
"0123456789ABCDEFGHIJKLMNOPQRSTUVWXYZ",STRING_LITERAL, line no: 16,alphabet.charAt(i),METHOD_INVOCATION, 0.6309669522643818, 0.6046511627906976, 0.0, 0.02631578947368421, 0.0, 1.0
String,SIMPLE_NAME, line no: 15,b,SIMPLE_NAME, 0.627906976744186, 0.627906976744186, 0.0, 0.0, 0.0, 1.0
result,SIMPLE_NAME, line no: 15,b,SIMPLE_NAME, 0.627906976744186, 0.627906976744186, 0.0, 0.0, 0.0, 1.0
"",STRING_LITERAL, line no: 15,b,SIMPLE_NAME, 0.627906976744186, 0.627906976744186, 0.0, 0.0, 0.0, 1.0
"",STRING_LITERAL, line no: 15,charAt,SIMPLE_NAME, 0.627906976744186, 0.627906976744186, 0.0, 0.0, 0.0, 1.0
String,SIMPLE_NAME, line no: 16,b,SIMPLE_NAME, 0.627906976744186, 0.627906976744186, 0.0, 0.0, 0.0, 1.0
"0123456789ABCDEFGHIJKLMNOPQRSTUVWXYZ",STRING_LITERAL, line no: 16,b,SIMPLE_NAME, 0.627906976744186, 0.627906976744186, 0.0, 0.0, 0.0, 1.0
num,SIMPLE_NAME, line no: 18,charAt,SIMPLE_NAME, 0.627906976744186, 0.627906976744186, 0.0, 0.0, 0.0, 1.0
0,NUMBER_LITERAL, line no: 18,valueOf,SIMPLE_NAME, 0.627906976744186, 0.627906976744186, 0.0, 0.0, 0.0, 1.0
0,NUMBER_LITERAL, line no: 18,charAt,SIMPLE_NAME, 0.627906976744186, 0.627906976744186, 0.0, 0.0, 0.0, 1.0
num,SIMPLE_NAME, line no: 18,result=result + String.valueOf(alphabet.charAt(i)),ASSIGNMENT, 0.6213953488372094, 0.5813953488372093, 0.0, 0.04, 0.0, 1.0
num > 0,INFIX_EXPRESSION, line no: 18,alphabet.charAt(i),METHOD_INVOCATION, 0.6190476190476191, 0.6190476190476191, 0.0, 0.0, 0.0, 1.0
"",STRING_LITERAL, line no: 15,num % b,INFIX_EXPRESSION, 0.6046511627906976, 0.6046511627906976, 0.0, 0.0, 0.0, 1.0
"",STRING_LITERAL, line no: 15,num / b,INFIX_EXPRESSION, 0.6046511627906976, 0.6046511627906976, 0.0, 0.0, 0.0, 1.0
"",STRING_LITERAL, line no: 15,alphabet.charAt(i),METHOD_INVOCATION, 0.6046511627906976, 0.6046511627906976, 0.0, 0.0, 0.0, 1.0
"0123456789ABCDEFGHIJKLMNOPQRSTUVWXYZ",STRING_LITERAL, line no: 16,num % b,INFIX_EXPRESSION, 0.6046511627906976, 0.6046511627906976, 0.0, 0.0, 0.0, 1.0
"0123456789ABCDEFGHIJKLMNOPQRSTUVWXYZ",STRING_LITERAL, line no: 16,num / b,INFIX_EXPRESSION, 0.6046511627906976, 0.6046511627906976, 0.0, 0.0, 0.0, 1.0
num,SIMPLE_NAME, line no: 18,alphabet.charAt(i),METHOD_INVOCATION, 0.6046511627906976, 0.6046511627906976, 0.0, 0.0, 0.0, 1.0
0,NUMBER_LITERAL, line no: 18,result + String.valueOf(alphabet.charAt(i)),INFIX_EXPRESSION, 0.6046511627906976, 0.6046511627906976, 0.0, 0.0, 0.0, 1.0
0,NUMBER_LITERAL, line no: 18,String.valueOf(alphabet.charAt(i)),METHOD_INVOCATION, 0.6046511627906976, 0.6046511627906976, 0.0, 0.0, 0.0, 1.0
0,NUMBER_LITERAL, line no: 18,alphabet.charAt(i),METHOD_INVOCATION, 0.6046511627906976, 0.6046511627906976, 0.0, 0.0, 0.0, 1.0
"",STRING_LITERAL, line no: 15,i=num % b,ASSIGNMENT, 0.5813953488372093, 0.5813953488372093, 0.0, 0.0, 0.0, 1.0
"",STRING_LITERAL, line no: 15,num=num / b,ASSIGNMENT, 0.5813953488372093, 0.5813953488372093, 0.0, 0.0, 0.0, 1.0
"0123456789ABCDEFGHIJKLMNOPQRSTUVWXYZ",STRING_LITERAL, line no: 16,i=num % b,ASSIGNMENT, 0.5813953488372093, 0.5813953488372093, 0.0, 0.0, 0.0, 1.0
"0123456789ABCDEFGHIJKLMNOPQRSTUVWXYZ",STRING_LITERAL, line no: 16,num=num / b,ASSIGNMENT, 0.5813953488372093, 0.5813953488372093, 0.0, 0.0, 0.0, 1.0
0,NUMBER_LITERAL, line no: 18,result=result + String.valueOf(alphabet.charAt(i)),ASSIGNMENT, 0.5813953488372093, 0.5813953488372093, 0.0, 0.0, 0.0, 1.0
result,SIMPLE_NAME, line no: 21,util,SIMPLE_NAME, 0.369047619047619, 0.03571428571428571, 0.0, 0.3333333333333333, 0.0, 1.0
result,SIMPLE_NAME, line no: 21,util,SIMPLE_NAME, 0.367816091954023, 0.034482758620689655, 0.0, 0.3333333333333333, 0.0, 1.0
String,SIMPLE_NAME, line no: 21,util,SIMPLE_NAME, 0.36666666666666664, 0.03333333333333333, 0.0, 0.3333333333333333, 0.0, 1.0
result,SIMPLE_NAME, line no: 24,util,SIMPLE_NAME, 0.3571428571428571, 0.023809523809523808, 0.0, 0.3333333333333333, 0.0, 1.0
String,SIMPLE_NAME, line no: 15,util,SIMPLE_NAME, 0.3565891472868217, 0.023255813953488372, 0.0, 0.3333333333333333, 0.0, 1.0
result,SIMPLE_NAME, line no: 15,util,SIMPLE_NAME, 0.3565891472868217, 0.023255813953488372, 0.0, 0.3333333333333333, 0.0, 1.0
String,SIMPLE_NAME, line no: 16,util,SIMPLE_NAME, 0.3565891472868217, 0.023255813953488372, 0.0, 0.3333333333333333, 0.0, 1.0
alphabet,SIMPLE_NAME, line no: 16,java.util,QUALIFIED_NAME, 0.3333333333333333, 0.0, 0.0, 0.3333333333333333, 0.0, 1.0
valueOf,SIMPLE_NAME, line no: 21,java.util,QUALIFIED_NAME, 0.3333333333333333, 0.0, 0.0, 0.3333333333333333, 0.0, 1.0
alphabet,SIMPLE_NAME, line no: 21,java.util,QUALIFIED_NAME, 0.3333333333333333, 0.0, 0.0, 0.3333333333333333, 0.0, 1.0
valueOf,SIMPLE_NAME, line no: 21,java,SIMPLE_NAME, 0.319047619047619, 0.03333333333333333, 0.0, 0.2857142857142857, 0.0, 1.0
i,SIMPLE_NAME, line no: 19,util,SIMPLE_NAME, 0.2857142857142857, 0.03571428571428571, 0.0, 0.25, 0.0, 1.0
num,SIMPLE_NAME, line no: 20,util,SIMPLE_NAME, 0.2857142857142857, 0.03571428571428571, 0.0, 0.25, 0.0, 1.0
num,SIMPLE_NAME, line no: 19,util,SIMPLE_NAME, 0.28448275862068967, 0.034482758620689655, 0.0, 0.25, 0.0, 1.0
num,SIMPLE_NAME, line no: 20,util,SIMPLE_NAME, 0.28448275862068967, 0.034482758620689655, 0.0, 0.25, 0.0, 1.0
alphabet,SIMPLE_NAME, line no: 21,java,SIMPLE_NAME, 0.282258064516129, 0.03225806451612903, 0.0, 0.25, 0.0, 1.0
i,SIMPLE_NAME, line no: 21,util,SIMPLE_NAME, 0.282258064516129, 0.03225806451612903, 0.0, 0.25, 0.0, 1.0
alphabet.charAt(i),METHOD_INVOCATION, line no: 21,java.util,QUALIFIED_NAME, 0.2777777777777778, 0.0, 0.0, 0.2777777777777778, 0.0, 1.0
alphabet,SIMPLE_NAME, line no: 16,java,SIMPLE_NAME, 0.27325581395348836, 0.023255813953488372, 0.0, 0.25, 0.0, 1.0
num,SIMPLE_NAME, line no: 18,util,SIMPLE_NAME, 0.27325581395348836, 0.023255813953488372, 0.0, 0.25, 0.0, 1.0
String,SIMPLE_NAME, line no: 15,java.util,QUALIFIED_NAME, 0.2222222222222222, 0.0, 0.0, 0.2222222222222222, 0.0, 1.0
result,SIMPLE_NAME, line no: 15,java.util,QUALIFIED_NAME, 0.2222222222222222, 0.0, 0.0, 0.2222222222222222, 0.0, 1.0
String,SIMPLE_NAME, line no: 16,java.util,QUALIFIED_NAME, 0.2222222222222222, 0.0, 0.0, 0.2222222222222222, 0.0, 1.0
result,SIMPLE_NAME, line no: 21,java.util,QUALIFIED_NAME, 0.2222222222222222, 0.0, 0.0, 0.2222222222222222, 0.0, 1.0
result,SIMPLE_NAME, line no: 21,java.util,QUALIFIED_NAME, 0.2222222222222222, 0.0, 0.0, 0.2222222222222222, 0.0, 1.0
String,SIMPLE_NAME, line no: 21,java.util,QUALIFIED_NAME, 0.2222222222222222, 0.0, 0.0, 0.2222222222222222, 0.0, 1.0
charAt,SIMPLE_NAME, line no: 21,java.util,QUALIFIED_NAME, 0.2222222222222222, 0.0, 0.0, 0.2222222222222222, 0.0, 1.0
result,SIMPLE_NAME, line no: 24,java.util,QUALIFIED_NAME, 0.2222222222222222, 0.0, 0.0, 0.2222222222222222, 0.0, 1.0
charAt,SIMPLE_NAME, line no: 21,java,SIMPLE_NAME, 0.1989247311827957, 0.03225806451612903, 0.0, 0.16666666666666666, 0.0, 1.0
charAt,SIMPLE_NAME, line no: 21,util,SIMPLE_NAME, 0.1989247311827957, 0.03225806451612903, 0.0, 0.16666666666666666, 0.0, 1.0
alphabet.charAt(i),METHOD_INVOCATION, line no: 21,buggy_java_programs,SIMPLE_NAME, 0.19122807017543858, 0.03333333333333333, 0.0, 0.15789473684210525, 0.0, 1.0
alphabet,SIMPLE_NAME, line no: 21,buggy_java_programs,SIMPLE_NAME, 0.19015280135823429, 0.03225806451612903, 0.0, 0.15789473684210525, 0.0, 1.0
String.valueOf(alphabet.charAt(i)),METHOD_INVOCATION, line no: 21,buggy_java_programs,SIMPLE_NAME, 0.1815415821501014, 0.034482758620689655, 0.0, 0.14705882352941177, 0.0, 1.0
alphabet,SIMPLE_NAME, line no: 16,buggy_java_programs,SIMPLE_NAME, 0.1811505507955936, 0.023255813953488372, 0.0, 0.15789473684210525, 0.0, 1.0
num % b,INFIX_EXPRESSION, line no: 19,util,SIMPLE_NAME, 0.17857142857142855, 0.03571428571428571, 0.0, 0.14285714285714285, 0.0, 1.0
num % b,INFIX_EXPRESSION, line no: 19,to_base,SIMPLE_NAME, 0.17857142857142855, 0.03571428571428571, 0.0, 0.14285714285714285, 0.0, 1.0
num / b,INFIX_EXPRESSION, line no: 20,util,SIMPLE_NAME, 0.17857142857142855, 0.03571428571428571, 0.0, 0.14285714285714285, 0.0, 1.0
num / b,INFIX_EXPRESSION, line no: 20,to_base,SIMPLE_NAME, 0.17857142857142855, 0.03571428571428571, 0.0, 0.14285714285714285, 0.0, 1.0
b,SIMPLE_NAME, line no: 19,to_base,SIMPLE_NAME, 0.17733990147783252, 0.034482758620689655, 0.0, 0.14285714285714285, 0.0, 1.0
b,SIMPLE_NAME, line no: 20,to_base,SIMPLE_NAME, 0.17733990147783252, 0.034482758620689655, 0.0, 0.14285714285714285, 0.0, 1.0
String,SIMPLE_NAME, line no: 21,TO_BASE,SIMPLE_NAME, 0.17619047619047618, 0.03333333333333333, 0.0, 0.14285714285714285, 0.0, 1.0
valueOf,SIMPLE_NAME, line no: 21,util,SIMPLE_NAME, 0.17619047619047618, 0.03333333333333333, 0.0, 0.14285714285714285, 0.0, 1.0
valueOf,SIMPLE_NAME, line no: 21,TO_BASE,SIMPLE_NAME, 0.17619047619047618, 0.03333333333333333, 0.0, 0.14285714285714285, 0.0, 1.0
result + String.valueOf(alphabet.charAt(i)),INFIX_EXPRESSION, line no: 21,buggy_java_programs,SIMPLE_NAME, 0.17524916943521596, 0.03571428571428571, 0.0, 0.13953488372093023, 0.0, 1.0
charAt,SIMPLE_NAME, line no: 21,TO_BASE,SIMPLE_NAME, 0.17511520737327188, 0.03225806451612903, 0.0, 0.14285714285714285, 0.0, 1.0
charAt,SIMPLE_NAME, line no: 21,to_base,SIMPLE_NAME, 0.17511520737327188, 0.03225806451612903, 0.0, 0.14285714285714285, 0.0, 1.0
num > 0,INFIX_EXPRESSION, line no: 18,util,SIMPLE_NAME, 0.16666666666666666, 0.023809523809523808, 0.0, 0.14285714285714285, 0.0, 1.0
String,SIMPLE_NAME, line no: 15,TO_BASE,SIMPLE_NAME, 0.1661129568106312, 0.023255813953488372, 0.0, 0.14285714285714285, 0.0, 1.0
String,SIMPLE_NAME, line no: 16,TO_BASE,SIMPLE_NAME, 0.1661129568106312, 0.023255813953488372, 0.0, 0.14285714285714285, 0.0, 1.0
alphabet,SIMPLE_NAME, line no: 21,util,SIMPLE_NAME, 0.15725806451612903, 0.03225806451612903, 0.0, 0.125, 0.0, 1.0
result=result + String.valueOf(alphabet.charAt(i)),ASSIGNMENT, line no: 21,buggy_java_programs,SIMPLE_NAME, 0.15703703703703703, 0.037037037037037035, 0.0, 0.12, 0.0, 1.0
alphabet,SIMPLE_NAME, line no: 16,util,SIMPLE_NAME, 0.14825581395348836, 0.023255813953488372, 0.0, 0.125, 0.0, 1.0
i=num % b,ASSIGNMENT, line no: 19,util,SIMPLE_NAME, 0.14814814814814814, 0.037037037037037035, 0.0, 0.1111111111111111, 0.0, 1.0
i=num % b,ASSIGNMENT, line no: 19,to_base,SIMPLE_NAME, 0.14814814814814814, 0.037037037037037035, 0.0, 0.1111111111111111, 0.0, 1.0
String.valueOf(alphabet.charAt(i)),METHOD_INVOCATION, line no: 21,java.util,QUALIFIED_NAME, 0.14705882352941177, 0.0, 0.0, 0.14705882352941177, 0.0, 1.0
alphabet.charAt(i),METHOD_INVOCATION, line no: 21,java,SIMPLE_NAME, 0.14444444444444443, 0.03333333333333333, 0.0, 0.1111111111111111, 0.0, 1.0
alphabet.charAt(i),METHOD_INVOCATION, line no: 21,util,SIMPLE_NAME, 0.14444444444444443, 0.03333333333333333, 0.0, 0.1111111111111111, 0.0, 1.0
alphabet.charAt(i),METHOD_INVOCATION, line no: 21,to_base,SIMPLE_NAME, 0.14444444444444443, 0.03333333333333333, 0.0, 0.1111111111111111, 0.0, 1.0
i=num % b,ASSIGNMENT, line no: 19,buggy_java_programs,SIMPLE_NAME, 0.14230019493177387, 0.037037037037037035, 0.0, 0.10526315789473684, 0.0, 1.0
num=num / b,ASSIGNMENT, line no: 20,buggy_java_programs,SIMPLE_NAME, 0.14230019493177387, 0.037037037037037035, 0.0, 0.10526315789473684, 0.0, 1.0
num % b,INFIX_EXPRESSION, line no: 19,buggy_java_programs,SIMPLE_NAME, 0.14097744360902253, 0.03571428571428571, 0.0, 0.10526315789473684, 0.0, 1.0
num,SIMPLE_NAME, line no: 20,buggy_java_programs,SIMPLE_NAME, 0.14097744360902253, 0.03571428571428571, 0.0, 0.10526315789473684, 0.0, 1.0
num / b,INFIX_EXPRESSION, line no: 20,buggy_java_programs,SIMPLE_NAME, 0.14097744360902253, 0.03571428571428571, 0.0, 0.10526315789473684, 0.0, 1.0
result,SIMPLE_NAME, line no: 21,buggy_java_programs,SIMPLE_NAME, 0.14097744360902253, 0.03571428571428571, 0.0, 0.10526315789473684, 0.0, 1.0
num,SIMPLE_NAME, line no: 19,buggy_java_programs,SIMPLE_NAME, 0.1397459165154265, 0.034482758620689655, 0.0, 0.10526315789473684, 0.0, 1.0
num,SIMPLE_NAME, line no: 20,buggy_java_programs,SIMPLE_NAME, 0.1397459165154265, 0.034482758620689655, 0.0, 0.10526315789473684, 0.0, 1.0
result,SIMPLE_NAME, line no: 21,buggy_java_programs,SIMPLE_NAME, 0.1397459165154265, 0.034482758620689655, 0.0, 0.10526315789473684, 0.0, 1.0
String,SIMPLE_NAME, line no: 21,buggy_java_programs,SIMPLE_NAME, 0.13859649122807016, 0.03333333333333333, 0.0, 0.10526315789473684, 0.0, 1.0
valueOf,SIMPLE_NAME, line no: 21,buggy_java_programs,SIMPLE_NAME, 0.13859649122807016, 0.03333333333333333, 0.0, 0.10526315789473684, 0.0, 1.0
charAt,SIMPLE_NAME, line no: 21,buggy_java_programs,SIMPLE_NAME, 0.13752122241086587, 0.03225806451612903, 0.0, 0.10526315789473684, 0.0, 1.0
num > 0,INFIX_EXPRESSION, line no: 18,buggy_java_programs,SIMPLE_NAME, 0.12907268170426064, 0.023809523809523808, 0.0, 0.10526315789473684, 0.0, 1.0
result,SIMPLE_NAME, line no: 24,buggy_java_programs,SIMPLE_NAME, 0.12907268170426064, 0.023809523809523808, 0.0, 0.10526315789473684, 0.0, 1.0
result + String.valueOf(alphabet.charAt(i)),INFIX_EXPRESSION, line no: 21,util,SIMPLE_NAME, 0.12873754152823919, 0.03571428571428571, 0.0, 0.09302325581395349, 0.0, 1.0
String,SIMPLE_NAME, line no: 15,buggy_java_programs,SIMPLE_NAME, 0.1285189718482252, 0.023255813953488372, 0.0, 0.10526315789473684, 0.0, 1.0
result,SIMPLE_NAME, line no: 15,buggy_java_programs,SIMPLE_NAME, 0.1285189718482252, 0.023255813953488372, 0.0, 0.10526315789473684, 0.0, 1.0
String,SIMPLE_NAME, line no: 16,buggy_java_programs,SIMPLE_NAME, 0.1285189718482252, 0.023255813953488372, 0.0, 0.10526315789473684, 0.0, 1.0
num,SIMPLE_NAME, line no: 18,buggy_java_programs,SIMPLE_NAME, 0.1285189718482252, 0.023255813953488372, 0.0, 0.10526315789473684, 0.0, 1.0
num=num / b,ASSIGNMENT, line no: 20,util,SIMPLE_NAME, 0.12794612794612795, 0.037037037037037035, 0.0, 0.09090909090909091, 0.0, 1.0
num=num / b,ASSIGNMENT, line no: 20,to_base,SIMPLE_NAME, 0.12794612794612795, 0.037037037037037035, 0.0, 0.09090909090909091, 0.0, 1.0
String.valueOf(alphabet.charAt(i)),METHOD_INVOCATION, line no: 21,util,SIMPLE_NAME, 0.12271805273833672, 0.034482758620689655, 0.0, 0.08823529411764706, 0.0, 1.0
result=result + String.valueOf(alphabet.charAt(i)),ASSIGNMENT, line no: 21,util,SIMPLE_NAME, 0.11703703703703704, 0.037037037037037035, 0.0, 0.08, 0.0, 1.0
result + String.valueOf(alphabet.charAt(i)),INFIX_EXPRESSION, line no: 21,java.util,QUALIFIED_NAME, 0.11627906976744186, 0.0, 0.0, 0.11627906976744186, 0.0, 1.0
num > 0,INFIX_EXPRESSION, line no: 18,java.util,QUALIFIED_NAME, 0.1111111111111111, 0.0, 0.0, 0.1111111111111111, 0.0, 1.0
num,SIMPLE_NAME, line no: 18,java.util,QUALIFIED_NAME, 0.1111111111111111, 0.0, 0.0, 0.1111111111111111, 0.0, 1.0
i=num % b,ASSIGNMENT, line no: 19,java.util,QUALIFIED_NAME, 0.1111111111111111, 0.0, 0.0, 0.1111111111111111, 0.0, 1.0
i,SIMPLE_NAME, line no: 19,java.util,QUALIFIED_NAME, 0.1111111111111111, 0.0, 0.0, 0.1111111111111111, 0.0, 1.0
num % b,INFIX_EXPRESSION, line no: 19,java.util,QUALIFIED_NAME, 0.1111111111111111, 0.0, 0.0, 0.1111111111111111, 0.0, 1.0
num,SIMPLE_NAME, line no: 19,java.util,QUALIFIED_NAME, 0.1111111111111111, 0.0, 0.0, 0.1111111111111111, 0.0, 1.0
num,SIMPLE_NAME, line no: 20,java.util,QUALIFIED_NAME, 0.1111111111111111, 0.0, 0.0, 0.1111111111111111, 0.0, 1.0
num / b,INFIX_EXPRESSION, line no: 20,java.util,QUALIFIED_NAME, 0.1111111111111111, 0.0, 0.0, 0.1111111111111111, 0.0, 1.0
num,SIMPLE_NAME, line no: 20,java.util,QUALIFIED_NAME, 0.1111111111111111, 0.0, 0.0, 0.1111111111111111, 0.0, 1.0
i,SIMPLE_NAME, line no: 21,java.util,QUALIFIED_NAME, 0.1111111111111111, 0.0, 0.0, 0.1111111111111111, 0.0, 1.0
result=result + String.valueOf(alphabet.charAt(i)),ASSIGNMENT, line no: 21,java.util,QUALIFIED_NAME, 0.1, 0.0, 0.0, 0.1, 0.0, 1.0
String.valueOf(alphabet.charAt(i)),METHOD_INVOCATION, line no: 21,java,SIMPLE_NAME, 0.09330628803245436, 0.034482758620689655, 0.0, 0.058823529411764705, 0.0, 1.0
String.valueOf(alphabet.charAt(i)),METHOD_INVOCATION, line no: 21,TO_BASE,SIMPLE_NAME, 0.09330628803245436, 0.034482758620689655, 0.0, 0.058823529411764705, 0.0, 1.0
num=num / b,ASSIGNMENT, line no: 20,java.util,QUALIFIED_NAME, 0.09090909090909091, 0.0, 0.0, 0.09090909090909091, 0.0, 1.0
alphabet.charAt(i),METHOD_INVOCATION, line no: 21,TO_BASE,SIMPLE_NAME, 0.08888888888888888, 0.03333333333333333, 0.0, 0.05555555555555555, 0.0, 1.0
b,SIMPLE_NAME, line no: 19,buggy_java_programs,SIMPLE_NAME, 0.08711433756805807, 0.034482758620689655, 0.0, 0.05263157894736842, 0.0, 1.0
b,SIMPLE_NAME, line no: 20,buggy_java_programs,SIMPLE_NAME, 0.08711433756805807, 0.034482758620689655, 0.0, 0.05263157894736842, 0.0, 1.0
result + String.valueOf(alphabet.charAt(i)),INFIX_EXPRESSION, line no: 21,java,SIMPLE_NAME, 0.08222591362126246, 0.03571428571428571, 0.0, 0.046511627906976744, 0.0, 1.0
result + String.valueOf(alphabet.charAt(i)),INFIX_EXPRESSION, line no: 21,TO_BASE,SIMPLE_NAME, 0.08222591362126246, 0.03571428571428571, 0.0, 0.046511627906976744, 0.0, 1.0
result=result + String.valueOf(alphabet.charAt(i)),ASSIGNMENT, line no: 21,java,SIMPLE_NAME, 0.07703703703703704, 0.037037037037037035, 0.0, 0.04, 0.0, 1.0
result=result + String.valueOf(alphabet.charAt(i)),ASSIGNMENT, line no: 21,TO_BASE,SIMPLE_NAME, 0.07703703703703704, 0.037037037037037035, 0.0, 0.04, 0.0, 1.0
"0123456789ABCDEFGHIJKLMNOPQRSTUVWXYZ",STRING_LITERAL, line no: 16,TO_BASE,SIMPLE_NAME, 0.07588739290085679, 0.023255813953488372, 0.0, 0.05263157894736842, 0.0, 1.0
i=num % b,ASSIGNMENT, line no: 19,java,SIMPLE_NAME, 0.037037037037037035, 0.037037037037037035, 0.0, 0.0, 0.0, 1.0
i=num % b,ASSIGNMENT, line no: 19,TO_BASE,SIMPLE_NAME, 0.037037037037037035, 0.037037037037037035, 0.0, 0.0, 0.0, 1.0
num=num / b,ASSIGNMENT, line no: 20,java,SIMPLE_NAME, 0.037037037037037035, 0.037037037037037035, 0.0, 0.0, 0.0, 1.0
num=num / b,ASSIGNMENT, line no: 20,TO_BASE,SIMPLE_NAME, 0.037037037037037035, 0.037037037037037035, 0.0, 0.0, 0.0, 1.0
i,SIMPLE_NAME, line no: 19,buggy_java_programs,SIMPLE_NAME, 0.03571428571428571, 0.03571428571428571, 0.0, 0.0, 0.0, 1.0
i,SIMPLE_NAME, line no: 19,java,SIMPLE_NAME, 0.03571428571428571, 0.03571428571428571, 0.0, 0.0, 0.0, 1.0
i,SIMPLE_NAME, line no: 19,TO_BASE,SIMPLE_NAME, 0.03571428571428571, 0.03571428571428571, 0.0, 0.0, 0.0, 1.0
i,SIMPLE_NAME, line no: 19,to_base,SIMPLE_NAME, 0.03571428571428571, 0.03571428571428571, 0.0, 0.0, 0.0, 1.0
num % b,INFIX_EXPRESSION, line no: 19,java,SIMPLE_NAME, 0.03571428571428571, 0.03571428571428571, 0.0, 0.0, 0.0, 1.0
num % b,INFIX_EXPRESSION, line no: 19,TO_BASE,SIMPLE_NAME, 0.03571428571428571, 0.03571428571428571, 0.0, 0.0, 0.0, 1.0
num,SIMPLE_NAME, line no: 20,java,SIMPLE_NAME, 0.03571428571428571, 0.03571428571428571, 0.0, 0.0, 0.0, 1.0
num,SIMPLE_NAME, line no: 20,TO_BASE,SIMPLE_NAME, 0.03571428571428571, 0.03571428571428571, 0.0, 0.0, 0.0, 1.0
num,SIMPLE_NAME, line no: 20,to_base,SIMPLE_NAME, 0.03571428571428571, 0.03571428571428571, 0.0, 0.0, 0.0, 1.0
num / b,INFIX_EXPRESSION, line no: 20,java,SIMPLE_NAME, 0.03571428571428571, 0.03571428571428571, 0.0, 0.0, 0.0, 1.0
num / b,INFIX_EXPRESSION, line no: 20,TO_BASE,SIMPLE_NAME, 0.03571428571428571, 0.03571428571428571, 0.0, 0.0, 0.0, 1.0
result,SIMPLE_NAME, line no: 21,java,SIMPLE_NAME, 0.03571428571428571, 0.03571428571428571, 0.0, 0.0, 0.0, 1.0
result,SIMPLE_NAME, line no: 21,TO_BASE,SIMPLE_NAME, 0.03571428571428571, 0.03571428571428571, 0.0, 0.0, 0.0, 1.0
num,SIMPLE_NAME, line no: 19,java,SIMPLE_NAME, 0.034482758620689655, 0.034482758620689655, 0.0, 0.0, 0.0, 1.0
num,SIMPLE_NAME, line no: 19,TO_BASE,SIMPLE_NAME, 0.034482758620689655, 0.034482758620689655, 0.0, 0.0, 0.0, 1.0
num,SIMPLE_NAME, line no: 19,to_base,SIMPLE_NAME, 0.034482758620689655, 0.034482758620689655, 0.0, 0.0, 0.0, 1.0
b,SIMPLE_NAME, line no: 19,java,SIMPLE_NAME, 0.034482758620689655, 0.034482758620689655, 0.0, 0.0, 0.0, 1.0
b,SIMPLE_NAME, line no: 19,util,SIMPLE_NAME, 0.034482758620689655, 0.034482758620689655, 0.0, 0.0, 0.0, 1.0
b,SIMPLE_NAME, line no: 19,TO_BASE,SIMPLE_NAME, 0.034482758620689655, 0.034482758620689655, 0.0, 0.0, 0.0, 1.0
num,SIMPLE_NAME, line no: 20,java,SIMPLE_NAME, 0.034482758620689655, 0.034482758620689655, 0.0, 0.0, 0.0, 1.0
num,SIMPLE_NAME, line no: 20,TO_BASE,SIMPLE_NAME, 0.034482758620689655, 0.034482758620689655, 0.0, 0.0, 0.0, 1.0
num,SIMPLE_NAME, line no: 20,to_base,SIMPLE_NAME, 0.034482758620689655, 0.034482758620689655, 0.0, 0.0, 0.0, 1.0
b,SIMPLE_NAME, line no: 20,java,SIMPLE_NAME, 0.034482758620689655, 0.034482758620689655, 0.0, 0.0, 0.0, 1.0
b,SIMPLE_NAME, line no: 20,util,SIMPLE_NAME, 0.034482758620689655, 0.034482758620689655, 0.0, 0.0, 0.0, 1.0
b,SIMPLE_NAME, line no: 20,TO_BASE,SIMPLE_NAME, 0.034482758620689655, 0.034482758620689655, 0.0, 0.0, 0.0, 1.0
result,SIMPLE_NAME, line no: 21,java,SIMPLE_NAME, 0.034482758620689655, 0.034482758620689655, 0.0, 0.0, 0.0, 1.0
result,SIMPLE_NAME, line no: 21,TO_BASE,SIMPLE_NAME, 0.034482758620689655, 0.034482758620689655, 0.0, 0.0, 0.0, 1.0
String,SIMPLE_NAME, line no: 21,java,SIMPLE_NAME, 0.03333333333333333, 0.03333333333333333, 0.0, 0.0, 0.0, 1.0
alphabet,SIMPLE_NAME, line no: 21,TO_BASE,SIMPLE_NAME, 0.03225806451612903, 0.03225806451612903, 0.0, 0.0, 0.0, 1.0
i,SIMPLE_NAME, line no: 21,buggy_java_programs,SIMPLE_NAME, 0.03225806451612903, 0.03225806451612903, 0.0, 0.0, 0.0, 1.0
i,SIMPLE_NAME, line no: 21,java,SIMPLE_NAME, 0.03225806451612903, 0.03225806451612903, 0.0, 0.0, 0.0, 1.0
i,SIMPLE_NAME, line no: 21,TO_BASE,SIMPLE_NAME, 0.03225806451612903, 0.03225806451612903, 0.0, 0.0, 0.0, 1.0
i,SIMPLE_NAME, line no: 21,to_base,SIMPLE_NAME, 0.03225806451612903, 0.03225806451612903, 0.0, 0.0, 0.0, 1.0
num > 0,INFIX_EXPRESSION, line no: 18,java,SIMPLE_NAME, 0.023809523809523808, 0.023809523809523808, 0.0, 0.0, 0.0, 1.0
num > 0,INFIX_EXPRESSION, line no: 18,TO_BASE,SIMPLE_NAME, 0.023809523809523808, 0.023809523809523808, 0.0, 0.0, 0.0, 1.0
num > 0,INFIX_EXPRESSION, line no: 18,to_base,SIMPLE_NAME, 0.023809523809523808, 0.023809523809523808, 0.0, 0.0, 0.0, 1.0
result,SIMPLE_NAME, line no: 24,java,SIMPLE_NAME, 0.023809523809523808, 0.023809523809523808, 0.0, 0.0, 0.0, 1.0
result,SIMPLE_NAME, line no: 24,TO_BASE,SIMPLE_NAME, 0.023809523809523808, 0.023809523809523808, 0.0, 0.0, 0.0, 1.0
String,SIMPLE_NAME, line no: 15,java,SIMPLE_NAME, 0.023255813953488372, 0.023255813953488372, 0.0, 0.0, 0.0, 1.0
result,SIMPLE_NAME, line no: 15,java,SIMPLE_NAME, 0.023255813953488372, 0.023255813953488372, 0.0, 0.0, 0.0, 1.0
result,SIMPLE_NAME, line no: 15,TO_BASE,SIMPLE_NAME, 0.023255813953488372, 0.023255813953488372, 0.0, 0.0, 0.0, 1.0
"",STRING_LITERAL, line no: 15,buggy_java_programs,SIMPLE_NAME, 0.023255813953488372, 0.023255813953488372, 0.0, 0.0, 0.0, 1.0
"",STRING_LITERAL, line no: 15,java,SIMPLE_NAME, 0.023255813953488372, 0.023255813953488372, 0.0, 0.0, 0.0, 1.0
"",STRING_LITERAL, line no: 15,util,SIMPLE_NAME, 0.023255813953488372, 0.023255813953488372, 0.0, 0.0, 0.0, 1.0
"",STRING_LITERAL, line no: 15,TO_BASE,SIMPLE_NAME, 0.023255813953488372, 0.023255813953488372, 0.0, 0.0, 0.0, 1.0
String,SIMPLE_NAME, line no: 16,java,SIMPLE_NAME, 0.023255813953488372, 0.023255813953488372, 0.0, 0.0, 0.0, 1.0
alphabet,SIMPLE_NAME, line no: 16,TO_BASE,SIMPLE_NAME, 0.023255813953488372, 0.023255813953488372, 0.0, 0.0, 0.0, 1.0
"0123456789ABCDEFGHIJKLMNOPQRSTUVWXYZ",STRING_LITERAL, line no: 16,buggy_java_programs,SIMPLE_NAME, 0.023255813953488372, 0.023255813953488372, 0.0, 0.0, 0.0, 1.0
"0123456789ABCDEFGHIJKLMNOPQRSTUVWXYZ",STRING_LITERAL, line no: 16,java,SIMPLE_NAME, 0.023255813953488372, 0.023255813953488372, 0.0, 0.0, 0.0, 1.0
"0123456789ABCDEFGHIJKLMNOPQRSTUVWXYZ",STRING_LITERAL, line no: 16,util,SIMPLE_NAME, 0.023255813953488372, 0.023255813953488372, 0.0, 0.0, 0.0, 1.0
num,SIMPLE_NAME, line no: 18,java,SIMPLE_NAME, 0.023255813953488372, 0.023255813953488372, 0.0, 0.0, 0.0, 1.0
num,SIMPLE_NAME, line no: 18,TO_BASE,SIMPLE_NAME, 0.023255813953488372, 0.023255813953488372, 0.0, 0.0, 0.0, 1.0
num,SIMPLE_NAME, line no: 18,to_base,SIMPLE_NAME, 0.023255813953488372, 0.023255813953488372, 0.0, 0.0, 0.0, 1.0
0,NUMBER_LITERAL, line no: 18,buggy_java_programs,SIMPLE_NAME, 0.023255813953488372, 0.023255813953488372, 0.0, 0.0, 0.0, 1.0
0,NUMBER_LITERAL, line no: 18,java,SIMPLE_NAME, 0.023255813953488372, 0.023255813953488372, 0.0, 0.0, 0.0, 1.0
0,NUMBER_LITERAL, line no: 18,util,SIMPLE_NAME, 0.023255813953488372, 0.023255813953488372, 0.0, 0.0, 0.0, 1.0
0,NUMBER_LITERAL, line no: 18,TO_BASE,SIMPLE_NAME, 0.023255813953488372, 0.023255813953488372, 0.0, 0.0, 0.0, 1.0
0,NUMBER_LITERAL, line no: 18,to_base,SIMPLE_NAME, 0.023255813953488372, 0.023255813953488372, 0.0, 0.0, 0.0, 1.0
"",STRING_LITERAL, line no: 15,java.util,QUALIFIED_NAME, 0.0, 0.0, 0.0, 0.0, 0.0, 1.0
"0123456789ABCDEFGHIJKLMNOPQRSTUVWXYZ",STRING_LITERAL, line no: 16,java.util,QUALIFIED_NAME, 0.0, 0.0, 0.0, 0.0, 0.0, 1.0
0,NUMBER_LITERAL, line no: 18,java.util,QUALIFIED_NAME, 0.0, 0.0, 0.0, 0.0, 0.0, 1.0
b,SIMPLE_NAME, line no: 19,java.util,QUALIFIED_NAME, 0.0, 0.0, 0.0, 0.0, 0.0, 1.0
b,SIMPLE_NAME, line no: 20,java.util,QUALIFIED_NAME, 0.0, 0.0, 0.0, 0.0, 0.0, 1.0
