quicksort,SIMPLE_NAME, line no: 32,QUICKSORT,SIMPLE_NAME, 0.2773500981126146, 0.0, 0.0, 0.0, 1.0, 0.2773500981126146
quicksort,SIMPLE_NAME, line no: 33,QUICKSORT,SIMPLE_NAME, 0.2773500981126146, 0.0, 0.0, 0.0, 1.0, 0.2773500981126146
lesser=quicksort(lesser),ASSIGNMENT, line no: 32,quicksort(lesser),METHOD_INVOCATION, 0.22188007849009167, 0.0, 0.0, 0.0, 0.8, 0.2773500981126146
quicksort(lesser),METHOD_INVOCATION, line no: 32,lesser=quicksort(lesser),ASSIGNMENT, 0.22188007849009167, 0.0, 0.0, 0.0, 0.8, 0.2773500981126146
greater=quicksort(greater),ASSIGNMENT, line no: 33,quicksort(greater),METHOD_INVOCATION, 0.22188007849009167, 0.0, 0.0, 0.0, 0.8, 0.2773500981126146
quicksort(greater),METHOD_INVOCATION, line no: 33,greater=quicksort(greater),ASSIGNMENT, 0.22188007849009167, 0.0, 0.0, 0.0, 0.8, 0.2773500981126146
middle.addAll(greater),METHOD_INVOCATION, line no: 34,lesser.addAll(middle),METHOD_INVOCATION, 0.20801257358446093, 0.0, 0.0, 0.0, 0.75, 0.2773500981126146
lesser.addAll(middle),METHOD_INVOCATION, line no: 35,middle.addAll(greater),METHOD_INVOCATION, 0.20801257358446093, 0.0, 0.0, 0.0, 0.75, 0.2773500981126146
greater.add(x),METHOD_INVOCATION, line no: 27,lesser.add(x),METHOD_INVOCATION, 0.20619652471058067, 0.0, 0.0, 0.0, 0.7142857142857143, 0.2886751345948129
lesser.add(x),METHOD_INVOCATION, line no: 25,greater.add(x),METHOD_INVOCATION, 0.19810721293758185, 0.0, 0.0, 0.0, 0.7142857142857143, 0.2773500981126146
lesser=quicksort(lesser),ASSIGNMENT, line no: 32,greater=quicksort(greater),ASSIGNMENT, 0.1849000654084097, 0.0, 0.0, 0.0, 0.6666666666666666, 0.2773500981126146
greater=quicksort(greater),ASSIGNMENT, line no: 33,lesser=quicksort(lesser),ASSIGNMENT, 0.1849000654084097, 0.0, 0.0, 0.0, 0.6666666666666666, 0.2773500981126146
greater.add(x),METHOD_INVOCATION, line no: 27,middle.addAll(greater),METHOD_INVOCATION, 0.18042195912175807, 0.0, 0.0, 0.0, 0.625, 0.2886751345948129
lesser.add(x),METHOD_INVOCATION, line no: 25,lesser.addAll(middle),METHOD_INVOCATION, 0.17334381132038412, 0.0, 0.0, 0.0, 0.625, 0.2773500981126146
middle.add(pivot),METHOD_INVOCATION, line no: 31,middle.addAll(greater),METHOD_INVOCATION, 0.17334381132038412, 0.0, 0.0, 0.0, 0.625, 0.2773500981126146
middle.add(pivot),METHOD_INVOCATION, line no: 31,lesser.addAll(middle),METHOD_INVOCATION, 0.17334381132038412, 0.0, 0.0, 0.0, 0.625, 0.2773500981126146
middle.addAll(greater),METHOD_INVOCATION, line no: 34,greater.add(x),METHOD_INVOCATION, 0.17334381132038412, 0.0, 0.0, 0.0, 0.625, 0.2773500981126146
middle.addAll(greater),METHOD_INVOCATION, line no: 34,middle.add(pivot),METHOD_INVOCATION, 0.17334381132038412, 0.0, 0.0, 0.0, 0.625, 0.2773500981126146
lesser.addAll(middle),METHOD_INVOCATION, line no: 35,lesser.add(x),METHOD_INVOCATION, 0.17334381132038412, 0.0, 0.0, 0.0, 0.625, 0.2773500981126146
lesser.addAll(middle),METHOD_INVOCATION, line no: 35,middle.add(pivot),METHOD_INVOCATION, 0.17334381132038412, 0.0, 0.0, 0.0, 0.625, 0.2773500981126146
quicksort(lesser),METHOD_INVOCATION, line no: 32,quicksort(greater),METHOD_INVOCATION, 0.16641005886756874, 0.0, 0.0, 0.0, 0.6, 0.2773500981126146
quicksort(greater),METHOD_INVOCATION, line no: 33,quicksort(lesser),METHOD_INVOCATION, 0.16641005886756874, 0.0, 0.0, 0.0, 0.6, 0.2773500981126146
arr.isEmpty(),METHOD_INVOCATION, line no: 15,arr.size(),METHOD_INVOCATION, 0.15848577035006547, 0.0, 0.0, 0.0, 0.5714285714285714, 0.2773500981126146
arr.get(0),METHOD_INVOCATION, line no: 19,arr.size(),METHOD_INVOCATION, 0.15848577035006547, 0.0, 0.0, 0.0, 0.5714285714285714, 0.2773500981126146
arr.size(),METHOD_INVOCATION, line no: 23,arr.isEmpty(),METHOD_INVOCATION, 0.15848577035006547, 0.0, 0.0, 0.0, 0.5714285714285714, 0.2773500981126146
arr.size(),METHOD_INVOCATION, line no: 23,arr.get(0),METHOD_INVOCATION, 0.15848577035006547, 0.0, 0.0, 0.0, 0.5714285714285714, 0.2773500981126146
arr.subList(1 arr.size()),METHOD_INVOCATION, line no: 23,arr.size(),METHOD_INVOCATION, 0.15408338784034142, 0.0, 0.0, 0.0, 0.5555555555555556, 0.2773500981126146
arr.size(),METHOD_INVOCATION, line no: 23,arr.subList(1 arr.size()),METHOD_INVOCATION, 0.15408338784034142, 0.0, 0.0, 0.0, 0.5555555555555556, 0.2773500981126146
x > pivot,INFIX_EXPRESSION, line no: 26,x < pivot,INFIX_EXPRESSION, 0.14433756729740646, 0.0, 0.0, 0.0, 0.5, 0.2886751345948129
greater.add(x),METHOD_INVOCATION, line no: 27,middle.add(pivot),METHOD_INVOCATION, 0.14433756729740646, 0.0, 0.0, 0.0, 0.5, 0.2886751345948129
add,SIMPLE_NAME, line no: 27,addAll,SIMPLE_NAME, 0.14433756729740646, 0.0, 0.0, 0.0, 0.5, 0.2886751345948129
arr.isEmpty(),METHOD_INVOCATION, line no: 15,arr.get(0),METHOD_INVOCATION, 0.1386750490563073, 0.0, 0.0, 0.0, 0.5, 0.2773500981126146
arr.get(0),METHOD_INVOCATION, line no: 19,arr.isEmpty(),METHOD_INVOCATION, 0.1386750490563073, 0.0, 0.0, 0.0, 0.5, 0.2773500981126146
x < pivot,INFIX_EXPRESSION, line no: 24,x > pivot,INFIX_EXPRESSION, 0.1386750490563073, 0.0, 0.0, 0.0, 0.5, 0.2773500981126146
lesser.add(x),METHOD_INVOCATION, line no: 25,middle.add(pivot),METHOD_INVOCATION, 0.1386750490563073, 0.0, 0.0, 0.0, 0.5, 0.2773500981126146
add,SIMPLE_NAME, line no: 25,addAll,SIMPLE_NAME, 0.1386750490563073, 0.0, 0.0, 0.0, 0.5, 0.2773500981126146
middle.add(pivot),METHOD_INVOCATION, line no: 31,lesser.add(x),METHOD_INVOCATION, 0.1386750490563073, 0.0, 0.0, 0.0, 0.5, 0.2773500981126146
middle.add(pivot),METHOD_INVOCATION, line no: 31,greater.add(x),METHOD_INVOCATION, 0.1386750490563073, 0.0, 0.0, 0.0, 0.5, 0.2773500981126146
add,SIMPLE_NAME, line no: 31,addAll,SIMPLE_NAME, 0.1386750490563073, 0.0, 0.0, 0.0, 0.5, 0.2773500981126146
lesser=quicksort(lesser),ASSIGNMENT, line no: 32,quicksort(greater),METHOD_INVOCATION, 0.1386750490563073, 0.0, 0.0, 0.0, 0.5, 0.2773500981126146
quicksort(lesser),METHOD_INVOCATION, line no: 32,greater=quicksort(greater),ASSIGNMENT, 0.1386750490563073, 0.0, 0.0, 0.0, 0.5, 0.2773500981126146
greater=quicksort(greater),ASSIGNMENT, line no: 33,quicksort(lesser),METHOD_INVOCATION, 0.1386750490563073, 0.0, 0.0, 0.0, 0.5, 0.2773500981126146
quicksort(greater),METHOD_INVOCATION, line no: 33,lesser=quicksort(lesser),ASSIGNMENT, 0.1386750490563073, 0.0, 0.0, 0.0, 0.5, 0.2773500981126146
addAll,SIMPLE_NAME, line no: 34,add,SIMPLE_NAME, 0.1386750490563073, 0.0, 0.0, 0.0, 0.5, 0.2773500981126146
addAll,SIMPLE_NAME, line no: 35,add,SIMPLE_NAME, 0.1386750490563073, 0.0, 0.0, 0.0, 0.5, 0.2773500981126146
greater.add(x),METHOD_INVOCATION, line no: 27,lesser.addAll(middle),METHOD_INVOCATION, 0.12830005981991685, 0.0, 0.0, 0.0, 0.4444444444444444, 0.2886751345948129
greater.add(x),METHOD_INVOCATION, line no: 27,quicksort(greater),METHOD_INVOCATION, 0.12371791482634839, 0.0, 0.0, 0.0, 0.42857142857142855, 0.2886751345948129
lesser.add(x),METHOD_INVOCATION, line no: 25,middle.addAll(greater),METHOD_INVOCATION, 0.12326671027227314, 0.0, 0.0, 0.0, 0.4444444444444444, 0.2773500981126146
middle.addAll(greater),METHOD_INVOCATION, line no: 34,lesser.add(x),METHOD_INVOCATION, 0.12326671027227314, 0.0, 0.0, 0.0, 0.4444444444444444, 0.2773500981126146
lesser.addAll(middle),METHOD_INVOCATION, line no: 35,greater.add(x),METHOD_INVOCATION, 0.12326671027227314, 0.0, 0.0, 0.0, 0.4444444444444444, 0.2773500981126146
lesser.add(x),METHOD_INVOCATION, line no: 25,quicksort(lesser),METHOD_INVOCATION, 0.1188643277625491, 0.0, 0.0, 0.0, 0.42857142857142855, 0.2773500981126146
quicksort(lesser),METHOD_INVOCATION, line no: 32,lesser.add(x),METHOD_INVOCATION, 0.1188643277625491, 0.0, 0.0, 0.0, 0.42857142857142855, 0.2773500981126146
quicksort(greater),METHOD_INVOCATION, line no: 33,greater.add(x),METHOD_INVOCATION, 0.1188643277625491, 0.0, 0.0, 0.0, 0.42857142857142855, 0.2773500981126146
greater.add(x),METHOD_INVOCATION, line no: 27,arr.size(),METHOD_INVOCATION, 0.10825317547305485, 0.0, 0.0, 0.0, 0.375, 0.2886751345948129
greater.add(x),METHOD_INVOCATION, line no: 27,greater=quicksort(greater),ASSIGNMENT, 0.10825317547305485, 0.0, 0.0, 0.0, 0.375, 0.2886751345948129
arr.size(),METHOD_INVOCATION, line no: 23,lesser.add(x),METHOD_INVOCATION, 0.10400628679223047, 0.0, 0.0, 0.0, 0.375, 0.2773500981126146
arr.size(),METHOD_INVOCATION, line no: 23,greater.add(x),METHOD_INVOCATION, 0.10400628679223047, 0.0, 0.0, 0.0, 0.375, 0.2773500981126146
arr.size(),METHOD_INVOCATION, line no: 23,middle.add(pivot),METHOD_INVOCATION, 0.10400628679223047, 0.0, 0.0, 0.0, 0.375, 0.2773500981126146
lesser.add(x),METHOD_INVOCATION, line no: 25,arr.size(),METHOD_INVOCATION, 0.10400628679223047, 0.0, 0.0, 0.0, 0.375, 0.2773500981126146
lesser.add(x),METHOD_INVOCATION, line no: 25,lesser=quicksort(lesser),ASSIGNMENT, 0.10400628679223047, 0.0, 0.0, 0.0, 0.375, 0.2773500981126146
middle.add(pivot),METHOD_INVOCATION, line no: 31,arr.size(),METHOD_INVOCATION, 0.10400628679223047, 0.0, 0.0, 0.0, 0.375, 0.2773500981126146
lesser=quicksort(lesser),ASSIGNMENT, line no: 32,lesser.add(x),METHOD_INVOCATION, 0.10400628679223047, 0.0, 0.0, 0.0, 0.375, 0.2773500981126146
quicksort(lesser),METHOD_INVOCATION, line no: 32,lesser.addAll(middle),METHOD_INVOCATION, 0.10400628679223047, 0.0, 0.0, 0.0, 0.375, 0.2773500981126146
greater=quicksort(greater),ASSIGNMENT, line no: 33,greater.add(x),METHOD_INVOCATION, 0.10400628679223047, 0.0, 0.0, 0.0, 0.375, 0.2773500981126146
quicksort(greater),METHOD_INVOCATION, line no: 33,middle.addAll(greater),METHOD_INVOCATION, 0.10400628679223047, 0.0, 0.0, 0.0, 0.375, 0.2773500981126146
middle.addAll(greater),METHOD_INVOCATION, line no: 34,quicksort(greater),METHOD_INVOCATION, 0.10400628679223047, 0.0, 0.0, 0.0, 0.375, 0.2773500981126146
lesser.addAll(middle),METHOD_INVOCATION, line no: 35,quicksort(lesser),METHOD_INVOCATION, 0.10400628679223047, 0.0, 0.0, 0.0, 0.375, 0.2773500981126146
arr.isEmpty(),METHOD_INVOCATION, line no: 15,arr.subList(1 arr.size()),METHOD_INVOCATION, 0.10085458113185984, 0.0, 0.0, 0.0, 0.36363636363636365, 0.2773500981126146
arr.get(0),METHOD_INVOCATION, line no: 19,arr.subList(1 arr.size()),METHOD_INVOCATION, 0.10085458113185984, 0.0, 0.0, 0.0, 0.36363636363636365, 0.2773500981126146
arr.subList(1 arr.size()),METHOD_INVOCATION, line no: 23,arr.isEmpty(),METHOD_INVOCATION, 0.10085458113185984, 0.0, 0.0, 0.0, 0.36363636363636365, 0.2773500981126146
arr.subList(1 arr.size()),METHOD_INVOCATION, line no: 23,arr.get(0),METHOD_INVOCATION, 0.10085458113185984, 0.0, 0.0, 0.0, 0.36363636363636365, 0.2773500981126146
x > pivot,INFIX_EXPRESSION, line no: 26,pivot,SIMPLE_NAME, 0.09622504486493763, 0.0, 0.0, 0.0, 0.3333333333333333, 0.2886751345948129
x > pivot,INFIX_EXPRESSION, line no: 26,x,SIMPLE_NAME, 0.09622504486493763, 0.0, 0.0, 0.0, 0.3333333333333333, 0.2886751345948129
x,SIMPLE_NAME, line no: 26,x < pivot,INFIX_EXPRESSION, 0.09622504486493763, 0.0, 0.0, 0.0, 0.3333333333333333, 0.2886751345948129
x,SIMPLE_NAME, line no: 26,x > pivot,INFIX_EXPRESSION, 0.09622504486493763, 0.0, 0.0, 0.0, 0.3333333333333333, 0.2886751345948129
pivot,SIMPLE_NAME, line no: 26,x < pivot,INFIX_EXPRESSION, 0.09622504486493763, 0.0, 0.0, 0.0, 0.3333333333333333, 0.2886751345948129
pivot,SIMPLE_NAME, line no: 26,x > pivot,INFIX_EXPRESSION, 0.09622504486493763, 0.0, 0.0, 0.0, 0.3333333333333333, 0.2886751345948129
greater.add(x),METHOD_INVOCATION, line no: 27,arr.isEmpty(),METHOD_INVOCATION, 0.09622504486493763, 0.0, 0.0, 0.0, 0.3333333333333333, 0.2886751345948129
greater.add(x),METHOD_INVOCATION, line no: 27,arr.get(0),METHOD_INVOCATION, 0.09622504486493763, 0.0, 0.0, 0.0, 0.3333333333333333, 0.2886751345948129
x,SIMPLE_NAME, line no: 27,x < pivot,INFIX_EXPRESSION, 0.09622504486493763, 0.0, 0.0, 0.0, 0.3333333333333333, 0.2886751345948129
x,SIMPLE_NAME, line no: 27,x > pivot,INFIX_EXPRESSION, 0.09622504486493763, 0.0, 0.0, 0.0, 0.3333333333333333, 0.2886751345948129
arr.isEmpty(),METHOD_INVOCATION, line no: 15,isEmpty,SIMPLE_NAME, 0.09245003270420485, 0.0, 0.0, 0.0, 0.3333333333333333, 0.2773500981126146
arr.isEmpty(),METHOD_INVOCATION, line no: 15,lesser.add(x),METHOD_INVOCATION, 0.09245003270420485, 0.0, 0.0, 0.0, 0.3333333333333333, 0.2773500981126146
arr.isEmpty(),METHOD_INVOCATION, line no: 15,greater.add(x),METHOD_INVOCATION, 0.09245003270420485, 0.0, 0.0, 0.0, 0.3333333333333333, 0.2773500981126146
arr.isEmpty(),METHOD_INVOCATION, line no: 15,middle.add(pivot),METHOD_INVOCATION, 0.09245003270420485, 0.0, 0.0, 0.0, 0.3333333333333333, 0.2773500981126146
isEmpty,SIMPLE_NAME, line no: 15,arr.isEmpty(),METHOD_INVOCATION, 0.09245003270420485, 0.0, 0.0, 0.0, 0.3333333333333333, 0.2773500981126146
ArrayList,SIMPLE_NAME, line no: 16,subList,SIMPLE_NAME, 0.09245003270420485, 0.0, 0.0, 0.0, 0.3333333333333333, 0.2773500981126146
pivot,SIMPLE_NAME, line no: 19,x < pivot,INFIX_EXPRESSION, 0.09245003270420485, 0.0, 0.0, 0.0, 0.3333333333333333, 0.2773500981126146
pivot,SIMPLE_NAME, line no: 19,x > pivot,INFIX_EXPRESSION, 0.09245003270420485, 0.0, 0.0, 0.0, 0.3333333333333333, 0.2773500981126146
arr.get(0),METHOD_INVOCATION, line no: 19,lesser.add(x),METHOD_INVOCATION, 0.09245003270420485, 0.0, 0.0, 0.0, 0.3333333333333333, 0.2773500981126146
arr.get(0),METHOD_INVOCATION, line no: 19,greater.add(x),METHOD_INVOCATION, 0.09245003270420485, 0.0, 0.0, 0.0, 0.3333333333333333, 0.2773500981126146
arr.get(0),METHOD_INVOCATION, line no: 19,middle.add(pivot),METHOD_INVOCATION, 0.09245003270420485, 0.0, 0.0, 0.0, 0.3333333333333333, 0.2773500981126146
ArrayList,SIMPLE_NAME, line no: 20,subList,SIMPLE_NAME, 0.09245003270420485, 0.0, 0.0, 0.0, 0.3333333333333333, 0.2773500981126146
ArrayList,SIMPLE_NAME, line no: 20,subList,SIMPLE_NAME, 0.09245003270420485, 0.0, 0.0, 0.0, 0.3333333333333333, 0.2773500981126146
ArrayList,SIMPLE_NAME, line no: 21,subList,SIMPLE_NAME, 0.09245003270420485, 0.0, 0.0, 0.0, 0.3333333333333333, 0.2773500981126146
ArrayList,SIMPLE_NAME, line no: 21,subList,SIMPLE_NAME, 0.09245003270420485, 0.0, 0.0, 0.0, 0.3333333333333333, 0.2773500981126146
x,SIMPLE_NAME, line no: 23,x < pivot,INFIX_EXPRESSION, 0.09245003270420485, 0.0, 0.0, 0.0, 0.3333333333333333, 0.2773500981126146
x,SIMPLE_NAME, line no: 23,x > pivot,INFIX_EXPRESSION, 0.09245003270420485, 0.0, 0.0, 0.0, 0.3333333333333333, 0.2773500981126146
subList,SIMPLE_NAME, line no: 23,ArrayList,SIMPLE_NAME, 0.09245003270420485, 0.0, 0.0, 0.0, 0.3333333333333333, 0.2773500981126146
arr.size(),METHOD_INVOCATION, line no: 23,middle.addAll(greater),METHOD_INVOCATION, 0.09245003270420485, 0.0, 0.0, 0.0, 0.3333333333333333, 0.2773500981126146
arr.size(),METHOD_INVOCATION, line no: 23,lesser.addAll(middle),METHOD_INVOCATION, 0.09245003270420485, 0.0, 0.0, 0.0, 0.3333333333333333, 0.2773500981126146
x < pivot,INFIX_EXPRESSION, line no: 24,pivot,SIMPLE_NAME, 0.09245003270420485, 0.0, 0.0, 0.0, 0.3333333333333333, 0.2773500981126146
x < pivot,INFIX_EXPRESSION, line no: 24,x,SIMPLE_NAME, 0.09245003270420485, 0.0, 0.0, 0.0, 0.3333333333333333, 0.2773500981126146
x,SIMPLE_NAME, line no: 24,x < pivot,INFIX_EXPRESSION, 0.09245003270420485, 0.0, 0.0, 0.0, 0.3333333333333333, 0.2773500981126146
x,SIMPLE_NAME, line no: 24,x > pivot,INFIX_EXPRESSION, 0.09245003270420485, 0.0, 0.0, 0.0, 0.3333333333333333, 0.2773500981126146
pivot,SIMPLE_NAME, line no: 24,x < pivot,INFIX_EXPRESSION, 0.09245003270420485, 0.0, 0.0, 0.0, 0.3333333333333333, 0.2773500981126146
pivot,SIMPLE_NAME, line no: 24,x > pivot,INFIX_EXPRESSION, 0.09245003270420485, 0.0, 0.0, 0.0, 0.3333333333333333, 0.2773500981126146
lesser.add(x),METHOD_INVOCATION, line no: 25,arr.isEmpty(),METHOD_INVOCATION, 0.09245003270420485, 0.0, 0.0, 0.0, 0.3333333333333333, 0.2773500981126146
lesser.add(x),METHOD_INVOCATION, line no: 25,arr.get(0),METHOD_INVOCATION, 0.09245003270420485, 0.0, 0.0, 0.0, 0.3333333333333333, 0.2773500981126146
x,SIMPLE_NAME, line no: 25,x < pivot,INFIX_EXPRESSION, 0.09245003270420485, 0.0, 0.0, 0.0, 0.3333333333333333, 0.2773500981126146
x,SIMPLE_NAME, line no: 25,x > pivot,INFIX_EXPRESSION, 0.09245003270420485, 0.0, 0.0, 0.0, 0.3333333333333333, 0.2773500981126146
ArrayList,SIMPLE_NAME, line no: 30,subList,SIMPLE_NAME, 0.09245003270420485, 0.0, 0.0, 0.0, 0.3333333333333333, 0.2773500981126146
ArrayList,SIMPLE_NAME, line no: 30,subList,SIMPLE_NAME, 0.09245003270420485, 0.0, 0.0, 0.0, 0.3333333333333333, 0.2773500981126146
middle.add(pivot),METHOD_INVOCATION, line no: 31,arr.isEmpty(),METHOD_INVOCATION, 0.09245003270420485, 0.0, 0.0, 0.0, 0.3333333333333333, 0.2773500981126146
middle.add(pivot),METHOD_INVOCATION, line no: 31,arr.get(0),METHOD_INVOCATION, 0.09245003270420485, 0.0, 0.0, 0.0, 0.3333333333333333, 0.2773500981126146
pivot,SIMPLE_NAME, line no: 31,x < pivot,INFIX_EXPRESSION, 0.09245003270420485, 0.0, 0.0, 0.0, 0.3333333333333333, 0.2773500981126146
pivot,SIMPLE_NAME, line no: 31,x > pivot,INFIX_EXPRESSION, 0.09245003270420485, 0.0, 0.0, 0.0, 0.3333333333333333, 0.2773500981126146
lesser=quicksort(lesser),ASSIGNMENT, line no: 32,lesser.addAll(middle),METHOD_INVOCATION, 0.09245003270420485, 0.0, 0.0, 0.0, 0.3333333333333333, 0.2773500981126146
greater=quicksort(greater),ASSIGNMENT, line no: 33,middle.addAll(greater),METHOD_INVOCATION, 0.09245003270420485, 0.0, 0.0, 0.0, 0.3333333333333333, 0.2773500981126146
middle.addAll(greater),METHOD_INVOCATION, line no: 34,arr.size(),METHOD_INVOCATION, 0.09245003270420485, 0.0, 0.0, 0.0, 0.3333333333333333, 0.2773500981126146
middle.addAll(greater),METHOD_INVOCATION, line no: 34,greater=quicksort(greater),ASSIGNMENT, 0.09245003270420485, 0.0, 0.0, 0.0, 0.3333333333333333, 0.2773500981126146
lesser.addAll(middle),METHOD_INVOCATION, line no: 35,arr.size(),METHOD_INVOCATION, 0.09245003270420485, 0.0, 0.0, 0.0, 0.3333333333333333, 0.2773500981126146
lesser.addAll(middle),METHOD_INVOCATION, line no: 35,lesser=quicksort(lesser),ASSIGNMENT, 0.09245003270420485, 0.0, 0.0, 0.0, 0.3333333333333333, 0.2773500981126146
arr.isEmpty(),METHOD_INVOCATION, line no: 15,middle.addAll(greater),METHOD_INVOCATION, 0.08320502943378437, 0.0, 0.0, 0.0, 0.3, 0.2773500981126146
arr.isEmpty(),METHOD_INVOCATION, line no: 15,lesser.addAll(middle),METHOD_INVOCATION, 0.08320502943378437, 0.0, 0.0, 0.0, 0.3, 0.2773500981126146
arr.get(0),METHOD_INVOCATION, line no: 19,middle.addAll(greater),METHOD_INVOCATION, 0.08320502943378437, 0.0, 0.0, 0.0, 0.3, 0.2773500981126146
arr.get(0),METHOD_INVOCATION, line no: 19,lesser.addAll(middle),METHOD_INVOCATION, 0.08320502943378437, 0.0, 0.0, 0.0, 0.3, 0.2773500981126146
middle.addAll(greater),METHOD_INVOCATION, line no: 34,arr.isEmpty(),METHOD_INVOCATION, 0.08320502943378437, 0.0, 0.0, 0.0, 0.3, 0.2773500981126146
middle.addAll(greater),METHOD_INVOCATION, line no: 34,arr.get(0),METHOD_INVOCATION, 0.08320502943378437, 0.0, 0.0, 0.0, 0.3, 0.2773500981126146
lesser.addAll(middle),METHOD_INVOCATION, line no: 35,arr.isEmpty(),METHOD_INVOCATION, 0.08320502943378437, 0.0, 0.0, 0.0, 0.3, 0.2773500981126146
lesser.addAll(middle),METHOD_INVOCATION, line no: 35,arr.get(0),METHOD_INVOCATION, 0.08320502943378437, 0.0, 0.0, 0.0, 0.3, 0.2773500981126146
arr.size(),METHOD_INVOCATION, line no: 23,quicksort(lesser),METHOD_INVOCATION, 0.07924288517503274, 0.0, 0.0, 0.0, 0.2857142857142857, 0.2773500981126146
arr.size(),METHOD_INVOCATION, line no: 23,quicksort(greater),METHOD_INVOCATION, 0.07924288517503274, 0.0, 0.0, 0.0, 0.2857142857142857, 0.2773500981126146
quicksort(lesser),METHOD_INVOCATION, line no: 32,arr.size(),METHOD_INVOCATION, 0.07924288517503274, 0.0, 0.0, 0.0, 0.2857142857142857, 0.2773500981126146
quicksort(greater),METHOD_INVOCATION, line no: 33,arr.size(),METHOD_INVOCATION, 0.07924288517503274, 0.0, 0.0, 0.0, 0.2857142857142857, 0.2773500981126146
middle.addAll(greater),METHOD_INVOCATION, line no: 34,addAll,SIMPLE_NAME, 0.07924288517503274, 0.0, 0.0, 0.0, 0.2857142857142857, 0.2773500981126146
addAll,SIMPLE_NAME, line no: 34,middle.addAll(greater),METHOD_INVOCATION, 0.07924288517503274, 0.0, 0.0, 0.0, 0.2857142857142857, 0.2773500981126146
addAll,SIMPLE_NAME, line no: 34,lesser.addAll(middle),METHOD_INVOCATION, 0.07924288517503274, 0.0, 0.0, 0.0, 0.2857142857142857, 0.2773500981126146
lesser.addAll(middle),METHOD_INVOCATION, line no: 35,addAll,SIMPLE_NAME, 0.07924288517503274, 0.0, 0.0, 0.0, 0.2857142857142857, 0.2773500981126146
addAll,SIMPLE_NAME, line no: 35,middle.addAll(greater),METHOD_INVOCATION, 0.07924288517503274, 0.0, 0.0, 0.0, 0.2857142857142857, 0.2773500981126146
addAll,SIMPLE_NAME, line no: 35,lesser.addAll(middle),METHOD_INVOCATION, 0.07924288517503274, 0.0, 0.0, 0.0, 0.2857142857142857, 0.2773500981126146
greater.add(x),METHOD_INVOCATION, line no: 27,arr.subList(1 arr.size()),METHOD_INVOCATION, 0.07216878364870323, 0.0, 0.0, 0.0, 0.25, 0.2886751345948129
greater.add(x),METHOD_INVOCATION, line no: 27,quicksort(lesser),METHOD_INVOCATION, 0.07216878364870323, 0.0, 0.0, 0.0, 0.25, 0.2886751345948129
greater,SIMPLE_NAME, line no: 27,quicksort(greater),METHOD_INVOCATION, 0.07216878364870323, 0.0, 0.0, 0.0, 0.25, 0.2886751345948129
arr.isEmpty(),METHOD_INVOCATION, line no: 15,quicksort(lesser),METHOD_INVOCATION, 0.06933752452815364, 0.0, 0.0, 0.0, 0.25, 0.2773500981126146
arr.isEmpty(),METHOD_INVOCATION, line no: 15,quicksort(greater),METHOD_INVOCATION, 0.06933752452815364, 0.0, 0.0, 0.0, 0.25, 0.2773500981126146
new ArrayList<Integer>(),CLASS_INSTANCE_CREATION, line no: 16,ArrayList,SIMPLE_NAME, 0.06933752452815364, 0.0, 0.0, 0.0, 0.25, 0.2773500981126146
ArrayList,SIMPLE_NAME, line no: 16,new ArrayList<Integer>(),CLASS_INSTANCE_CREATION, 0.06933752452815364, 0.0, 0.0, 0.0, 0.25, 0.2773500981126146
arr.get(0),METHOD_INVOCATION, line no: 19,quicksort(lesser),METHOD_INVOCATION, 0.06933752452815364, 0.0, 0.0, 0.0, 0.25, 0.2773500981126146
arr.get(0),METHOD_INVOCATION, line no: 19,quicksort(greater),METHOD_INVOCATION, 0.06933752452815364, 0.0, 0.0, 0.0, 0.25, 0.2773500981126146
ArrayList,SIMPLE_NAME, line no: 20,new ArrayList<Integer>(),CLASS_INSTANCE_CREATION, 0.06933752452815364, 0.0, 0.0, 0.0, 0.25, 0.2773500981126146
lesser,SIMPLE_NAME, line no: 20,quicksort(lesser),METHOD_INVOCATION, 0.06933752452815364, 0.0, 0.0, 0.0, 0.25, 0.2773500981126146
new ArrayList<Integer>(),CLASS_INSTANCE_CREATION, line no: 20,ArrayList,SIMPLE_NAME, 0.06933752452815364, 0.0, 0.0, 0.0, 0.25, 0.2773500981126146
ArrayList,SIMPLE_NAME, line no: 20,new ArrayList<Integer>(),CLASS_INSTANCE_CREATION, 0.06933752452815364, 0.0, 0.0, 0.0, 0.25, 0.2773500981126146
ArrayList,SIMPLE_NAME, line no: 21,new ArrayList<Integer>(),CLASS_INSTANCE_CREATION, 0.06933752452815364, 0.0, 0.0, 0.0, 0.25, 0.2773500981126146
greater,SIMPLE_NAME, line no: 21,quicksort(greater),METHOD_INVOCATION, 0.06933752452815364, 0.0, 0.0, 0.0, 0.25, 0.2773500981126146
new ArrayList<Integer>(),CLASS_INSTANCE_CREATION, line no: 21,ArrayList,SIMPLE_NAME, 0.06933752452815364, 0.0, 0.0, 0.0, 0.25, 0.2773500981126146
ArrayList,SIMPLE_NAME, line no: 21,new ArrayList<Integer>(),CLASS_INSTANCE_CREATION, 0.06933752452815364, 0.0, 0.0, 0.0, 0.25, 0.2773500981126146
arr.subList(1 arr.size()),METHOD_INVOCATION, line no: 23,lesser.add(x),METHOD_INVOCATION, 0.06933752452815364, 0.0, 0.0, 0.0, 0.25, 0.2773500981126146
arr.subList(1 arr.size()),METHOD_INVOCATION, line no: 23,greater.add(x),METHOD_INVOCATION, 0.06933752452815364, 0.0, 0.0, 0.0, 0.25, 0.2773500981126146
arr.subList(1 arr.size()),METHOD_INVOCATION, line no: 23,middle.add(pivot),METHOD_INVOCATION, 0.06933752452815364, 0.0, 0.0, 0.0, 0.25, 0.2773500981126146
arr.size(),METHOD_INVOCATION, line no: 23,lesser=quicksort(lesser),ASSIGNMENT, 0.06933752452815364, 0.0, 0.0, 0.0, 0.25, 0.2773500981126146
arr.size(),METHOD_INVOCATION, line no: 23,greater=quicksort(greater),ASSIGNMENT, 0.06933752452815364, 0.0, 0.0, 0.0, 0.25, 0.2773500981126146
lesser.add(x),METHOD_INVOCATION, line no: 25,arr.subList(1 arr.size()),METHOD_INVOCATION, 0.06933752452815364, 0.0, 0.0, 0.0, 0.25, 0.2773500981126146
lesser.add(x),METHOD_INVOCATION, line no: 25,quicksort(greater),METHOD_INVOCATION, 0.06933752452815364, 0.0, 0.0, 0.0, 0.25, 0.2773500981126146
lesser,SIMPLE_NAME, line no: 25,quicksort(lesser),METHOD_INVOCATION, 0.06933752452815364, 0.0, 0.0, 0.0, 0.25, 0.2773500981126146
ArrayList,SIMPLE_NAME, line no: 30,new ArrayList<Integer>(),CLASS_INSTANCE_CREATION, 0.06933752452815364, 0.0, 0.0, 0.0, 0.25, 0.2773500981126146
new ArrayList<Integer>(),CLASS_INSTANCE_CREATION, line no: 30,ArrayList,SIMPLE_NAME, 0.06933752452815364, 0.0, 0.0, 0.0, 0.25, 0.2773500981126146
ArrayList,SIMPLE_NAME, line no: 30,new ArrayList<Integer>(),CLASS_INSTANCE_CREATION, 0.06933752452815364, 0.0, 0.0, 0.0, 0.25, 0.2773500981126146
middle.add(pivot),METHOD_INVOCATION, line no: 31,arr.subList(1 arr.size()),METHOD_INVOCATION, 0.06933752452815364, 0.0, 0.0, 0.0, 0.25, 0.2773500981126146
middle.add(pivot),METHOD_INVOCATION, line no: 31,quicksort(lesser),METHOD_INVOCATION, 0.06933752452815364, 0.0, 0.0, 0.0, 0.25, 0.2773500981126146
middle.add(pivot),METHOD_INVOCATION, line no: 31,quicksort(greater),METHOD_INVOCATION, 0.06933752452815364, 0.0, 0.0, 0.0, 0.25, 0.2773500981126146
lesser=quicksort(lesser),ASSIGNMENT, line no: 32,arr.size(),METHOD_INVOCATION, 0.06933752452815364, 0.0, 0.0, 0.0, 0.25, 0.2773500981126146
lesser,SIMPLE_NAME, line no: 32,quicksort(lesser),METHOD_INVOCATION, 0.06933752452815364, 0.0, 0.0, 0.0, 0.25, 0.2773500981126146
quicksort(lesser),METHOD_INVOCATION, line no: 32,QUICKSORT,SIMPLE_NAME, 0.06933752452815364, 0.0, 0.0, 0.0, 0.25, 0.2773500981126146
quicksort(lesser),METHOD_INVOCATION, line no: 32,quicksort,SIMPLE_NAME, 0.06933752452815364, 0.0, 0.0, 0.0, 0.25, 0.2773500981126146
quicksort(lesser),METHOD_INVOCATION, line no: 32,arr.isEmpty(),METHOD_INVOCATION, 0.06933752452815364, 0.0, 0.0, 0.0, 0.25, 0.2773500981126146
quicksort(lesser),METHOD_INVOCATION, line no: 32,arr.get(0),METHOD_INVOCATION, 0.06933752452815364, 0.0, 0.0, 0.0, 0.25, 0.2773500981126146
quicksort(lesser),METHOD_INVOCATION, line no: 32,lesser,SIMPLE_NAME, 0.06933752452815364, 0.0, 0.0, 0.0, 0.25, 0.2773500981126146
quicksort(lesser),METHOD_INVOCATION, line no: 32,greater.add(x),METHOD_INVOCATION, 0.06933752452815364, 0.0, 0.0, 0.0, 0.25, 0.2773500981126146
quicksort(lesser),METHOD_INVOCATION, line no: 32,middle.add(pivot),METHOD_INVOCATION, 0.06933752452815364, 0.0, 0.0, 0.0, 0.25, 0.2773500981126146
quicksort,SIMPLE_NAME, line no: 32,quicksort(lesser),METHOD_INVOCATION, 0.06933752452815364, 0.0, 0.0, 0.0, 0.25, 0.2773500981126146
quicksort,SIMPLE_NAME, line no: 32,quicksort(greater),METHOD_INVOCATION, 0.06933752452815364, 0.0, 0.0, 0.0, 0.25, 0.2773500981126146
lesser,SIMPLE_NAME, line no: 32,quicksort(lesser),METHOD_INVOCATION, 0.06933752452815364, 0.0, 0.0, 0.0, 0.25, 0.2773500981126146
greater=quicksort(greater),ASSIGNMENT, line no: 33,arr.size(),METHOD_INVOCATION, 0.06933752452815364, 0.0, 0.0, 0.0, 0.25, 0.2773500981126146
greater,SIMPLE_NAME, line no: 33,quicksort(greater),METHOD_INVOCATION, 0.06933752452815364, 0.0, 0.0, 0.0, 0.25, 0.2773500981126146
quicksort(greater),METHOD_INVOCATION, line no: 33,QUICKSORT,SIMPLE_NAME, 0.06933752452815364, 0.0, 0.0, 0.0, 0.25, 0.2773500981126146
quicksort(greater),METHOD_INVOCATION, line no: 33,quicksort,SIMPLE_NAME, 0.06933752452815364, 0.0, 0.0, 0.0, 0.25, 0.2773500981126146
quicksort(greater),METHOD_INVOCATION, line no: 33,arr.isEmpty(),METHOD_INVOCATION, 0.06933752452815364, 0.0, 0.0, 0.0, 0.25, 0.2773500981126146
quicksort(greater),METHOD_INVOCATION, line no: 33,arr.get(0),METHOD_INVOCATION, 0.06933752452815364, 0.0, 0.0, 0.0, 0.25, 0.2773500981126146
quicksort(greater),METHOD_INVOCATION, line no: 33,greater,SIMPLE_NAME, 0.06933752452815364, 0.0, 0.0, 0.0, 0.25, 0.2773500981126146
quicksort(greater),METHOD_INVOCATION, line no: 33,lesser.add(x),METHOD_INVOCATION, 0.06933752452815364, 0.0, 0.0, 0.0, 0.25, 0.2773500981126146
quicksort(greater),METHOD_INVOCATION, line no: 33,middle.add(pivot),METHOD_INVOCATION, 0.06933752452815364, 0.0, 0.0, 0.0, 0.25, 0.2773500981126146
quicksort,SIMPLE_NAME, line no: 33,quicksort(lesser),METHOD_INVOCATION, 0.06933752452815364, 0.0, 0.0, 0.0, 0.25, 0.2773500981126146
quicksort,SIMPLE_NAME, line no: 33,quicksort(greater),METHOD_INVOCATION, 0.06933752452815364, 0.0, 0.0, 0.0, 0.25, 0.2773500981126146
greater,SIMPLE_NAME, line no: 33,quicksort(greater),METHOD_INVOCATION, 0.06933752452815364, 0.0, 0.0, 0.0, 0.25, 0.2773500981126146
greater,SIMPLE_NAME, line no: 34,quicksort(greater),METHOD_INVOCATION, 0.06933752452815364, 0.0, 0.0, 0.0, 0.25, 0.2773500981126146
lesser,SIMPLE_NAME, line no: 35,quicksort(lesser),METHOD_INVOCATION, 0.06933752452815364, 0.0, 0.0, 0.0, 0.25, 0.2773500981126146
lesser,SIMPLE_NAME, line no: 36,quicksort(lesser),METHOD_INVOCATION, 0.06933752452815364, 0.0, 0.0, 0.0, 0.25, 0.2773500981126146
greater.add(x),METHOD_INVOCATION, line no: 27,lesser=quicksort(lesser),ASSIGNMENT, 0.06415002990995843, 0.0, 0.0, 0.0, 0.2222222222222222, 0.2886751345948129
arr.subList(1 arr.size()),METHOD_INVOCATION, line no: 23,middle.addAll(greater),METHOD_INVOCATION, 0.06400386879521876, 0.0, 0.0, 0.0, 0.23076923076923078, 0.2773500981126146
arr.subList(1 arr.size()),METHOD_INVOCATION, line no: 23,lesser.addAll(middle),METHOD_INVOCATION, 0.06400386879521876, 0.0, 0.0, 0.0, 0.23076923076923078, 0.2773500981126146
middle.addAll(greater),METHOD_INVOCATION, line no: 34,arr.subList(1 arr.size()),METHOD_INVOCATION, 0.06400386879521876, 0.0, 0.0, 0.0, 0.23076923076923078, 0.2773500981126146
lesser.addAll(middle),METHOD_INVOCATION, line no: 35,arr.subList(1 arr.size()),METHOD_INVOCATION, 0.06400386879521876, 0.0, 0.0, 0.0, 0.23076923076923078, 0.2773500981126146
arr.isEmpty(),METHOD_INVOCATION, line no: 15,lesser=quicksort(lesser),ASSIGNMENT, 0.06163335513613657, 0.0, 0.0, 0.0, 0.2222222222222222, 0.2773500981126146
arr.isEmpty(),METHOD_INVOCATION, line no: 15,greater=quicksort(greater),ASSIGNMENT, 0.06163335513613657, 0.0, 0.0, 0.0, 0.2222222222222222, 0.2773500981126146
arr.get(0),METHOD_INVOCATION, line no: 19,lesser=quicksort(lesser),ASSIGNMENT, 0.06163335513613657, 0.0, 0.0, 0.0, 0.2222222222222222, 0.2773500981126146
arr.get(0),METHOD_INVOCATION, line no: 19,greater=quicksort(greater),ASSIGNMENT, 0.06163335513613657, 0.0, 0.0, 0.0, 0.2222222222222222, 0.2773500981126146
arr.subList(1 arr.size()),METHOD_INVOCATION, line no: 23,subList,SIMPLE_NAME, 0.06163335513613657, 0.0, 0.0, 0.0, 0.2222222222222222, 0.2773500981126146
subList,SIMPLE_NAME, line no: 23,arr.subList(1 arr.size()),METHOD_INVOCATION, 0.06163335513613657, 0.0, 0.0, 0.0, 0.2222222222222222, 0.2773500981126146
lesser.add(x),METHOD_INVOCATION, line no: 25,greater=quicksort(greater),ASSIGNMENT, 0.06163335513613657, 0.0, 0.0, 0.0, 0.2222222222222222, 0.2773500981126146
middle.add(pivot),METHOD_INVOCATION, line no: 31,lesser=quicksort(lesser),ASSIGNMENT, 0.06163335513613657, 0.0, 0.0, 0.0, 0.2222222222222222, 0.2773500981126146
middle.add(pivot),METHOD_INVOCATION, line no: 31,greater=quicksort(greater),ASSIGNMENT, 0.06163335513613657, 0.0, 0.0, 0.0, 0.2222222222222222, 0.2773500981126146
lesser=quicksort(lesser),ASSIGNMENT, line no: 32,arr.isEmpty(),METHOD_INVOCATION, 0.06163335513613657, 0.0, 0.0, 0.0, 0.2222222222222222, 0.2773500981126146
lesser=quicksort(lesser),ASSIGNMENT, line no: 32,arr.get(0),METHOD_INVOCATION, 0.06163335513613657, 0.0, 0.0, 0.0, 0.2222222222222222, 0.2773500981126146
lesser=quicksort(lesser),ASSIGNMENT, line no: 32,greater.add(x),METHOD_INVOCATION, 0.06163335513613657, 0.0, 0.0, 0.0, 0.2222222222222222, 0.2773500981126146
lesser=quicksort(lesser),ASSIGNMENT, line no: 32,middle.add(pivot),METHOD_INVOCATION, 0.06163335513613657, 0.0, 0.0, 0.0, 0.2222222222222222, 0.2773500981126146
quicksort(lesser),METHOD_INVOCATION, line no: 32,middle.addAll(greater),METHOD_INVOCATION, 0.06163335513613657, 0.0, 0.0, 0.0, 0.2222222222222222, 0.2773500981126146
greater=quicksort(greater),ASSIGNMENT, line no: 33,arr.isEmpty(),METHOD_INVOCATION, 0.06163335513613657, 0.0, 0.0, 0.0, 0.2222222222222222, 0.2773500981126146
greater=quicksort(greater),ASSIGNMENT, line no: 33,arr.get(0),METHOD_INVOCATION, 0.06163335513613657, 0.0, 0.0, 0.0, 0.2222222222222222, 0.2773500981126146
greater=quicksort(greater),ASSIGNMENT, line no: 33,lesser.add(x),METHOD_INVOCATION, 0.06163335513613657, 0.0, 0.0, 0.0, 0.2222222222222222, 0.2773500981126146
greater=quicksort(greater),ASSIGNMENT, line no: 33,middle.add(pivot),METHOD_INVOCATION, 0.06163335513613657, 0.0, 0.0, 0.0, 0.2222222222222222, 0.2773500981126146
quicksort(greater),METHOD_INVOCATION, line no: 33,lesser.addAll(middle),METHOD_INVOCATION, 0.06163335513613657, 0.0, 0.0, 0.0, 0.2222222222222222, 0.2773500981126146
middle.addAll(greater),METHOD_INVOCATION, line no: 34,quicksort(lesser),METHOD_INVOCATION, 0.06163335513613657, 0.0, 0.0, 0.0, 0.2222222222222222, 0.2773500981126146
lesser.addAll(middle),METHOD_INVOCATION, line no: 35,quicksort(greater),METHOD_INVOCATION, 0.06163335513613657, 0.0, 0.0, 0.0, 0.2222222222222222, 0.2773500981126146
new ArrayList<Integer>(),CLASS_INSTANCE_CREATION, line no: 16,arr.subList(1 arr.size()),METHOD_INVOCATION, 0.05943216388127455, 0.0, 0.0, 0.0, 0.21428571428571427, 0.2773500981126146
new ArrayList<Integer>(),CLASS_INSTANCE_CREATION, line no: 20,arr.subList(1 arr.size()),METHOD_INVOCATION, 0.05943216388127455, 0.0, 0.0, 0.0, 0.21428571428571427, 0.2773500981126146
new ArrayList<Integer>(),CLASS_INSTANCE_CREATION, line no: 21,arr.subList(1 arr.size()),METHOD_INVOCATION, 0.05943216388127455, 0.0, 0.0, 0.0, 0.21428571428571427, 0.2773500981126146
arr.subList(1 arr.size()),METHOD_INVOCATION, line no: 23,new ArrayList<Integer>(),CLASS_INSTANCE_CREATION, 0.05943216388127455, 0.0, 0.0, 0.0, 0.21428571428571427, 0.2773500981126146
new ArrayList<Integer>(),CLASS_INSTANCE_CREATION, line no: 30,arr.subList(1 arr.size()),METHOD_INVOCATION, 0.05943216388127455, 0.0, 0.0, 0.0, 0.21428571428571427, 0.2773500981126146
greater,SIMPLE_NAME, line no: 27,greater=quicksort(greater),ASSIGNMENT, 0.05773502691896259, 0.0, 0.0, 0.0, 0.2, 0.2886751345948129
arr,SIMPLE_NAME, line no: 15,arr.size(),METHOD_INVOCATION, 0.05547001962252292, 0.0, 0.0, 0.0, 0.2, 0.2773500981126146
new ArrayList<Integer>(),CLASS_INSTANCE_CREATION, line no: 16,quicksort(lesser),METHOD_INVOCATION, 0.05547001962252292, 0.0, 0.0, 0.0, 0.2, 0.2773500981126146
new ArrayList<Integer>(),CLASS_INSTANCE_CREATION, line no: 16,quicksort(greater),METHOD_INVOCATION, 0.05547001962252292, 0.0, 0.0, 0.0, 0.2, 0.2773500981126146
arr,SIMPLE_NAME, line no: 19,arr.size(),METHOD_INVOCATION, 0.05547001962252292, 0.0, 0.0, 0.0, 0.2, 0.2773500981126146
lesser,SIMPLE_NAME, line no: 20,lesser=quicksort(lesser),ASSIGNMENT, 0.05547001962252292, 0.0, 0.0, 0.0, 0.2, 0.2773500981126146
new ArrayList<Integer>(),CLASS_INSTANCE_CREATION, line no: 20,quicksort(lesser),METHOD_INVOCATION, 0.05547001962252292, 0.0, 0.0, 0.0, 0.2, 0.2773500981126146
new ArrayList<Integer>(),CLASS_INSTANCE_CREATION, line no: 20,quicksort(greater),METHOD_INVOCATION, 0.05547001962252292, 0.0, 0.0, 0.0, 0.2, 0.2773500981126146
greater,SIMPLE_NAME, line no: 21,greater=quicksort(greater),ASSIGNMENT, 0.05547001962252292, 0.0, 0.0, 0.0, 0.2, 0.2773500981126146
new ArrayList<Integer>(),CLASS_INSTANCE_CREATION, line no: 21,quicksort(lesser),METHOD_INVOCATION, 0.05547001962252292, 0.0, 0.0, 0.0, 0.2, 0.2773500981126146
new ArrayList<Integer>(),CLASS_INSTANCE_CREATION, line no: 21,quicksort(greater),METHOD_INVOCATION, 0.05547001962252292, 0.0, 0.0, 0.0, 0.2, 0.2773500981126146
arr,SIMPLE_NAME, line no: 23,arr.size(),METHOD_INVOCATION, 0.05547001962252292, 0.0, 0.0, 0.0, 0.2, 0.2773500981126146
arr.size(),METHOD_INVOCATION, line no: 23,arr,SIMPLE_NAME, 0.05547001962252292, 0.0, 0.0, 0.0, 0.2, 0.2773500981126146
arr.size(),METHOD_INVOCATION, line no: 23,size,SIMPLE_NAME, 0.05547001962252292, 0.0, 0.0, 0.0, 0.2, 0.2773500981126146
arr,SIMPLE_NAME, line no: 23,arr.size(),METHOD_INVOCATION, 0.05547001962252292, 0.0, 0.0, 0.0, 0.2, 0.2773500981126146
size,SIMPLE_NAME, line no: 23,arr.size(),METHOD_INVOCATION, 0.05547001962252292, 0.0, 0.0, 0.0, 0.2, 0.2773500981126146
lesser,SIMPLE_NAME, line no: 25,lesser=quicksort(lesser),ASSIGNMENT, 0.05547001962252292, 0.0, 0.0, 0.0, 0.2, 0.2773500981126146
new ArrayList<Integer>(),CLASS_INSTANCE_CREATION, line no: 30,quicksort(lesser),METHOD_INVOCATION, 0.05547001962252292, 0.0, 0.0, 0.0, 0.2, 0.2773500981126146
new ArrayList<Integer>(),CLASS_INSTANCE_CREATION, line no: 30,quicksort(greater),METHOD_INVOCATION, 0.05547001962252292, 0.0, 0.0, 0.0, 0.2, 0.2773500981126146
lesser=quicksort(lesser),ASSIGNMENT, line no: 32,QUICKSORT,SIMPLE_NAME, 0.05547001962252292, 0.0, 0.0, 0.0, 0.2, 0.2773500981126146
lesser=quicksort(lesser),ASSIGNMENT, line no: 32,quicksort,SIMPLE_NAME, 0.05547001962252292, 0.0, 0.0, 0.0, 0.2, 0.2773500981126146
lesser=quicksort(lesser),ASSIGNMENT, line no: 32,lesser,SIMPLE_NAME, 0.05547001962252292, 0.0, 0.0, 0.0, 0.2, 0.2773500981126146
lesser=quicksort(lesser),ASSIGNMENT, line no: 32,middle.addAll(greater),METHOD_INVOCATION, 0.05547001962252292, 0.0, 0.0, 0.0, 0.2, 0.2773500981126146
lesser,SIMPLE_NAME, line no: 32,lesser=quicksort(lesser),ASSIGNMENT, 0.05547001962252292, 0.0, 0.0, 0.0, 0.2, 0.2773500981126146
quicksort(lesser),METHOD_INVOCATION, line no: 32,new ArrayList<Integer>(),CLASS_INSTANCE_CREATION, 0.05547001962252292, 0.0, 0.0, 0.0, 0.2, 0.2773500981126146
quicksort,SIMPLE_NAME, line no: 32,lesser=quicksort(lesser),ASSIGNMENT, 0.05547001962252292, 0.0, 0.0, 0.0, 0.2, 0.2773500981126146
quicksort,SIMPLE_NAME, line no: 32,greater=quicksort(greater),ASSIGNMENT, 0.05547001962252292, 0.0, 0.0, 0.0, 0.2, 0.2773500981126146
lesser,SIMPLE_NAME, line no: 32,lesser=quicksort(lesser),ASSIGNMENT, 0.05547001962252292, 0.0, 0.0, 0.0, 0.2, 0.2773500981126146
greater=quicksort(greater),ASSIGNMENT, line no: 33,QUICKSORT,SIMPLE_NAME, 0.05547001962252292, 0.0, 0.0, 0.0, 0.2, 0.2773500981126146
greater=quicksort(greater),ASSIGNMENT, line no: 33,quicksort,SIMPLE_NAME, 0.05547001962252292, 0.0, 0.0, 0.0, 0.2, 0.2773500981126146
greater=quicksort(greater),ASSIGNMENT, line no: 33,greater,SIMPLE_NAME, 0.05547001962252292, 0.0, 0.0, 0.0, 0.2, 0.2773500981126146
greater=quicksort(greater),ASSIGNMENT, line no: 33,lesser.addAll(middle),METHOD_INVOCATION, 0.05547001962252292, 0.0, 0.0, 0.0, 0.2, 0.2773500981126146
greater,SIMPLE_NAME, line no: 33,greater=quicksort(greater),ASSIGNMENT, 0.05547001962252292, 0.0, 0.0, 0.0, 0.2, 0.2773500981126146
quicksort(greater),METHOD_INVOCATION, line no: 33,new ArrayList<Integer>(),CLASS_INSTANCE_CREATION, 0.05547001962252292, 0.0, 0.0, 0.0, 0.2, 0.2773500981126146
quicksort,SIMPLE_NAME, line no: 33,lesser=quicksort(lesser),ASSIGNMENT, 0.05547001962252292, 0.0, 0.0, 0.0, 0.2, 0.2773500981126146
quicksort,SIMPLE_NAME, line no: 33,greater=quicksort(greater),ASSIGNMENT, 0.05547001962252292, 0.0, 0.0, 0.0, 0.2, 0.2773500981126146
greater,SIMPLE_NAME, line no: 33,greater=quicksort(greater),ASSIGNMENT, 0.05547001962252292, 0.0, 0.0, 0.0, 0.2, 0.2773500981126146
middle.addAll(greater),METHOD_INVOCATION, line no: 34,lesser=quicksort(lesser),ASSIGNMENT, 0.05547001962252292, 0.0, 0.0, 0.0, 0.2, 0.2773500981126146
greater,SIMPLE_NAME, line no: 34,greater=quicksort(greater),ASSIGNMENT, 0.05547001962252292, 0.0, 0.0, 0.0, 0.2, 0.2773500981126146
lesser.addAll(middle),METHOD_INVOCATION, line no: 35,greater=quicksort(greater),ASSIGNMENT, 0.05547001962252292, 0.0, 0.0, 0.0, 0.2, 0.2773500981126146
lesser,SIMPLE_NAME, line no: 35,lesser=quicksort(lesser),ASSIGNMENT, 0.05547001962252292, 0.0, 0.0, 0.0, 0.2, 0.2773500981126146
lesser,SIMPLE_NAME, line no: 36,lesser=quicksort(lesser),ASSIGNMENT, 0.05547001962252292, 0.0, 0.0, 0.0, 0.2, 0.2773500981126146
new ArrayList<Integer>(),CLASS_INSTANCE_CREATION, line no: 16,arr.size(),METHOD_INVOCATION, 0.05042729056592992, 0.0, 0.0, 0.0, 0.18181818181818182, 0.2773500981126146
new ArrayList<Integer>(),CLASS_INSTANCE_CREATION, line no: 16,lesser=quicksort(lesser),ASSIGNMENT, 0.05042729056592992, 0.0, 0.0, 0.0, 0.18181818181818182, 0.2773500981126146
new ArrayList<Integer>(),CLASS_INSTANCE_CREATION, line no: 16,greater=quicksort(greater),ASSIGNMENT, 0.05042729056592992, 0.0, 0.0, 0.0, 0.18181818181818182, 0.2773500981126146
new ArrayList<Integer>(),CLASS_INSTANCE_CREATION, line no: 20,arr.size(),METHOD_INVOCATION, 0.05042729056592992, 0.0, 0.0, 0.0, 0.18181818181818182, 0.2773500981126146
new ArrayList<Integer>(),CLASS_INSTANCE_CREATION, line no: 20,lesser=quicksort(lesser),ASSIGNMENT, 0.05042729056592992, 0.0, 0.0, 0.0, 0.18181818181818182, 0.2773500981126146
new ArrayList<Integer>(),CLASS_INSTANCE_CREATION, line no: 20,greater=quicksort(greater),ASSIGNMENT, 0.05042729056592992, 0.0, 0.0, 0.0, 0.18181818181818182, 0.2773500981126146
new ArrayList<Integer>(),CLASS_INSTANCE_CREATION, line no: 21,arr.size(),METHOD_INVOCATION, 0.05042729056592992, 0.0, 0.0, 0.0, 0.18181818181818182, 0.2773500981126146
new ArrayList<Integer>(),CLASS_INSTANCE_CREATION, line no: 21,lesser=quicksort(lesser),ASSIGNMENT, 0.05042729056592992, 0.0, 0.0, 0.0, 0.18181818181818182, 0.2773500981126146
new ArrayList<Integer>(),CLASS_INSTANCE_CREATION, line no: 21,greater=quicksort(greater),ASSIGNMENT, 0.05042729056592992, 0.0, 0.0, 0.0, 0.18181818181818182, 0.2773500981126146
arr.subList(1 arr.size()),METHOD_INVOCATION, line no: 23,quicksort(lesser),METHOD_INVOCATION, 0.05042729056592992, 0.0, 0.0, 0.0, 0.18181818181818182, 0.2773500981126146
arr.subList(1 arr.size()),METHOD_INVOCATION, line no: 23,quicksort(greater),METHOD_INVOCATION, 0.05042729056592992, 0.0, 0.0, 0.0, 0.18181818181818182, 0.2773500981126146
arr.size(),METHOD_INVOCATION, line no: 23,new ArrayList<Integer>(),CLASS_INSTANCE_CREATION, 0.05042729056592992, 0.0, 0.0, 0.0, 0.18181818181818182, 0.2773500981126146
new ArrayList<Integer>(),CLASS_INSTANCE_CREATION, line no: 30,arr.size(),METHOD_INVOCATION, 0.05042729056592992, 0.0, 0.0, 0.0, 0.18181818181818182, 0.2773500981126146
new ArrayList<Integer>(),CLASS_INSTANCE_CREATION, line no: 30,lesser=quicksort(lesser),ASSIGNMENT, 0.05042729056592992, 0.0, 0.0, 0.0, 0.18181818181818182, 0.2773500981126146
new ArrayList<Integer>(),CLASS_INSTANCE_CREATION, line no: 30,greater=quicksort(greater),ASSIGNMENT, 0.05042729056592992, 0.0, 0.0, 0.0, 0.18181818181818182, 0.2773500981126146
lesser=quicksort(lesser),ASSIGNMENT, line no: 32,new ArrayList<Integer>(),CLASS_INSTANCE_CREATION, 0.05042729056592992, 0.0, 0.0, 0.0, 0.18181818181818182, 0.2773500981126146
quicksort(lesser),METHOD_INVOCATION, line no: 32,arr.subList(1 arr.size()),METHOD_INVOCATION, 0.05042729056592992, 0.0, 0.0, 0.0, 0.18181818181818182, 0.2773500981126146
greater=quicksort(greater),ASSIGNMENT, line no: 33,new ArrayList<Integer>(),CLASS_INSTANCE_CREATION, 0.05042729056592992, 0.0, 0.0, 0.0, 0.18181818181818182, 0.2773500981126146
quicksort(greater),METHOD_INVOCATION, line no: 33,arr.subList(1 arr.size()),METHOD_INVOCATION, 0.05042729056592992, 0.0, 0.0, 0.0, 0.18181818181818182, 0.2773500981126146
x,SIMPLE_NAME, line no: 26,lesser.add(x),METHOD_INVOCATION, 0.048112522432468816, 0.0, 0.0, 0.0, 0.16666666666666666, 0.2886751345948129
x,SIMPLE_NAME, line no: 26,greater.add(x),METHOD_INVOCATION, 0.048112522432468816, 0.0, 0.0, 0.0, 0.16666666666666666, 0.2886751345948129
pivot,SIMPLE_NAME, line no: 26,middle.add(pivot),METHOD_INVOCATION, 0.048112522432468816, 0.0, 0.0, 0.0, 0.16666666666666666, 0.2886751345948129
greater.add(x),METHOD_INVOCATION, line no: 27,new ArrayList<Integer>(),CLASS_INSTANCE_CREATION, 0.048112522432468816, 0.0, 0.0, 0.0, 0.16666666666666666, 0.2886751345948129
greater.add(x),METHOD_INVOCATION, line no: 27,greater,SIMPLE_NAME, 0.048112522432468816, 0.0, 0.0, 0.0, 0.16666666666666666, 0.2886751345948129
greater.add(x),METHOD_INVOCATION, line no: 27,x,SIMPLE_NAME, 0.048112522432468816, 0.0, 0.0, 0.0, 0.16666666666666666, 0.2886751345948129
greater.add(x),METHOD_INVOCATION, line no: 27,add,SIMPLE_NAME, 0.048112522432468816, 0.0, 0.0, 0.0, 0.16666666666666666, 0.2886751345948129
greater,SIMPLE_NAME, line no: 27,greater.add(x),METHOD_INVOCATION, 0.048112522432468816, 0.0, 0.0, 0.0, 0.16666666666666666, 0.2886751345948129
add,SIMPLE_NAME, line no: 27,lesser.add(x),METHOD_INVOCATION, 0.048112522432468816, 0.0, 0.0, 0.0, 0.16666666666666666, 0.2886751345948129
add,SIMPLE_NAME, line no: 27,greater.add(x),METHOD_INVOCATION, 0.048112522432468816, 0.0, 0.0, 0.0, 0.16666666666666666, 0.2886751345948129
add,SIMPLE_NAME, line no: 27,middle.add(pivot),METHOD_INVOCATION, 0.048112522432468816, 0.0, 0.0, 0.0, 0.16666666666666666, 0.2886751345948129
x,SIMPLE_NAME, line no: 27,lesser.add(x),METHOD_INVOCATION, 0.048112522432468816, 0.0, 0.0, 0.0, 0.16666666666666666, 0.2886751345948129
x,SIMPLE_NAME, line no: 27,greater.add(x),METHOD_INVOCATION, 0.048112522432468816, 0.0, 0.0, 0.0, 0.16666666666666666, 0.2886751345948129
arr.isEmpty(),METHOD_INVOCATION, line no: 15,arr,SIMPLE_NAME, 0.046225016352102424, 0.0, 0.0, 0.0, 0.16666666666666666, 0.2773500981126146
arr.isEmpty(),METHOD_INVOCATION, line no: 15,new ArrayList<Integer>(),CLASS_INSTANCE_CREATION, 0.046225016352102424, 0.0, 0.0, 0.0, 0.16666666666666666, 0.2773500981126146
arr,SIMPLE_NAME, line no: 15,arr.isEmpty(),METHOD_INVOCATION, 0.046225016352102424, 0.0, 0.0, 0.0, 0.16666666666666666, 0.2773500981126146
arr,SIMPLE_NAME, line no: 15,arr.get(0),METHOD_INVOCATION, 0.046225016352102424, 0.0, 0.0, 0.0, 0.16666666666666666, 0.2773500981126146
new ArrayList<Integer>(),CLASS_INSTANCE_CREATION, line no: 16,arr.isEmpty(),METHOD_INVOCATION, 0.046225016352102424, 0.0, 0.0, 0.0, 0.16666666666666666, 0.2773500981126146
new ArrayList<Integer>(),CLASS_INSTANCE_CREATION, line no: 16,arr.get(0),METHOD_INVOCATION, 0.046225016352102424, 0.0, 0.0, 0.0, 0.16666666666666666, 0.2773500981126146
new ArrayList<Integer>(),CLASS_INSTANCE_CREATION, line no: 16,lesser.add(x),METHOD_INVOCATION, 0.046225016352102424, 0.0, 0.0, 0.0, 0.16666666666666666, 0.2773500981126146
new ArrayList<Integer>(),CLASS_INSTANCE_CREATION, line no: 16,greater.add(x),METHOD_INVOCATION, 0.046225016352102424, 0.0, 0.0, 0.0, 0.16666666666666666, 0.2773500981126146
new ArrayList<Integer>(),CLASS_INSTANCE_CREATION, line no: 16,middle.add(pivot),METHOD_INVOCATION, 0.046225016352102424, 0.0, 0.0, 0.0, 0.16666666666666666, 0.2773500981126146
pivot,SIMPLE_NAME, line no: 19,middle.add(pivot),METHOD_INVOCATION, 0.046225016352102424, 0.0, 0.0, 0.0, 0.16666666666666666, 0.2773500981126146
arr.get(0),METHOD_INVOCATION, line no: 19,arr,SIMPLE_NAME, 0.046225016352102424, 0.0, 0.0, 0.0, 0.16666666666666666, 0.2773500981126146
arr.get(0),METHOD_INVOCATION, line no: 19,new ArrayList<Integer>(),CLASS_INSTANCE_CREATION, 0.046225016352102424, 0.0, 0.0, 0.0, 0.16666666666666666, 0.2773500981126146
arr.get(0),METHOD_INVOCATION, line no: 19,get,SIMPLE_NAME, 0.046225016352102424, 0.0, 0.0, 0.0, 0.16666666666666666, 0.2773500981126146
arr.get(0),METHOD_INVOCATION, line no: 19,0,NUMBER_LITERAL, 0.046225016352102424, 0.0, 0.0, 0.0, 0.16666666666666666, 0.2773500981126146
arr,SIMPLE_NAME, line no: 19,arr.isEmpty(),METHOD_INVOCATION, 0.046225016352102424, 0.0, 0.0, 0.0, 0.16666666666666666, 0.2773500981126146
arr,SIMPLE_NAME, line no: 19,arr.get(0),METHOD_INVOCATION, 0.046225016352102424, 0.0, 0.0, 0.0, 0.16666666666666666, 0.2773500981126146
get,SIMPLE_NAME, line no: 19,arr.get(0),METHOD_INVOCATION, 0.046225016352102424, 0.0, 0.0, 0.0, 0.16666666666666666, 0.2773500981126146
0,NUMBER_LITERAL, line no: 19,arr.get(0),METHOD_INVOCATION, 0.046225016352102424, 0.0, 0.0, 0.0, 0.16666666666666666, 0.2773500981126146
lesser,SIMPLE_NAME, line no: 20,lesser.add(x),METHOD_INVOCATION, 0.046225016352102424, 0.0, 0.0, 0.0, 0.16666666666666666, 0.2773500981126146
new ArrayList<Integer>(),CLASS_INSTANCE_CREATION, line no: 20,arr.isEmpty(),METHOD_INVOCATION, 0.046225016352102424, 0.0, 0.0, 0.0, 0.16666666666666666, 0.2773500981126146
new ArrayList<Integer>(),CLASS_INSTANCE_CREATION, line no: 20,arr.get(0),METHOD_INVOCATION, 0.046225016352102424, 0.0, 0.0, 0.0, 0.16666666666666666, 0.2773500981126146
new ArrayList<Integer>(),CLASS_INSTANCE_CREATION, line no: 20,lesser.add(x),METHOD_INVOCATION, 0.046225016352102424, 0.0, 0.0, 0.0, 0.16666666666666666, 0.2773500981126146
new ArrayList<Integer>(),CLASS_INSTANCE_CREATION, line no: 20,greater.add(x),METHOD_INVOCATION, 0.046225016352102424, 0.0, 0.0, 0.0, 0.16666666666666666, 0.2773500981126146
new ArrayList<Integer>(),CLASS_INSTANCE_CREATION, line no: 20,middle.add(pivot),METHOD_INVOCATION, 0.046225016352102424, 0.0, 0.0, 0.0, 0.16666666666666666, 0.2773500981126146
greater,SIMPLE_NAME, line no: 21,greater.add(x),METHOD_INVOCATION, 0.046225016352102424, 0.0, 0.0, 0.0, 0.16666666666666666, 0.2773500981126146
new ArrayList<Integer>(),CLASS_INSTANCE_CREATION, line no: 21,arr.isEmpty(),METHOD_INVOCATION, 0.046225016352102424, 0.0, 0.0, 0.0, 0.16666666666666666, 0.2773500981126146
new ArrayList<Integer>(),CLASS_INSTANCE_CREATION, line no: 21,arr.get(0),METHOD_INVOCATION, 0.046225016352102424, 0.0, 0.0, 0.0, 0.16666666666666666, 0.2773500981126146
new ArrayList<Integer>(),CLASS_INSTANCE_CREATION, line no: 21,lesser.add(x),METHOD_INVOCATION, 0.046225016352102424, 0.0, 0.0, 0.0, 0.16666666666666666, 0.2773500981126146
new ArrayList<Integer>(),CLASS_INSTANCE_CREATION, line no: 21,greater.add(x),METHOD_INVOCATION, 0.046225016352102424, 0.0, 0.0, 0.0, 0.16666666666666666, 0.2773500981126146
new ArrayList<Integer>(),CLASS_INSTANCE_CREATION, line no: 21,middle.add(pivot),METHOD_INVOCATION, 0.046225016352102424, 0.0, 0.0, 0.0, 0.16666666666666666, 0.2773500981126146
x,SIMPLE_NAME, line no: 23,lesser.add(x),METHOD_INVOCATION, 0.046225016352102424, 0.0, 0.0, 0.0, 0.16666666666666666, 0.2773500981126146
x,SIMPLE_NAME, line no: 23,greater.add(x),METHOD_INVOCATION, 0.046225016352102424, 0.0, 0.0, 0.0, 0.16666666666666666, 0.2773500981126146
arr.subList(1 arr.size()),METHOD_INVOCATION, line no: 23,lesser=quicksort(lesser),ASSIGNMENT, 0.046225016352102424, 0.0, 0.0, 0.0, 0.16666666666666666, 0.2773500981126146
arr.subList(1 arr.size()),METHOD_INVOCATION, line no: 23,greater=quicksort(greater),ASSIGNMENT, 0.046225016352102424, 0.0, 0.0, 0.0, 0.16666666666666666, 0.2773500981126146
arr,SIMPLE_NAME, line no: 23,arr.isEmpty(),METHOD_INVOCATION, 0.046225016352102424, 0.0, 0.0, 0.0, 0.16666666666666666, 0.2773500981126146
arr,SIMPLE_NAME, line no: 23,arr.get(0),METHOD_INVOCATION, 0.046225016352102424, 0.0, 0.0, 0.0, 0.16666666666666666, 0.2773500981126146
arr,SIMPLE_NAME, line no: 23,arr.isEmpty(),METHOD_INVOCATION, 0.046225016352102424, 0.0, 0.0, 0.0, 0.16666666666666666, 0.2773500981126146
arr,SIMPLE_NAME, line no: 23,arr.get(0),METHOD_INVOCATION, 0.046225016352102424, 0.0, 0.0, 0.0, 0.16666666666666666, 0.2773500981126146
x,SIMPLE_NAME, line no: 24,lesser.add(x),METHOD_INVOCATION, 0.046225016352102424, 0.0, 0.0, 0.0, 0.16666666666666666, 0.2773500981126146
x,SIMPLE_NAME, line no: 24,greater.add(x),METHOD_INVOCATION, 0.046225016352102424, 0.0, 0.0, 0.0, 0.16666666666666666, 0.2773500981126146
pivot,SIMPLE_NAME, line no: 24,middle.add(pivot),METHOD_INVOCATION, 0.046225016352102424, 0.0, 0.0, 0.0, 0.16666666666666666, 0.2773500981126146
lesser.add(x),METHOD_INVOCATION, line no: 25,new ArrayList<Integer>(),CLASS_INSTANCE_CREATION, 0.046225016352102424, 0.0, 0.0, 0.0, 0.16666666666666666, 0.2773500981126146
lesser.add(x),METHOD_INVOCATION, line no: 25,lesser,SIMPLE_NAME, 0.046225016352102424, 0.0, 0.0, 0.0, 0.16666666666666666, 0.2773500981126146
lesser.add(x),METHOD_INVOCATION, line no: 25,x,SIMPLE_NAME, 0.046225016352102424, 0.0, 0.0, 0.0, 0.16666666666666666, 0.2773500981126146
lesser.add(x),METHOD_INVOCATION, line no: 25,add,SIMPLE_NAME, 0.046225016352102424, 0.0, 0.0, 0.0, 0.16666666666666666, 0.2773500981126146
lesser,SIMPLE_NAME, line no: 25,lesser.add(x),METHOD_INVOCATION, 0.046225016352102424, 0.0, 0.0, 0.0, 0.16666666666666666, 0.2773500981126146
add,SIMPLE_NAME, line no: 25,lesser.add(x),METHOD_INVOCATION, 0.046225016352102424, 0.0, 0.0, 0.0, 0.16666666666666666, 0.2773500981126146
add,SIMPLE_NAME, line no: 25,greater.add(x),METHOD_INVOCATION, 0.046225016352102424, 0.0, 0.0, 0.0, 0.16666666666666666, 0.2773500981126146
add,SIMPLE_NAME, line no: 25,middle.add(pivot),METHOD_INVOCATION, 0.046225016352102424, 0.0, 0.0, 0.0, 0.16666666666666666, 0.2773500981126146
x,SIMPLE_NAME, line no: 25,lesser.add(x),METHOD_INVOCATION, 0.046225016352102424, 0.0, 0.0, 0.0, 0.16666666666666666, 0.2773500981126146
x,SIMPLE_NAME, line no: 25,greater.add(x),METHOD_INVOCATION, 0.046225016352102424, 0.0, 0.0, 0.0, 0.16666666666666666, 0.2773500981126146
middle,SIMPLE_NAME, line no: 30,middle.add(pivot),METHOD_INVOCATION, 0.046225016352102424, 0.0, 0.0, 0.0, 0.16666666666666666, 0.2773500981126146
new ArrayList<Integer>(),CLASS_INSTANCE_CREATION, line no: 30,arr.isEmpty(),METHOD_INVOCATION, 0.046225016352102424, 0.0, 0.0, 0.0, 0.16666666666666666, 0.2773500981126146
new ArrayList<Integer>(),CLASS_INSTANCE_CREATION, line no: 30,arr.get(0),METHOD_INVOCATION, 0.046225016352102424, 0.0, 0.0, 0.0, 0.16666666666666666, 0.2773500981126146
new ArrayList<Integer>(),CLASS_INSTANCE_CREATION, line no: 30,lesser.add(x),METHOD_INVOCATION, 0.046225016352102424, 0.0, 0.0, 0.0, 0.16666666666666666, 0.2773500981126146
new ArrayList<Integer>(),CLASS_INSTANCE_CREATION, line no: 30,greater.add(x),METHOD_INVOCATION, 0.046225016352102424, 0.0, 0.0, 0.0, 0.16666666666666666, 0.2773500981126146
new ArrayList<Integer>(),CLASS_INSTANCE_CREATION, line no: 30,middle.add(pivot),METHOD_INVOCATION, 0.046225016352102424, 0.0, 0.0, 0.0, 0.16666666666666666, 0.2773500981126146
middle.add(pivot),METHOD_INVOCATION, line no: 31,new ArrayList<Integer>(),CLASS_INSTANCE_CREATION, 0.046225016352102424, 0.0, 0.0, 0.0, 0.16666666666666666, 0.2773500981126146
middle.add(pivot),METHOD_INVOCATION, line no: 31,pivot,SIMPLE_NAME, 0.046225016352102424, 0.0, 0.0, 0.0, 0.16666666666666666, 0.2773500981126146
middle.add(pivot),METHOD_INVOCATION, line no: 31,add,SIMPLE_NAME, 0.046225016352102424, 0.0, 0.0, 0.0, 0.16666666666666666, 0.2773500981126146
middle.add(pivot),METHOD_INVOCATION, line no: 31,middle,SIMPLE_NAME, 0.046225016352102424, 0.0, 0.0, 0.0, 0.16666666666666666, 0.2773500981126146
middle,SIMPLE_NAME, line no: 31,middle.add(pivot),METHOD_INVOCATION, 0.046225016352102424, 0.0, 0.0, 0.0, 0.16666666666666666, 0.2773500981126146
add,SIMPLE_NAME, line no: 31,lesser.add(x),METHOD_INVOCATION, 0.046225016352102424, 0.0, 0.0, 0.0, 0.16666666666666666, 0.2773500981126146
add,SIMPLE_NAME, line no: 31,greater.add(x),METHOD_INVOCATION, 0.046225016352102424, 0.0, 0.0, 0.0, 0.16666666666666666, 0.2773500981126146
add,SIMPLE_NAME, line no: 31,middle.add(pivot),METHOD_INVOCATION, 0.046225016352102424, 0.0, 0.0, 0.0, 0.16666666666666666, 0.2773500981126146
pivot,SIMPLE_NAME, line no: 31,middle.add(pivot),METHOD_INVOCATION, 0.046225016352102424, 0.0, 0.0, 0.0, 0.16666666666666666, 0.2773500981126146
lesser=quicksort(lesser),ASSIGNMENT, line no: 32,arr.subList(1 arr.size()),METHOD_INVOCATION, 0.046225016352102424, 0.0, 0.0, 0.0, 0.16666666666666666, 0.2773500981126146
lesser,SIMPLE_NAME, line no: 32,lesser.add(x),METHOD_INVOCATION, 0.046225016352102424, 0.0, 0.0, 0.0, 0.16666666666666666, 0.2773500981126146
lesser,SIMPLE_NAME, line no: 32,lesser.add(x),METHOD_INVOCATION, 0.046225016352102424, 0.0, 0.0, 0.0, 0.16666666666666666, 0.2773500981126146
greater=quicksort(greater),ASSIGNMENT, line no: 33,arr.subList(1 arr.size()),METHOD_INVOCATION, 0.046225016352102424, 0.0, 0.0, 0.0, 0.16666666666666666, 0.2773500981126146
greater,SIMPLE_NAME, line no: 33,greater.add(x),METHOD_INVOCATION, 0.046225016352102424, 0.0, 0.0, 0.0, 0.16666666666666666, 0.2773500981126146
greater,SIMPLE_NAME, line no: 33,greater.add(x),METHOD_INVOCATION, 0.046225016352102424, 0.0, 0.0, 0.0, 0.16666666666666666, 0.2773500981126146
middle,SIMPLE_NAME, line no: 34,middle.add(pivot),METHOD_INVOCATION, 0.046225016352102424, 0.0, 0.0, 0.0, 0.16666666666666666, 0.2773500981126146
greater,SIMPLE_NAME, line no: 34,greater.add(x),METHOD_INVOCATION, 0.046225016352102424, 0.0, 0.0, 0.0, 0.16666666666666666, 0.2773500981126146
lesser,SIMPLE_NAME, line no: 35,lesser.add(x),METHOD_INVOCATION, 0.046225016352102424, 0.0, 0.0, 0.0, 0.16666666666666666, 0.2773500981126146
middle,SIMPLE_NAME, line no: 35,middle.add(pivot),METHOD_INVOCATION, 0.046225016352102424, 0.0, 0.0, 0.0, 0.16666666666666666, 0.2773500981126146
lesser,SIMPLE_NAME, line no: 36,lesser.add(x),METHOD_INVOCATION, 0.046225016352102424, 0.0, 0.0, 0.0, 0.16666666666666666, 0.2773500981126146
new ArrayList<Integer>(),CLASS_INSTANCE_CREATION, line no: 16,middle.addAll(greater),METHOD_INVOCATION, 0.042669245863479165, 0.0, 0.0, 0.0, 0.15384615384615385, 0.2773500981126146
new ArrayList<Integer>(),CLASS_INSTANCE_CREATION, line no: 16,lesser.addAll(middle),METHOD_INVOCATION, 0.042669245863479165, 0.0, 0.0, 0.0, 0.15384615384615385, 0.2773500981126146
new ArrayList<Integer>(),CLASS_INSTANCE_CREATION, line no: 20,middle.addAll(greater),METHOD_INVOCATION, 0.042669245863479165, 0.0, 0.0, 0.0, 0.15384615384615385, 0.2773500981126146
new ArrayList<Integer>(),CLASS_INSTANCE_CREATION, line no: 20,lesser.addAll(middle),METHOD_INVOCATION, 0.042669245863479165, 0.0, 0.0, 0.0, 0.15384615384615385, 0.2773500981126146
new ArrayList<Integer>(),CLASS_INSTANCE_CREATION, line no: 21,middle.addAll(greater),METHOD_INVOCATION, 0.042669245863479165, 0.0, 0.0, 0.0, 0.15384615384615385, 0.2773500981126146
new ArrayList<Integer>(),CLASS_INSTANCE_CREATION, line no: 21,lesser.addAll(middle),METHOD_INVOCATION, 0.042669245863479165, 0.0, 0.0, 0.0, 0.15384615384615385, 0.2773500981126146
new ArrayList<Integer>(),CLASS_INSTANCE_CREATION, line no: 30,middle.addAll(greater),METHOD_INVOCATION, 0.042669245863479165, 0.0, 0.0, 0.0, 0.15384615384615385, 0.2773500981126146
new ArrayList<Integer>(),CLASS_INSTANCE_CREATION, line no: 30,lesser.addAll(middle),METHOD_INVOCATION, 0.042669245863479165, 0.0, 0.0, 0.0, 0.15384615384615385, 0.2773500981126146
middle.addAll(greater),METHOD_INVOCATION, line no: 34,new ArrayList<Integer>(),CLASS_INSTANCE_CREATION, 0.042669245863479165, 0.0, 0.0, 0.0, 0.15384615384615385, 0.2773500981126146
lesser.addAll(middle),METHOD_INVOCATION, line no: 35,new ArrayList<Integer>(),CLASS_INSTANCE_CREATION, 0.042669245863479165, 0.0, 0.0, 0.0, 0.15384615384615385, 0.2773500981126146
greater.add(x),METHOD_INVOCATION, line no: 27,addAll,SIMPLE_NAME, 0.04123930494211613, 0.0, 0.0, 0.0, 0.14285714285714285, 0.2886751345948129
greater,SIMPLE_NAME, line no: 27,middle.addAll(greater),METHOD_INVOCATION, 0.04123930494211613, 0.0, 0.0, 0.0, 0.14285714285714285, 0.2886751345948129
add,SIMPLE_NAME, line no: 27,middle.addAll(greater),METHOD_INVOCATION, 0.04123930494211613, 0.0, 0.0, 0.0, 0.14285714285714285, 0.2886751345948129
add,SIMPLE_NAME, line no: 27,lesser.addAll(middle),METHOD_INVOCATION, 0.04123930494211613, 0.0, 0.0, 0.0, 0.14285714285714285, 0.2886751345948129
lesser,SIMPLE_NAME, line no: 20,lesser.addAll(middle),METHOD_INVOCATION, 0.03962144258751637, 0.0, 0.0, 0.0, 0.14285714285714285, 0.2773500981126146
greater,SIMPLE_NAME, line no: 21,middle.addAll(greater),METHOD_INVOCATION, 0.03962144258751637, 0.0, 0.0, 0.0, 0.14285714285714285, 0.2773500981126146
arr.size(),METHOD_INVOCATION, line no: 23,java.util,QUALIFIED_NAME, 0.03962144258751637, 0.0, 0.0, 0.0, 0.14285714285714285, 0.2773500981126146
lesser.add(x),METHOD_INVOCATION, line no: 25,addAll,SIMPLE_NAME, 0.03962144258751637, 0.0, 0.0, 0.0, 0.14285714285714285, 0.2773500981126146
lesser,SIMPLE_NAME, line no: 25,lesser.addAll(middle),METHOD_INVOCATION, 0.03962144258751637, 0.0, 0.0, 0.0, 0.14285714285714285, 0.2773500981126146
add,SIMPLE_NAME, line no: 25,middle.addAll(greater),METHOD_INVOCATION, 0.03962144258751637, 0.0, 0.0, 0.0, 0.14285714285714285, 0.2773500981126146
add,SIMPLE_NAME, line no: 25,lesser.addAll(middle),METHOD_INVOCATION, 0.03962144258751637, 0.0, 0.0, 0.0, 0.14285714285714285, 0.2773500981126146
middle,SIMPLE_NAME, line no: 30,middle.addAll(greater),METHOD_INVOCATION, 0.03962144258751637, 0.0, 0.0, 0.0, 0.14285714285714285, 0.2773500981126146
middle,SIMPLE_NAME, line no: 30,lesser.addAll(middle),METHOD_INVOCATION, 0.03962144258751637, 0.0, 0.0, 0.0, 0.14285714285714285, 0.2773500981126146
middle.add(pivot),METHOD_INVOCATION, line no: 31,addAll,SIMPLE_NAME, 0.03962144258751637, 0.0, 0.0, 0.0, 0.14285714285714285, 0.2773500981126146
middle,SIMPLE_NAME, line no: 31,middle.addAll(greater),METHOD_INVOCATION, 0.03962144258751637, 0.0, 0.0, 0.0, 0.14285714285714285, 0.2773500981126146
middle,SIMPLE_NAME, line no: 31,lesser.addAll(middle),METHOD_INVOCATION, 0.03962144258751637, 0.0, 0.0, 0.0, 0.14285714285714285, 0.2773500981126146
add,SIMPLE_NAME, line no: 31,middle.addAll(greater),METHOD_INVOCATION, 0.03962144258751637, 0.0, 0.0, 0.0, 0.14285714285714285, 0.2773500981126146
add,SIMPLE_NAME, line no: 31,lesser.addAll(middle),METHOD_INVOCATION, 0.03962144258751637, 0.0, 0.0, 0.0, 0.14285714285714285, 0.2773500981126146
lesser,SIMPLE_NAME, line no: 32,lesser.addAll(middle),METHOD_INVOCATION, 0.03962144258751637, 0.0, 0.0, 0.0, 0.14285714285714285, 0.2773500981126146
lesser,SIMPLE_NAME, line no: 32,lesser.addAll(middle),METHOD_INVOCATION, 0.03962144258751637, 0.0, 0.0, 0.0, 0.14285714285714285, 0.2773500981126146
greater,SIMPLE_NAME, line no: 33,middle.addAll(greater),METHOD_INVOCATION, 0.03962144258751637, 0.0, 0.0, 0.0, 0.14285714285714285, 0.2773500981126146
greater,SIMPLE_NAME, line no: 33,middle.addAll(greater),METHOD_INVOCATION, 0.03962144258751637, 0.0, 0.0, 0.0, 0.14285714285714285, 0.2773500981126146
middle.addAll(greater),METHOD_INVOCATION, line no: 34,greater,SIMPLE_NAME, 0.03962144258751637, 0.0, 0.0, 0.0, 0.14285714285714285, 0.2773500981126146
middle.addAll(greater),METHOD_INVOCATION, line no: 34,add,SIMPLE_NAME, 0.03962144258751637, 0.0, 0.0, 0.0, 0.14285714285714285, 0.2773500981126146
middle.addAll(greater),METHOD_INVOCATION, line no: 34,middle,SIMPLE_NAME, 0.03962144258751637, 0.0, 0.0, 0.0, 0.14285714285714285, 0.2773500981126146
middle,SIMPLE_NAME, line no: 34,middle.addAll(greater),METHOD_INVOCATION, 0.03962144258751637, 0.0, 0.0, 0.0, 0.14285714285714285, 0.2773500981126146
middle,SIMPLE_NAME, line no: 34,lesser.addAll(middle),METHOD_INVOCATION, 0.03962144258751637, 0.0, 0.0, 0.0, 0.14285714285714285, 0.2773500981126146
addAll,SIMPLE_NAME, line no: 34,lesser.add(x),METHOD_INVOCATION, 0.03962144258751637, 0.0, 0.0, 0.0, 0.14285714285714285, 0.2773500981126146
addAll,SIMPLE_NAME, line no: 34,greater.add(x),METHOD_INVOCATION, 0.03962144258751637, 0.0, 0.0, 0.0, 0.14285714285714285, 0.2773500981126146
addAll,SIMPLE_NAME, line no: 34,middle.add(pivot),METHOD_INVOCATION, 0.03962144258751637, 0.0, 0.0, 0.0, 0.14285714285714285, 0.2773500981126146
greater,SIMPLE_NAME, line no: 34,middle.addAll(greater),METHOD_INVOCATION, 0.03962144258751637, 0.0, 0.0, 0.0, 0.14285714285714285, 0.2773500981126146
lesser.addAll(middle),METHOD_INVOCATION, line no: 35,lesser,SIMPLE_NAME, 0.03962144258751637, 0.0, 0.0, 0.0, 0.14285714285714285, 0.2773500981126146
lesser.addAll(middle),METHOD_INVOCATION, line no: 35,add,SIMPLE_NAME, 0.03962144258751637, 0.0, 0.0, 0.0, 0.14285714285714285, 0.2773500981126146
lesser.addAll(middle),METHOD_INVOCATION, line no: 35,middle,SIMPLE_NAME, 0.03962144258751637, 0.0, 0.0, 0.0, 0.14285714285714285, 0.2773500981126146
lesser,SIMPLE_NAME, line no: 35,lesser.addAll(middle),METHOD_INVOCATION, 0.03962144258751637, 0.0, 0.0, 0.0, 0.14285714285714285, 0.2773500981126146
addAll,SIMPLE_NAME, line no: 35,lesser.add(x),METHOD_INVOCATION, 0.03962144258751637, 0.0, 0.0, 0.0, 0.14285714285714285, 0.2773500981126146
addAll,SIMPLE_NAME, line no: 35,greater.add(x),METHOD_INVOCATION, 0.03962144258751637, 0.0, 0.0, 0.0, 0.14285714285714285, 0.2773500981126146
addAll,SIMPLE_NAME, line no: 35,middle.add(pivot),METHOD_INVOCATION, 0.03962144258751637, 0.0, 0.0, 0.0, 0.14285714285714285, 0.2773500981126146
middle,SIMPLE_NAME, line no: 35,middle.addAll(greater),METHOD_INVOCATION, 0.03962144258751637, 0.0, 0.0, 0.0, 0.14285714285714285, 0.2773500981126146
middle,SIMPLE_NAME, line no: 35,lesser.addAll(middle),METHOD_INVOCATION, 0.03962144258751637, 0.0, 0.0, 0.0, 0.14285714285714285, 0.2773500981126146
lesser,SIMPLE_NAME, line no: 36,lesser.addAll(middle),METHOD_INVOCATION, 0.03962144258751637, 0.0, 0.0, 0.0, 0.14285714285714285, 0.2773500981126146
x > pivot,INFIX_EXPRESSION, line no: 26,lesser.add(x),METHOD_INVOCATION, 0.036084391824351615, 0.0, 0.0, 0.0, 0.125, 0.2886751345948129
x > pivot,INFIX_EXPRESSION, line no: 26,greater.add(x),METHOD_INVOCATION, 0.036084391824351615, 0.0, 0.0, 0.0, 0.125, 0.2886751345948129
x > pivot,INFIX_EXPRESSION, line no: 26,middle.add(pivot),METHOD_INVOCATION, 0.036084391824351615, 0.0, 0.0, 0.0, 0.125, 0.2886751345948129
greater.add(x),METHOD_INVOCATION, line no: 27,java.util,QUALIFIED_NAME, 0.036084391824351615, 0.0, 0.0, 0.0, 0.125, 0.2886751345948129
greater.add(x),METHOD_INVOCATION, line no: 27,x < pivot,INFIX_EXPRESSION, 0.036084391824351615, 0.0, 0.0, 0.0, 0.125, 0.2886751345948129
greater.add(x),METHOD_INVOCATION, line no: 27,x > pivot,INFIX_EXPRESSION, 0.036084391824351615, 0.0, 0.0, 0.0, 0.125, 0.2886751345948129
arr.isEmpty(),METHOD_INVOCATION, line no: 15,java.util,QUALIFIED_NAME, 0.03466876226407682, 0.0, 0.0, 0.0, 0.125, 0.2773500981126146
new ArrayList<Integer>(),CLASS_INSTANCE_CREATION, line no: 16,Integer,SIMPLE_NAME, 0.03466876226407682, 0.0, 0.0, 0.0, 0.125, 0.2773500981126146
Integer,SIMPLE_NAME, line no: 16,new ArrayList<Integer>(),CLASS_INSTANCE_CREATION, 0.03466876226407682, 0.0, 0.0, 0.0, 0.125, 0.2773500981126146
Integer,SIMPLE_NAME, line no: 19,new ArrayList<Integer>(),CLASS_INSTANCE_CREATION, 0.03466876226407682, 0.0, 0.0, 0.0, 0.125, 0.2773500981126146
arr.get(0),METHOD_INVOCATION, line no: 19,java.util,QUALIFIED_NAME, 0.03466876226407682, 0.0, 0.0, 0.0, 0.125, 0.2773500981126146
Integer,SIMPLE_NAME, line no: 20,new ArrayList<Integer>(),CLASS_INSTANCE_CREATION, 0.03466876226407682, 0.0, 0.0, 0.0, 0.125, 0.2773500981126146
new ArrayList<Integer>(),CLASS_INSTANCE_CREATION, line no: 20,Integer,SIMPLE_NAME, 0.03466876226407682, 0.0, 0.0, 0.0, 0.125, 0.2773500981126146
Integer,SIMPLE_NAME, line no: 20,new ArrayList<Integer>(),CLASS_INSTANCE_CREATION, 0.03466876226407682, 0.0, 0.0, 0.0, 0.125, 0.2773500981126146
Integer,SIMPLE_NAME, line no: 21,new ArrayList<Integer>(),CLASS_INSTANCE_CREATION, 0.03466876226407682, 0.0, 0.0, 0.0, 0.125, 0.2773500981126146
new ArrayList<Integer>(),CLASS_INSTANCE_CREATION, line no: 21,Integer,SIMPLE_NAME, 0.03466876226407682, 0.0, 0.0, 0.0, 0.125, 0.2773500981126146
Integer,SIMPLE_NAME, line no: 21,new ArrayList<Integer>(),CLASS_INSTANCE_CREATION, 0.03466876226407682, 0.0, 0.0, 0.0, 0.125, 0.2773500981126146
Integer,SIMPLE_NAME, line no: 23,new ArrayList<Integer>(),CLASS_INSTANCE_CREATION, 0.03466876226407682, 0.0, 0.0, 0.0, 0.125, 0.2773500981126146
x < pivot,INFIX_EXPRESSION, line no: 24,lesser.add(x),METHOD_INVOCATION, 0.03466876226407682, 0.0, 0.0, 0.0, 0.125, 0.2773500981126146
x < pivot,INFIX_EXPRESSION, line no: 24,greater.add(x),METHOD_INVOCATION, 0.03466876226407682, 0.0, 0.0, 0.0, 0.125, 0.2773500981126146
x < pivot,INFIX_EXPRESSION, line no: 24,middle.add(pivot),METHOD_INVOCATION, 0.03466876226407682, 0.0, 0.0, 0.0, 0.125, 0.2773500981126146
lesser.add(x),METHOD_INVOCATION, line no: 25,java.util,QUALIFIED_NAME, 0.03466876226407682, 0.0, 0.0, 0.0, 0.125, 0.2773500981126146
lesser.add(x),METHOD_INVOCATION, line no: 25,x < pivot,INFIX_EXPRESSION, 0.03466876226407682, 0.0, 0.0, 0.0, 0.125, 0.2773500981126146
lesser.add(x),METHOD_INVOCATION, line no: 25,x > pivot,INFIX_EXPRESSION, 0.03466876226407682, 0.0, 0.0, 0.0, 0.125, 0.2773500981126146
Integer,SIMPLE_NAME, line no: 30,new ArrayList<Integer>(),CLASS_INSTANCE_CREATION, 0.03466876226407682, 0.0, 0.0, 0.0, 0.125, 0.2773500981126146
new ArrayList<Integer>(),CLASS_INSTANCE_CREATION, line no: 30,Integer,SIMPLE_NAME, 0.03466876226407682, 0.0, 0.0, 0.0, 0.125, 0.2773500981126146
Integer,SIMPLE_NAME, line no: 30,new ArrayList<Integer>(),CLASS_INSTANCE_CREATION, 0.03466876226407682, 0.0, 0.0, 0.0, 0.125, 0.2773500981126146
middle.add(pivot),METHOD_INVOCATION, line no: 31,java.util,QUALIFIED_NAME, 0.03466876226407682, 0.0, 0.0, 0.0, 0.125, 0.2773500981126146
middle.add(pivot),METHOD_INVOCATION, line no: 31,x < pivot,INFIX_EXPRESSION, 0.03466876226407682, 0.0, 0.0, 0.0, 0.125, 0.2773500981126146
middle.add(pivot),METHOD_INVOCATION, line no: 31,x > pivot,INFIX_EXPRESSION, 0.03466876226407682, 0.0, 0.0, 0.0, 0.125, 0.2773500981126146
arr,SIMPLE_NAME, line no: 15,arr.subList(1 arr.size()),METHOD_INVOCATION, 0.030816677568068284, 0.0, 0.0, 0.0, 0.1111111111111111, 0.2773500981126146
new ArrayList<Integer>(),CLASS_INSTANCE_CREATION, line no: 16,subList,SIMPLE_NAME, 0.030816677568068284, 0.0, 0.0, 0.0, 0.1111111111111111, 0.2773500981126146
arr,SIMPLE_NAME, line no: 19,arr.subList(1 arr.size()),METHOD_INVOCATION, 0.030816677568068284, 0.0, 0.0, 0.0, 0.1111111111111111, 0.2773500981126146
new ArrayList<Integer>(),CLASS_INSTANCE_CREATION, line no: 20,subList,SIMPLE_NAME, 0.030816677568068284, 0.0, 0.0, 0.0, 0.1111111111111111, 0.2773500981126146
new ArrayList<Integer>(),CLASS_INSTANCE_CREATION, line no: 21,subList,SIMPLE_NAME, 0.030816677568068284, 0.0, 0.0, 0.0, 0.1111111111111111, 0.2773500981126146
arr.subList(1 arr.size()),METHOD_INVOCATION, line no: 23,arr,SIMPLE_NAME, 0.030816677568068284, 0.0, 0.0, 0.0, 0.1111111111111111, 0.2773500981126146
arr.subList(1 arr.size()),METHOD_INVOCATION, line no: 23,1,NUMBER_LITERAL, 0.030816677568068284, 0.0, 0.0, 0.0, 0.1111111111111111, 0.2773500981126146
arr.subList(1 arr.size()),METHOD_INVOCATION, line no: 23,size,SIMPLE_NAME, 0.030816677568068284, 0.0, 0.0, 0.0, 0.1111111111111111, 0.2773500981126146
arr,SIMPLE_NAME, line no: 23,arr.subList(1 arr.size()),METHOD_INVOCATION, 0.030816677568068284, 0.0, 0.0, 0.0, 0.1111111111111111, 0.2773500981126146
subList,SIMPLE_NAME, line no: 23,new ArrayList<Integer>(),CLASS_INSTANCE_CREATION, 0.030816677568068284, 0.0, 0.0, 0.0, 0.1111111111111111, 0.2773500981126146
1,NUMBER_LITERAL, line no: 23,arr.subList(1 arr.size()),METHOD_INVOCATION, 0.030816677568068284, 0.0, 0.0, 0.0, 0.1111111111111111, 0.2773500981126146
arr,SIMPLE_NAME, line no: 23,arr.subList(1 arr.size()),METHOD_INVOCATION, 0.030816677568068284, 0.0, 0.0, 0.0, 0.1111111111111111, 0.2773500981126146
size,SIMPLE_NAME, line no: 23,arr.subList(1 arr.size()),METHOD_INVOCATION, 0.030816677568068284, 0.0, 0.0, 0.0, 0.1111111111111111, 0.2773500981126146
new ArrayList<Integer>(),CLASS_INSTANCE_CREATION, line no: 30,subList,SIMPLE_NAME, 0.030816677568068284, 0.0, 0.0, 0.0, 0.1111111111111111, 0.2773500981126146
middle.addAll(greater),METHOD_INVOCATION, line no: 34,java.util,QUALIFIED_NAME, 0.030816677568068284, 0.0, 0.0, 0.0, 0.1111111111111111, 0.2773500981126146
lesser.addAll(middle),METHOD_INVOCATION, line no: 35,java.util,QUALIFIED_NAME, 0.030816677568068284, 0.0, 0.0, 0.0, 0.1111111111111111, 0.2773500981126146
x > pivot,INFIX_EXPRESSION, line no: 26,new ArrayList<Integer>(),CLASS_INSTANCE_CREATION, 0.028867513459481294, 0.0, 0.0, 0.0, 0.1, 0.2886751345948129
new ArrayList<Integer>(),CLASS_INSTANCE_CREATION, line no: 16,x < pivot,INFIX_EXPRESSION, 0.02773500981126146, 0.0, 0.0, 0.0, 0.1, 0.2773500981126146
new ArrayList<Integer>(),CLASS_INSTANCE_CREATION, line no: 16,x > pivot,INFIX_EXPRESSION, 0.02773500981126146, 0.0, 0.0, 0.0, 0.1, 0.2773500981126146
ArrayList,SIMPLE_NAME, line no: 16,arr.subList(1 arr.size()),METHOD_INVOCATION, 0.02773500981126146, 0.0, 0.0, 0.0, 0.1, 0.2773500981126146
ArrayList,SIMPLE_NAME, line no: 20,arr.subList(1 arr.size()),METHOD_INVOCATION, 0.02773500981126146, 0.0, 0.0, 0.0, 0.1, 0.2773500981126146
new ArrayList<Integer>(),CLASS_INSTANCE_CREATION, line no: 20,x < pivot,INFIX_EXPRESSION, 0.02773500981126146, 0.0, 0.0, 0.0, 0.1, 0.2773500981126146
new ArrayList<Integer>(),CLASS_INSTANCE_CREATION, line no: 20,x > pivot,INFIX_EXPRESSION, 0.02773500981126146, 0.0, 0.0, 0.0, 0.1, 0.2773500981126146
ArrayList,SIMPLE_NAME, line no: 20,arr.subList(1 arr.size()),METHOD_INVOCATION, 0.02773500981126146, 0.0, 0.0, 0.0, 0.1, 0.2773500981126146
ArrayList,SIMPLE_NAME, line no: 21,arr.subList(1 arr.size()),METHOD_INVOCATION, 0.02773500981126146, 0.0, 0.0, 0.0, 0.1, 0.2773500981126146
new ArrayList<Integer>(),CLASS_INSTANCE_CREATION, line no: 21,x < pivot,INFIX_EXPRESSION, 0.02773500981126146, 0.0, 0.0, 0.0, 0.1, 0.2773500981126146
new ArrayList<Integer>(),CLASS_INSTANCE_CREATION, line no: 21,x > pivot,INFIX_EXPRESSION, 0.02773500981126146, 0.0, 0.0, 0.0, 0.1, 0.2773500981126146
ArrayList,SIMPLE_NAME, line no: 21,arr.subList(1 arr.size()),METHOD_INVOCATION, 0.02773500981126146, 0.0, 0.0, 0.0, 0.1, 0.2773500981126146
arr.subList(1 arr.size()),METHOD_INVOCATION, line no: 23,ArrayList,SIMPLE_NAME, 0.02773500981126146, 0.0, 0.0, 0.0, 0.1, 0.2773500981126146
x < pivot,INFIX_EXPRESSION, line no: 24,new ArrayList<Integer>(),CLASS_INSTANCE_CREATION, 0.02773500981126146, 0.0, 0.0, 0.0, 0.1, 0.2773500981126146
ArrayList,SIMPLE_NAME, line no: 30,arr.subList(1 arr.size()),METHOD_INVOCATION, 0.02773500981126146, 0.0, 0.0, 0.0, 0.1, 0.2773500981126146
new ArrayList<Integer>(),CLASS_INSTANCE_CREATION, line no: 30,x < pivot,INFIX_EXPRESSION, 0.02773500981126146, 0.0, 0.0, 0.0, 0.1, 0.2773500981126146
new ArrayList<Integer>(),CLASS_INSTANCE_CREATION, line no: 30,x > pivot,INFIX_EXPRESSION, 0.02773500981126146, 0.0, 0.0, 0.0, 0.1, 0.2773500981126146
ArrayList,SIMPLE_NAME, line no: 30,arr.subList(1 arr.size()),METHOD_INVOCATION, 0.02773500981126146, 0.0, 0.0, 0.0, 0.1, 0.2773500981126146
arr.subList(1 arr.size()),METHOD_INVOCATION, line no: 23,java.util,QUALIFIED_NAME, 0.02521364528296496, 0.0, 0.0, 0.0, 0.09090909090909091, 0.2773500981126146
