powerset,SIMPLE_NAME, line no: 19,POWERSET,SIMPLE_NAME, 1.0, 0.0, 0.0, 0.0, 1.0, 1.0
new ArrayList<ArrayList>(100),CLASS_INSTANCE_CREATION, line no: 21,new ArrayList<ArrayList>(),CLASS_INSTANCE_CREATION, 0.875, 0.0, 0.0, 0.0, 0.875, 1.0
new ArrayList(100),CLASS_INSTANCE_CREATION, line no: 22,new ArrayList(),CLASS_INSTANCE_CREATION, 0.8333333333333334, 0.0, 0.0, 0.0, 0.8333333333333334, 1.0
new ArrayList<ArrayList>(),CLASS_INSTANCE_CREATION, line no: 31,new ArrayList<ArrayList>(100),CLASS_INSTANCE_CREATION, 0.7826237921249264, 0.0, 0.0, 0.0, 0.875, 0.8944271909999159
!arr.isEmpty(),PREFIX_EXPRESSION, line no: 15,arr.isEmpty(),METHOD_INVOCATION, 0.7666518779999278, 0.0, 0.0, 0.0, 0.8571428571428571, 0.8944271909999159
arr.isEmpty(),METHOD_INVOCATION, line no: 15,!arr.isEmpty(),PREFIX_EXPRESSION, 0.7666518779999278, 0.0, 0.0, 0.0, 0.8571428571428571, 0.8944271909999159
new ArrayList<ArrayList>(100),CLASS_INSTANCE_CREATION, line no: 21,new ArrayList(100),CLASS_INSTANCE_CREATION, 0.75, 0.0, 0.0, 0.0, 0.75, 1.0
new ArrayList(100),CLASS_INSTANCE_CREATION, line no: 22,new ArrayList<ArrayList>(100),CLASS_INSTANCE_CREATION, 0.75, 0.0, 0.0, 0.0, 0.75, 1.0
new ArrayList(),CLASS_INSTANCE_CREATION, line no: 32,new ArrayList(100),CLASS_INSTANCE_CREATION, 0.7453559924999299, 0.0, 0.0, 0.0, 0.8333333333333334, 0.8944271909999159
arr.get(0),METHOD_INVOCATION, line no: 16,arr.remove(0),METHOD_INVOCATION, 0.7142857142857143, 0.0, 0.0, 0.0, 0.7142857142857143, 1.0
arr.remove(0),METHOD_INVOCATION, line no: 17,arr.get(0),METHOD_INVOCATION, 0.7142857142857143, 0.0, 0.0, 0.0, 0.7142857142857143, 1.0
to_add.add(first),METHOD_INVOCATION, line no: 23,output.add(to_add),METHOD_INVOCATION, 0.7142857142857143, 0.0, 0.0, 0.0, 0.7142857142857143, 1.0
output.add(to_add),METHOD_INVOCATION, line no: 27,to_add.add(first),METHOD_INVOCATION, 0.7142857142857143, 0.0, 0.0, 0.0, 0.7142857142857143, 1.0
new ArrayList<ArrayList>(),CLASS_INSTANCE_CREATION, line no: 31,new ArrayList(),CLASS_INSTANCE_CREATION, 0.6388765649999399, 0.0, 0.0, 0.0, 0.7142857142857143, 0.8944271909999159
new ArrayList(),CLASS_INSTANCE_CREATION, line no: 32,new ArrayList<ArrayList>(),CLASS_INSTANCE_CREATION, 0.6388765649999399, 0.0, 0.0, 0.0, 0.7142857142857143, 0.8944271909999159
new ArrayList<ArrayList>(100),CLASS_INSTANCE_CREATION, line no: 21,new ArrayList(),CLASS_INSTANCE_CREATION, 0.625, 0.0, 0.0, 0.0, 0.625, 1.0
new ArrayList(100),CLASS_INSTANCE_CREATION, line no: 22,new ArrayList<ArrayList>(),CLASS_INSTANCE_CREATION, 0.625, 0.0, 0.0, 0.0, 0.625, 1.0
to_add.add(first),METHOD_INVOCATION, line no: 23,to_add.addAll(subset),METHOD_INVOCATION, 0.625, 0.0, 0.0, 0.0, 0.625, 1.0
to_add.addAll(subset),METHOD_INVOCATION, line no: 25,to_add.add(first),METHOD_INVOCATION, 0.625, 0.0, 0.0, 0.0, 0.625, 1.0
to_add.addAll(subset),METHOD_INVOCATION, line no: 25,output.add(to_add),METHOD_INVOCATION, 0.625, 0.0, 0.0, 0.0, 0.625, 1.0
output.add(to_add),METHOD_INVOCATION, line no: 27,to_add.addAll(subset),METHOD_INVOCATION, 0.625, 0.0, 0.0, 0.0, 0.625, 1.0
new ArrayList<ArrayList>(),CLASS_INSTANCE_CREATION, line no: 31,new ArrayList(100),CLASS_INSTANCE_CREATION, 0.5590169943749475, 0.0, 0.0, 0.0, 0.625, 0.8944271909999159
empty_set.add(new ArrayList()),METHOD_INVOCATION, line no: 32,new ArrayList(),CLASS_INSTANCE_CREATION, 0.5590169943749475, 0.0, 0.0, 0.0, 0.625, 0.8944271909999159
new ArrayList(),CLASS_INSTANCE_CREATION, line no: 32,new ArrayList<ArrayList>(100),CLASS_INSTANCE_CREATION, 0.5590169943749475, 0.0, 0.0, 0.0, 0.625, 0.8944271909999159
new ArrayList(),CLASS_INSTANCE_CREATION, line no: 32,empty_set.add(new ArrayList()),METHOD_INVOCATION, 0.5590169943749475, 0.0, 0.0, 0.0, 0.625, 0.8944271909999159
new ArrayList(100),CLASS_INSTANCE_CREATION, line no: 22,empty_set.add(new ArrayList()),METHOD_INVOCATION, 0.5555555555555556, 0.0, 0.0, 0.0, 0.5555555555555556, 1.0
arr.get(0),METHOD_INVOCATION, line no: 16,arr.isEmpty(),METHOD_INVOCATION, 0.5, 0.0, 0.0, 0.0, 0.5, 1.0
arr.remove(0),METHOD_INVOCATION, line no: 17,arr.isEmpty(),METHOD_INVOCATION, 0.5, 0.0, 0.0, 0.0, 0.5, 1.0
add,SIMPLE_NAME, line no: 23,addAll,SIMPLE_NAME, 0.5, 0.0, 0.0, 0.0, 0.5, 1.0
addAll,SIMPLE_NAME, line no: 25,add,SIMPLE_NAME, 0.5, 0.0, 0.0, 0.0, 0.5, 1.0
add,SIMPLE_NAME, line no: 27,addAll,SIMPLE_NAME, 0.5, 0.0, 0.0, 0.0, 0.5, 1.0
empty_set.add(new ArrayList()),METHOD_INVOCATION, line no: 32,new ArrayList(100),CLASS_INSTANCE_CREATION, 0.4969039949999533, 0.0, 0.0, 0.0, 0.5555555555555556, 0.8944271909999159
new ArrayList<ArrayList>(100),CLASS_INSTANCE_CREATION, line no: 21,empty_set.add(new ArrayList()),METHOD_INVOCATION, 0.45454545454545453, 0.0, 0.0, 0.0, 0.45454545454545453, 1.0
arr.isEmpty(),METHOD_INVOCATION, line no: 15,arr.get(0),METHOD_INVOCATION, 0.4472135954999579, 0.0, 0.0, 0.0, 0.5, 0.8944271909999159
arr.isEmpty(),METHOD_INVOCATION, line no: 15,arr.remove(0),METHOD_INVOCATION, 0.4472135954999579, 0.0, 0.0, 0.0, 0.5, 0.8944271909999159
new ArrayList<ArrayList>(),CLASS_INSTANCE_CREATION, line no: 31,empty_set.add(new ArrayList()),METHOD_INVOCATION, 0.4472135954999579, 0.0, 0.0, 0.0, 0.5, 0.8944271909999159
empty_set.add(new ArrayList()),METHOD_INVOCATION, line no: 32,new ArrayList<ArrayList>(),CLASS_INSTANCE_CREATION, 0.4472135954999579, 0.0, 0.0, 0.0, 0.5, 0.8944271909999159
add,SIMPLE_NAME, line no: 32,addAll,SIMPLE_NAME, 0.4472135954999579, 0.0, 0.0, 0.0, 0.5, 0.8944271909999159
arr.get(0),METHOD_INVOCATION, line no: 16,!arr.isEmpty(),PREFIX_EXPRESSION, 0.4444444444444444, 0.0, 0.0, 0.0, 0.4444444444444444, 1.0
arr.remove(0),METHOD_INVOCATION, line no: 17,!arr.isEmpty(),PREFIX_EXPRESSION, 0.4444444444444444, 0.0, 0.0, 0.0, 0.4444444444444444, 1.0
empty_set.add(new ArrayList()),METHOD_INVOCATION, line no: 32,new ArrayList<ArrayList>(100),CLASS_INSTANCE_CREATION, 0.40655781409087083, 0.0, 0.0, 0.0, 0.45454545454545453, 0.8944271909999159
ArrayList,SIMPLE_NAME, line no: 18,new ArrayList(),CLASS_INSTANCE_CREATION, 0.4, 0.0, 0.0, 0.0, 0.4, 1.0
ArrayList,SIMPLE_NAME, line no: 19,new ArrayList(),CLASS_INSTANCE_CREATION, 0.4, 0.0, 0.0, 0.0, 0.4, 1.0
ArrayList,SIMPLE_NAME, line no: 19,new ArrayList(),CLASS_INSTANCE_CREATION, 0.4, 0.0, 0.0, 0.0, 0.4, 1.0
ArrayList,SIMPLE_NAME, line no: 21,new ArrayList(),CLASS_INSTANCE_CREATION, 0.4, 0.0, 0.0, 0.0, 0.4, 1.0
ArrayList,SIMPLE_NAME, line no: 21,new ArrayList(),CLASS_INSTANCE_CREATION, 0.4, 0.0, 0.0, 0.0, 0.4, 1.0
ArrayList,SIMPLE_NAME, line no: 21,new ArrayList(),CLASS_INSTANCE_CREATION, 0.4, 0.0, 0.0, 0.0, 0.4, 1.0
ArrayList,SIMPLE_NAME, line no: 21,new ArrayList(),CLASS_INSTANCE_CREATION, 0.4, 0.0, 0.0, 0.0, 0.4, 1.0
ArrayList,SIMPLE_NAME, line no: 22,new ArrayList(),CLASS_INSTANCE_CREATION, 0.4, 0.0, 0.0, 0.0, 0.4, 1.0
ArrayList,SIMPLE_NAME, line no: 22,new ArrayList(),CLASS_INSTANCE_CREATION, 0.4, 0.0, 0.0, 0.0, 0.4, 1.0
to_add.add(first),METHOD_INVOCATION, line no: 23,empty_set.add(new ArrayList()),METHOD_INVOCATION, 0.4, 0.0, 0.0, 0.0, 0.4, 1.0
ArrayList,SIMPLE_NAME, line no: 24,new ArrayList(),CLASS_INSTANCE_CREATION, 0.4, 0.0, 0.0, 0.0, 0.4, 1.0
output.add(to_add),METHOD_INVOCATION, line no: 27,empty_set.add(new ArrayList()),METHOD_INVOCATION, 0.4, 0.0, 0.0, 0.0, 0.4, 1.0
!arr.isEmpty(),PREFIX_EXPRESSION, line no: 15,arr.get(0),METHOD_INVOCATION, 0.39752319599996255, 0.0, 0.0, 0.0, 0.4444444444444444, 0.8944271909999159
!arr.isEmpty(),PREFIX_EXPRESSION, line no: 15,arr.remove(0),METHOD_INVOCATION, 0.39752319599996255, 0.0, 0.0, 0.0, 0.4444444444444444, 0.8944271909999159
to_add.addAll(subset),METHOD_INVOCATION, line no: 25,empty_set.add(new ArrayList()),METHOD_INVOCATION, 0.36363636363636365, 0.0, 0.0, 0.0, 0.36363636363636365, 1.0
ArrayList,SIMPLE_NAME, line no: 31,new ArrayList(),CLASS_INSTANCE_CREATION, 0.35777087639996635, 0.0, 0.0, 0.0, 0.4, 0.8944271909999159
ArrayList,SIMPLE_NAME, line no: 31,new ArrayList(),CLASS_INSTANCE_CREATION, 0.35777087639996635, 0.0, 0.0, 0.0, 0.4, 0.8944271909999159
ArrayList,SIMPLE_NAME, line no: 31,new ArrayList(),CLASS_INSTANCE_CREATION, 0.35777087639996635, 0.0, 0.0, 0.0, 0.4, 0.8944271909999159
empty_set.add(new ArrayList()),METHOD_INVOCATION, line no: 32,to_add.add(first),METHOD_INVOCATION, 0.35777087639996635, 0.0, 0.0, 0.0, 0.4, 0.8944271909999159
empty_set.add(new ArrayList()),METHOD_INVOCATION, line no: 32,output.add(to_add),METHOD_INVOCATION, 0.35777087639996635, 0.0, 0.0, 0.0, 0.4, 0.8944271909999159
new ArrayList(),CLASS_INSTANCE_CREATION, line no: 32,ArrayList,SIMPLE_NAME, 0.35777087639996635, 0.0, 0.0, 0.0, 0.4, 0.8944271909999159
ArrayList,SIMPLE_NAME, line no: 32,new ArrayList(),CLASS_INSTANCE_CREATION, 0.35777087639996635, 0.0, 0.0, 0.0, 0.4, 0.8944271909999159
arr.get(0),METHOD_INVOCATION, line no: 16,to_add.add(first),METHOD_INVOCATION, 0.3333333333333333, 0.0, 0.0, 0.0, 0.3333333333333333, 1.0
arr.get(0),METHOD_INVOCATION, line no: 16,output.add(to_add),METHOD_INVOCATION, 0.3333333333333333, 0.0, 0.0, 0.0, 0.3333333333333333, 1.0
arr.remove(0),METHOD_INVOCATION, line no: 17,to_add.add(first),METHOD_INVOCATION, 0.3333333333333333, 0.0, 0.0, 0.0, 0.3333333333333333, 1.0
arr.remove(0),METHOD_INVOCATION, line no: 17,output.add(to_add),METHOD_INVOCATION, 0.3333333333333333, 0.0, 0.0, 0.0, 0.3333333333333333, 1.0
ArrayList,SIMPLE_NAME, line no: 18,new ArrayList(100),CLASS_INSTANCE_CREATION, 0.3333333333333333, 0.0, 0.0, 0.0, 0.3333333333333333, 1.0
ArrayList,SIMPLE_NAME, line no: 19,new ArrayList(100),CLASS_INSTANCE_CREATION, 0.3333333333333333, 0.0, 0.0, 0.0, 0.3333333333333333, 1.0
ArrayList,SIMPLE_NAME, line no: 19,new ArrayList(100),CLASS_INSTANCE_CREATION, 0.3333333333333333, 0.0, 0.0, 0.0, 0.3333333333333333, 1.0
ArrayList,SIMPLE_NAME, line no: 21,new ArrayList(100),CLASS_INSTANCE_CREATION, 0.3333333333333333, 0.0, 0.0, 0.0, 0.3333333333333333, 1.0
ArrayList,SIMPLE_NAME, line no: 21,new ArrayList(100),CLASS_INSTANCE_CREATION, 0.3333333333333333, 0.0, 0.0, 0.0, 0.3333333333333333, 1.0
ArrayList,SIMPLE_NAME, line no: 21,new ArrayList(100),CLASS_INSTANCE_CREATION, 0.3333333333333333, 0.0, 0.0, 0.0, 0.3333333333333333, 1.0
ArrayList,SIMPLE_NAME, line no: 21,new ArrayList(100),CLASS_INSTANCE_CREATION, 0.3333333333333333, 0.0, 0.0, 0.0, 0.3333333333333333, 1.0
ArrayList,SIMPLE_NAME, line no: 22,new ArrayList(100),CLASS_INSTANCE_CREATION, 0.3333333333333333, 0.0, 0.0, 0.0, 0.3333333333333333, 1.0
new ArrayList(100),CLASS_INSTANCE_CREATION, line no: 22,ArrayList,SIMPLE_NAME, 0.3333333333333333, 0.0, 0.0, 0.0, 0.3333333333333333, 1.0
ArrayList,SIMPLE_NAME, line no: 22,new ArrayList(100),CLASS_INSTANCE_CREATION, 0.3333333333333333, 0.0, 0.0, 0.0, 0.3333333333333333, 1.0
to_add.add(first),METHOD_INVOCATION, line no: 23,arr.isEmpty(),METHOD_INVOCATION, 0.3333333333333333, 0.0, 0.0, 0.0, 0.3333333333333333, 1.0
to_add.add(first),METHOD_INVOCATION, line no: 23,arr.get(0),METHOD_INVOCATION, 0.3333333333333333, 0.0, 0.0, 0.0, 0.3333333333333333, 1.0
to_add.add(first),METHOD_INVOCATION, line no: 23,arr.remove(0),METHOD_INVOCATION, 0.3333333333333333, 0.0, 0.0, 0.0, 0.3333333333333333, 1.0
ArrayList,SIMPLE_NAME, line no: 24,new ArrayList(100),CLASS_INSTANCE_CREATION, 0.3333333333333333, 0.0, 0.0, 0.0, 0.3333333333333333, 1.0
output.add(to_add),METHOD_INVOCATION, line no: 27,arr.isEmpty(),METHOD_INVOCATION, 0.3333333333333333, 0.0, 0.0, 0.0, 0.3333333333333333, 1.0
output.add(to_add),METHOD_INVOCATION, line no: 27,arr.get(0),METHOD_INVOCATION, 0.3333333333333333, 0.0, 0.0, 0.0, 0.3333333333333333, 1.0
output.add(to_add),METHOD_INVOCATION, line no: 27,arr.remove(0),METHOD_INVOCATION, 0.3333333333333333, 0.0, 0.0, 0.0, 0.3333333333333333, 1.0
empty_set.add(new ArrayList()),METHOD_INVOCATION, line no: 32,to_add.addAll(subset),METHOD_INVOCATION, 0.3252462512726967, 0.0, 0.0, 0.0, 0.36363636363636365, 0.8944271909999159
arr.get(0),METHOD_INVOCATION, line no: 16,to_add.addAll(subset),METHOD_INVOCATION, 0.3, 0.0, 0.0, 0.0, 0.3, 1.0
arr.remove(0),METHOD_INVOCATION, line no: 17,to_add.addAll(subset),METHOD_INVOCATION, 0.3, 0.0, 0.0, 0.0, 0.3, 1.0
to_add.add(first),METHOD_INVOCATION, line no: 23,!arr.isEmpty(),PREFIX_EXPRESSION, 0.3, 0.0, 0.0, 0.0, 0.3, 1.0
to_add.addAll(subset),METHOD_INVOCATION, line no: 25,arr.isEmpty(),METHOD_INVOCATION, 0.3, 0.0, 0.0, 0.0, 0.3, 1.0
to_add.addAll(subset),METHOD_INVOCATION, line no: 25,arr.get(0),METHOD_INVOCATION, 0.3, 0.0, 0.0, 0.0, 0.3, 1.0
to_add.addAll(subset),METHOD_INVOCATION, line no: 25,arr.remove(0),METHOD_INVOCATION, 0.3, 0.0, 0.0, 0.0, 0.3, 1.0
output.add(to_add),METHOD_INVOCATION, line no: 27,!arr.isEmpty(),PREFIX_EXPRESSION, 0.3, 0.0, 0.0, 0.0, 0.3, 1.0
arr.isEmpty(),METHOD_INVOCATION, line no: 15,isEmpty,SIMPLE_NAME, 0.2981423969999719, 0.0, 0.0, 0.0, 0.3333333333333333, 0.8944271909999159
arr.isEmpty(),METHOD_INVOCATION, line no: 15,to_add.add(first),METHOD_INVOCATION, 0.2981423969999719, 0.0, 0.0, 0.0, 0.3333333333333333, 0.8944271909999159
arr.isEmpty(),METHOD_INVOCATION, line no: 15,output.add(to_add),METHOD_INVOCATION, 0.2981423969999719, 0.0, 0.0, 0.0, 0.3333333333333333, 0.8944271909999159
isEmpty,SIMPLE_NAME, line no: 15,arr.isEmpty(),METHOD_INVOCATION, 0.2981423969999719, 0.0, 0.0, 0.0, 0.3333333333333333, 0.8944271909999159
ArrayList,SIMPLE_NAME, line no: 31,new ArrayList(100),CLASS_INSTANCE_CREATION, 0.2981423969999719, 0.0, 0.0, 0.0, 0.3333333333333333, 0.8944271909999159
ArrayList,SIMPLE_NAME, line no: 31,new ArrayList(100),CLASS_INSTANCE_CREATION, 0.2981423969999719, 0.0, 0.0, 0.0, 0.3333333333333333, 0.8944271909999159
ArrayList,SIMPLE_NAME, line no: 31,new ArrayList(100),CLASS_INSTANCE_CREATION, 0.2981423969999719, 0.0, 0.0, 0.0, 0.3333333333333333, 0.8944271909999159
ArrayList,SIMPLE_NAME, line no: 32,new ArrayList(100),CLASS_INSTANCE_CREATION, 0.2981423969999719, 0.0, 0.0, 0.0, 0.3333333333333333, 0.8944271909999159
ArrayList,SIMPLE_NAME, line no: 18,new ArrayList<ArrayList>(),CLASS_INSTANCE_CREATION, 0.2857142857142857, 0.0, 0.0, 0.0, 0.2857142857142857, 1.0
ArrayList,SIMPLE_NAME, line no: 19,new ArrayList<ArrayList>(),CLASS_INSTANCE_CREATION, 0.2857142857142857, 0.0, 0.0, 0.0, 0.2857142857142857, 1.0
ArrayList,SIMPLE_NAME, line no: 19,new ArrayList<ArrayList>(),CLASS_INSTANCE_CREATION, 0.2857142857142857, 0.0, 0.0, 0.0, 0.2857142857142857, 1.0
powerset(rest),METHOD_INVOCATION, line no: 19,new ArrayList(),CLASS_INSTANCE_CREATION, 0.2857142857142857, 0.0, 0.0, 0.0, 0.2857142857142857, 1.0
ArrayList,SIMPLE_NAME, line no: 21,new ArrayList<ArrayList>(),CLASS_INSTANCE_CREATION, 0.2857142857142857, 0.0, 0.0, 0.0, 0.2857142857142857, 1.0
ArrayList,SIMPLE_NAME, line no: 21,new ArrayList<ArrayList>(),CLASS_INSTANCE_CREATION, 0.2857142857142857, 0.0, 0.0, 0.0, 0.2857142857142857, 1.0
ArrayList,SIMPLE_NAME, line no: 21,new ArrayList<ArrayList>(),CLASS_INSTANCE_CREATION, 0.2857142857142857, 0.0, 0.0, 0.0, 0.2857142857142857, 1.0
ArrayList,SIMPLE_NAME, line no: 21,new ArrayList<ArrayList>(),CLASS_INSTANCE_CREATION, 0.2857142857142857, 0.0, 0.0, 0.0, 0.2857142857142857, 1.0
ArrayList,SIMPLE_NAME, line no: 22,new ArrayList<ArrayList>(),CLASS_INSTANCE_CREATION, 0.2857142857142857, 0.0, 0.0, 0.0, 0.2857142857142857, 1.0
ArrayList,SIMPLE_NAME, line no: 22,new ArrayList<ArrayList>(),CLASS_INSTANCE_CREATION, 0.2857142857142857, 0.0, 0.0, 0.0, 0.2857142857142857, 1.0
ArrayList,SIMPLE_NAME, line no: 24,new ArrayList<ArrayList>(),CLASS_INSTANCE_CREATION, 0.2857142857142857, 0.0, 0.0, 0.0, 0.2857142857142857, 1.0
to_add.addAll(subset),METHOD_INVOCATION, line no: 25,addAll,SIMPLE_NAME, 0.2857142857142857, 0.0, 0.0, 0.0, 0.2857142857142857, 1.0
addAll,SIMPLE_NAME, line no: 25,to_add.addAll(subset),METHOD_INVOCATION, 0.2857142857142857, 0.0, 0.0, 0.0, 0.2857142857142857, 1.0
arr.get(0),METHOD_INVOCATION, line no: 16,empty_set.add(new ArrayList()),METHOD_INVOCATION, 0.2727272727272727, 0.0, 0.0, 0.0, 0.2727272727272727, 1.0
arr.remove(0),METHOD_INVOCATION, line no: 17,empty_set.add(new ArrayList()),METHOD_INVOCATION, 0.2727272727272727, 0.0, 0.0, 0.0, 0.2727272727272727, 1.0
to_add.addAll(subset),METHOD_INVOCATION, line no: 25,!arr.isEmpty(),PREFIX_EXPRESSION, 0.2727272727272727, 0.0, 0.0, 0.0, 0.2727272727272727, 1.0
!arr.isEmpty(),PREFIX_EXPRESSION, line no: 15,to_add.add(first),METHOD_INVOCATION, 0.2683281572999747, 0.0, 0.0, 0.0, 0.3, 0.8944271909999159
!arr.isEmpty(),PREFIX_EXPRESSION, line no: 15,output.add(to_add),METHOD_INVOCATION, 0.2683281572999747, 0.0, 0.0, 0.0, 0.3, 0.8944271909999159
arr.isEmpty(),METHOD_INVOCATION, line no: 15,to_add.addAll(subset),METHOD_INVOCATION, 0.2683281572999747, 0.0, 0.0, 0.0, 0.3, 0.8944271909999159
!arr.isEmpty(),PREFIX_EXPRESSION, line no: 15,isEmpty,SIMPLE_NAME, 0.25555062599997597, 0.0, 0.0, 0.0, 0.2857142857142857, 0.8944271909999159
isEmpty,SIMPLE_NAME, line no: 15,!arr.isEmpty(),PREFIX_EXPRESSION, 0.25555062599997597, 0.0, 0.0, 0.0, 0.2857142857142857, 0.8944271909999159
ArrayList,SIMPLE_NAME, line no: 31,new ArrayList<ArrayList>(),CLASS_INSTANCE_CREATION, 0.25555062599997597, 0.0, 0.0, 0.0, 0.2857142857142857, 0.8944271909999159
new ArrayList<ArrayList>(),CLASS_INSTANCE_CREATION, line no: 31,ArrayList,SIMPLE_NAME, 0.25555062599997597, 0.0, 0.0, 0.0, 0.2857142857142857, 0.8944271909999159
ArrayList,SIMPLE_NAME, line no: 31,new ArrayList<ArrayList>(),CLASS_INSTANCE_CREATION, 0.25555062599997597, 0.0, 0.0, 0.0, 0.2857142857142857, 0.8944271909999159
ArrayList,SIMPLE_NAME, line no: 31,new ArrayList<ArrayList>(),CLASS_INSTANCE_CREATION, 0.25555062599997597, 0.0, 0.0, 0.0, 0.2857142857142857, 0.8944271909999159
new ArrayList(),CLASS_INSTANCE_CREATION, line no: 32,powerset(rest),METHOD_INVOCATION, 0.25555062599997597, 0.0, 0.0, 0.0, 0.2857142857142857, 0.8944271909999159
ArrayList,SIMPLE_NAME, line no: 32,new ArrayList<ArrayList>(),CLASS_INSTANCE_CREATION, 0.25555062599997597, 0.0, 0.0, 0.0, 0.2857142857142857, 0.8944271909999159
arr.get(0),METHOD_INVOCATION, line no: 16,powerset(rest),METHOD_INVOCATION, 0.25, 0.0, 0.0, 0.0, 0.25, 1.0
arr.remove(0),METHOD_INVOCATION, line no: 17,powerset(rest),METHOD_INVOCATION, 0.25, 0.0, 0.0, 0.0, 0.25, 1.0
ArrayList,SIMPLE_NAME, line no: 18,new ArrayList<ArrayList>(100),CLASS_INSTANCE_CREATION, 0.25, 0.0, 0.0, 0.0, 0.25, 1.0
ArrayList,SIMPLE_NAME, line no: 18,empty_set.add(new ArrayList()),METHOD_INVOCATION, 0.25, 0.0, 0.0, 0.0, 0.25, 1.0
rest,SIMPLE_NAME, line no: 18,powerset(rest),METHOD_INVOCATION, 0.25, 0.0, 0.0, 0.0, 0.25, 1.0
ArrayList,SIMPLE_NAME, line no: 19,new ArrayList<ArrayList>(100),CLASS_INSTANCE_CREATION, 0.25, 0.0, 0.0, 0.0, 0.25, 1.0
ArrayList,SIMPLE_NAME, line no: 19,empty_set.add(new ArrayList()),METHOD_INVOCATION, 0.25, 0.0, 0.0, 0.0, 0.25, 1.0
ArrayList,SIMPLE_NAME, line no: 19,new ArrayList<ArrayList>(100),CLASS_INSTANCE_CREATION, 0.25, 0.0, 0.0, 0.0, 0.25, 1.0
ArrayList,SIMPLE_NAME, line no: 19,empty_set.add(new ArrayList()),METHOD_INVOCATION, 0.25, 0.0, 0.0, 0.0, 0.25, 1.0
powerset(rest),METHOD_INVOCATION, line no: 19,POWERSET,SIMPLE_NAME, 0.25, 0.0, 0.0, 0.0, 0.25, 1.0
powerset(rest),METHOD_INVOCATION, line no: 19,powerset,SIMPLE_NAME, 0.25, 0.0, 0.0, 0.0, 0.25, 1.0
powerset(rest),METHOD_INVOCATION, line no: 19,arr.isEmpty(),METHOD_INVOCATION, 0.25, 0.0, 0.0, 0.0, 0.25, 1.0
powerset(rest),METHOD_INVOCATION, line no: 19,arr.get(0),METHOD_INVOCATION, 0.25, 0.0, 0.0, 0.0, 0.25, 1.0
powerset(rest),METHOD_INVOCATION, line no: 19,arr.remove(0),METHOD_INVOCATION, 0.25, 0.0, 0.0, 0.0, 0.25, 1.0
powerset(rest),METHOD_INVOCATION, line no: 19,rest,SIMPLE_NAME, 0.25, 0.0, 0.0, 0.0, 0.25, 1.0
powerset(rest),METHOD_INVOCATION, line no: 19,new ArrayList(100),CLASS_INSTANCE_CREATION, 0.25, 0.0, 0.0, 0.0, 0.25, 1.0
powerset(rest),METHOD_INVOCATION, line no: 19,to_add.add(first),METHOD_INVOCATION, 0.25, 0.0, 0.0, 0.0, 0.25, 1.0
powerset(rest),METHOD_INVOCATION, line no: 19,output.add(to_add),METHOD_INVOCATION, 0.25, 0.0, 0.0, 0.0, 0.25, 1.0
powerset,SIMPLE_NAME, line no: 19,powerset(rest),METHOD_INVOCATION, 0.25, 0.0, 0.0, 0.0, 0.25, 1.0
rest,SIMPLE_NAME, line no: 19,powerset(rest),METHOD_INVOCATION, 0.25, 0.0, 0.0, 0.0, 0.25, 1.0
ArrayList,SIMPLE_NAME, line no: 21,new ArrayList<ArrayList>(100),CLASS_INSTANCE_CREATION, 0.25, 0.0, 0.0, 0.0, 0.25, 1.0
ArrayList,SIMPLE_NAME, line no: 21,empty_set.add(new ArrayList()),METHOD_INVOCATION, 0.25, 0.0, 0.0, 0.0, 0.25, 1.0
ArrayList,SIMPLE_NAME, line no: 21,new ArrayList<ArrayList>(100),CLASS_INSTANCE_CREATION, 0.25, 0.0, 0.0, 0.0, 0.25, 1.0
ArrayList,SIMPLE_NAME, line no: 21,empty_set.add(new ArrayList()),METHOD_INVOCATION, 0.25, 0.0, 0.0, 0.0, 0.25, 1.0
new ArrayList<ArrayList>(100),CLASS_INSTANCE_CREATION, line no: 21,ArrayList,SIMPLE_NAME, 0.25, 0.0, 0.0, 0.0, 0.25, 1.0
ArrayList,SIMPLE_NAME, line no: 21,new ArrayList<ArrayList>(100),CLASS_INSTANCE_CREATION, 0.25, 0.0, 0.0, 0.0, 0.25, 1.0
ArrayList,SIMPLE_NAME, line no: 21,empty_set.add(new ArrayList()),METHOD_INVOCATION, 0.25, 0.0, 0.0, 0.0, 0.25, 1.0
ArrayList,SIMPLE_NAME, line no: 21,new ArrayList<ArrayList>(100),CLASS_INSTANCE_CREATION, 0.25, 0.0, 0.0, 0.0, 0.25, 1.0
ArrayList,SIMPLE_NAME, line no: 21,empty_set.add(new ArrayList()),METHOD_INVOCATION, 0.25, 0.0, 0.0, 0.0, 0.25, 1.0
ArrayList,SIMPLE_NAME, line no: 22,new ArrayList<ArrayList>(100),CLASS_INSTANCE_CREATION, 0.25, 0.0, 0.0, 0.0, 0.25, 1.0
ArrayList,SIMPLE_NAME, line no: 22,empty_set.add(new ArrayList()),METHOD_INVOCATION, 0.25, 0.0, 0.0, 0.0, 0.25, 1.0
new ArrayList(100),CLASS_INSTANCE_CREATION, line no: 22,powerset(rest),METHOD_INVOCATION, 0.25, 0.0, 0.0, 0.0, 0.25, 1.0
ArrayList,SIMPLE_NAME, line no: 22,new ArrayList<ArrayList>(100),CLASS_INSTANCE_CREATION, 0.25, 0.0, 0.0, 0.0, 0.25, 1.0
ArrayList,SIMPLE_NAME, line no: 22,empty_set.add(new ArrayList()),METHOD_INVOCATION, 0.25, 0.0, 0.0, 0.0, 0.25, 1.0
to_add.add(first),METHOD_INVOCATION, line no: 23,powerset(rest),METHOD_INVOCATION, 0.25, 0.0, 0.0, 0.0, 0.25, 1.0
ArrayList,SIMPLE_NAME, line no: 24,new ArrayList<ArrayList>(100),CLASS_INSTANCE_CREATION, 0.25, 0.0, 0.0, 0.0, 0.25, 1.0
ArrayList,SIMPLE_NAME, line no: 24,empty_set.add(new ArrayList()),METHOD_INVOCATION, 0.25, 0.0, 0.0, 0.0, 0.25, 1.0
output.add(to_add),METHOD_INVOCATION, line no: 27,powerset(rest),METHOD_INVOCATION, 0.25, 0.0, 0.0, 0.0, 0.25, 1.0
!arr.isEmpty(),PREFIX_EXPRESSION, line no: 15,to_add.addAll(subset),METHOD_INVOCATION, 0.24393468845452249, 0.0, 0.0, 0.0, 0.2727272727272727, 0.8944271909999159
arr.isEmpty(),METHOD_INVOCATION, line no: 15,empty_set.add(new ArrayList()),METHOD_INVOCATION, 0.24393468845452249, 0.0, 0.0, 0.0, 0.2727272727272727, 0.8944271909999159
empty_set.add(new ArrayList()),METHOD_INVOCATION, line no: 32,arr.isEmpty(),METHOD_INVOCATION, 0.24393468845452249, 0.0, 0.0, 0.0, 0.2727272727272727, 0.8944271909999159
empty_set.add(new ArrayList()),METHOD_INVOCATION, line no: 32,arr.get(0),METHOD_INVOCATION, 0.24393468845452249, 0.0, 0.0, 0.0, 0.2727272727272727, 0.8944271909999159
empty_set.add(new ArrayList()),METHOD_INVOCATION, line no: 32,arr.remove(0),METHOD_INVOCATION, 0.24393468845452249, 0.0, 0.0, 0.0, 0.2727272727272727, 0.8944271909999159
!arr.isEmpty(),PREFIX_EXPRESSION, line no: 15,empty_set.add(new ArrayList()),METHOD_INVOCATION, 0.22360679774997896, 0.0, 0.0, 0.0, 0.25, 0.8944271909999159
arr.isEmpty(),METHOD_INVOCATION, line no: 15,powerset(rest),METHOD_INVOCATION, 0.22360679774997896, 0.0, 0.0, 0.0, 0.25, 0.8944271909999159
ArrayList,SIMPLE_NAME, line no: 31,new ArrayList<ArrayList>(100),CLASS_INSTANCE_CREATION, 0.22360679774997896, 0.0, 0.0, 0.0, 0.25, 0.8944271909999159
ArrayList,SIMPLE_NAME, line no: 31,empty_set.add(new ArrayList()),METHOD_INVOCATION, 0.22360679774997896, 0.0, 0.0, 0.0, 0.25, 0.8944271909999159
ArrayList,SIMPLE_NAME, line no: 31,new ArrayList<ArrayList>(100),CLASS_INSTANCE_CREATION, 0.22360679774997896, 0.0, 0.0, 0.0, 0.25, 0.8944271909999159
ArrayList,SIMPLE_NAME, line no: 31,empty_set.add(new ArrayList()),METHOD_INVOCATION, 0.22360679774997896, 0.0, 0.0, 0.0, 0.25, 0.8944271909999159
ArrayList,SIMPLE_NAME, line no: 31,new ArrayList<ArrayList>(100),CLASS_INSTANCE_CREATION, 0.22360679774997896, 0.0, 0.0, 0.0, 0.25, 0.8944271909999159
ArrayList,SIMPLE_NAME, line no: 31,empty_set.add(new ArrayList()),METHOD_INVOCATION, 0.22360679774997896, 0.0, 0.0, 0.0, 0.25, 0.8944271909999159
empty_set.add(new ArrayList()),METHOD_INVOCATION, line no: 32,ArrayList,SIMPLE_NAME, 0.22360679774997896, 0.0, 0.0, 0.0, 0.25, 0.8944271909999159
empty_set.add(new ArrayList()),METHOD_INVOCATION, line no: 32,!arr.isEmpty(),PREFIX_EXPRESSION, 0.22360679774997896, 0.0, 0.0, 0.0, 0.25, 0.8944271909999159
ArrayList,SIMPLE_NAME, line no: 32,new ArrayList<ArrayList>(100),CLASS_INSTANCE_CREATION, 0.22360679774997896, 0.0, 0.0, 0.0, 0.25, 0.8944271909999159
ArrayList,SIMPLE_NAME, line no: 32,empty_set.add(new ArrayList()),METHOD_INVOCATION, 0.22360679774997896, 0.0, 0.0, 0.0, 0.25, 0.8944271909999159
arr.get(0),METHOD_INVOCATION, line no: 16,new ArrayList(),CLASS_INSTANCE_CREATION, 0.2222222222222222, 0.0, 0.0, 0.0, 0.2222222222222222, 1.0
arr.remove(0),METHOD_INVOCATION, line no: 17,new ArrayList(),CLASS_INSTANCE_CREATION, 0.2222222222222222, 0.0, 0.0, 0.0, 0.2222222222222222, 1.0
powerset(rest),METHOD_INVOCATION, line no: 19,!arr.isEmpty(),PREFIX_EXPRESSION, 0.2222222222222222, 0.0, 0.0, 0.0, 0.2222222222222222, 1.0
powerset(rest),METHOD_INVOCATION, line no: 19,to_add.addAll(subset),METHOD_INVOCATION, 0.2222222222222222, 0.0, 0.0, 0.0, 0.2222222222222222, 1.0
powerset(rest),METHOD_INVOCATION, line no: 19,new ArrayList<ArrayList>(),CLASS_INSTANCE_CREATION, 0.2222222222222222, 0.0, 0.0, 0.0, 0.2222222222222222, 1.0
to_add.add(first),METHOD_INVOCATION, line no: 23,new ArrayList(),CLASS_INSTANCE_CREATION, 0.2222222222222222, 0.0, 0.0, 0.0, 0.2222222222222222, 1.0
to_add.addAll(subset),METHOD_INVOCATION, line no: 25,powerset(rest),METHOD_INVOCATION, 0.2222222222222222, 0.0, 0.0, 0.0, 0.2222222222222222, 1.0
output.add(to_add),METHOD_INVOCATION, line no: 27,new ArrayList(),CLASS_INSTANCE_CREATION, 0.2222222222222222, 0.0, 0.0, 0.0, 0.2222222222222222, 1.0
arr.get(0),METHOD_INVOCATION, line no: 16,new ArrayList(100),CLASS_INSTANCE_CREATION, 0.2, 0.0, 0.0, 0.0, 0.2, 1.0
arr.remove(0),METHOD_INVOCATION, line no: 17,new ArrayList(100),CLASS_INSTANCE_CREATION, 0.2, 0.0, 0.0, 0.0, 0.2, 1.0
powerset(rest),METHOD_INVOCATION, line no: 19,new ArrayList<ArrayList>(100),CLASS_INSTANCE_CREATION, 0.2, 0.0, 0.0, 0.0, 0.2, 1.0
powerset(rest),METHOD_INVOCATION, line no: 19,empty_set.add(new ArrayList()),METHOD_INVOCATION, 0.2, 0.0, 0.0, 0.0, 0.2, 1.0
new ArrayList<ArrayList>(100),CLASS_INSTANCE_CREATION, line no: 21,powerset(rest),METHOD_INVOCATION, 0.2, 0.0, 0.0, 0.0, 0.2, 1.0
new ArrayList(100),CLASS_INSTANCE_CREATION, line no: 22,arr.isEmpty(),METHOD_INVOCATION, 0.2, 0.0, 0.0, 0.0, 0.2, 1.0
new ArrayList(100),CLASS_INSTANCE_CREATION, line no: 22,arr.get(0),METHOD_INVOCATION, 0.2, 0.0, 0.0, 0.0, 0.2, 1.0
new ArrayList(100),CLASS_INSTANCE_CREATION, line no: 22,arr.remove(0),METHOD_INVOCATION, 0.2, 0.0, 0.0, 0.0, 0.2, 1.0
new ArrayList(100),CLASS_INSTANCE_CREATION, line no: 22,to_add.add(first),METHOD_INVOCATION, 0.2, 0.0, 0.0, 0.0, 0.2, 1.0
new ArrayList(100),CLASS_INSTANCE_CREATION, line no: 22,output.add(to_add),METHOD_INVOCATION, 0.2, 0.0, 0.0, 0.0, 0.2, 1.0
to_add.add(first),METHOD_INVOCATION, line no: 23,new ArrayList(100),CLASS_INSTANCE_CREATION, 0.2, 0.0, 0.0, 0.0, 0.2, 1.0
to_add.addAll(subset),METHOD_INVOCATION, line no: 25,new ArrayList(),CLASS_INSTANCE_CREATION, 0.2, 0.0, 0.0, 0.0, 0.2, 1.0
output.add(to_add),METHOD_INVOCATION, line no: 27,new ArrayList(100),CLASS_INSTANCE_CREATION, 0.2, 0.0, 0.0, 0.0, 0.2, 1.0
!arr.isEmpty(),PREFIX_EXPRESSION, line no: 15,powerset(rest),METHOD_INVOCATION, 0.19876159799998128, 0.0, 0.0, 0.0, 0.2222222222222222, 0.8944271909999159
arr.isEmpty(),METHOD_INVOCATION, line no: 15,new ArrayList(),CLASS_INSTANCE_CREATION, 0.19876159799998128, 0.0, 0.0, 0.0, 0.2222222222222222, 0.8944271909999159
new ArrayList<ArrayList>(),CLASS_INSTANCE_CREATION, line no: 31,powerset(rest),METHOD_INVOCATION, 0.19876159799998128, 0.0, 0.0, 0.0, 0.2222222222222222, 0.8944271909999159
new ArrayList(),CLASS_INSTANCE_CREATION, line no: 32,arr.isEmpty(),METHOD_INVOCATION, 0.19876159799998128, 0.0, 0.0, 0.0, 0.2222222222222222, 0.8944271909999159
new ArrayList(),CLASS_INSTANCE_CREATION, line no: 32,arr.get(0),METHOD_INVOCATION, 0.19876159799998128, 0.0, 0.0, 0.0, 0.2222222222222222, 0.8944271909999159
new ArrayList(),CLASS_INSTANCE_CREATION, line no: 32,arr.remove(0),METHOD_INVOCATION, 0.19876159799998128, 0.0, 0.0, 0.0, 0.2222222222222222, 0.8944271909999159
new ArrayList(),CLASS_INSTANCE_CREATION, line no: 32,to_add.add(first),METHOD_INVOCATION, 0.19876159799998128, 0.0, 0.0, 0.0, 0.2222222222222222, 0.8944271909999159
new ArrayList(),CLASS_INSTANCE_CREATION, line no: 32,output.add(to_add),METHOD_INVOCATION, 0.19876159799998128, 0.0, 0.0, 0.0, 0.2222222222222222, 0.8944271909999159
arr.get(0),METHOD_INVOCATION, line no: 16,new ArrayList<ArrayList>(),CLASS_INSTANCE_CREATION, 0.18181818181818182, 0.0, 0.0, 0.0, 0.18181818181818182, 1.0
arr.remove(0),METHOD_INVOCATION, line no: 17,new ArrayList<ArrayList>(),CLASS_INSTANCE_CREATION, 0.18181818181818182, 0.0, 0.0, 0.0, 0.18181818181818182, 1.0
new ArrayList(100),CLASS_INSTANCE_CREATION, line no: 22,!arr.isEmpty(),PREFIX_EXPRESSION, 0.18181818181818182, 0.0, 0.0, 0.0, 0.18181818181818182, 1.0
new ArrayList(100),CLASS_INSTANCE_CREATION, line no: 22,to_add.addAll(subset),METHOD_INVOCATION, 0.18181818181818182, 0.0, 0.0, 0.0, 0.18181818181818182, 1.0
to_add.add(first),METHOD_INVOCATION, line no: 23,new ArrayList<ArrayList>(),CLASS_INSTANCE_CREATION, 0.18181818181818182, 0.0, 0.0, 0.0, 0.18181818181818182, 1.0
to_add.addAll(subset),METHOD_INVOCATION, line no: 25,new ArrayList(100),CLASS_INSTANCE_CREATION, 0.18181818181818182, 0.0, 0.0, 0.0, 0.18181818181818182, 1.0
output.add(to_add),METHOD_INVOCATION, line no: 27,new ArrayList<ArrayList>(),CLASS_INSTANCE_CREATION, 0.18181818181818182, 0.0, 0.0, 0.0, 0.18181818181818182, 1.0
!arr.isEmpty(),PREFIX_EXPRESSION, line no: 15,new ArrayList(),CLASS_INSTANCE_CREATION, 0.17888543819998318, 0.0, 0.0, 0.0, 0.2, 0.8944271909999159
arr.isEmpty(),METHOD_INVOCATION, line no: 15,new ArrayList(100),CLASS_INSTANCE_CREATION, 0.17888543819998318, 0.0, 0.0, 0.0, 0.2, 0.8944271909999159
empty_set.add(new ArrayList()),METHOD_INVOCATION, line no: 32,powerset(rest),METHOD_INVOCATION, 0.17888543819998318, 0.0, 0.0, 0.0, 0.2, 0.8944271909999159
new ArrayList(),CLASS_INSTANCE_CREATION, line no: 32,!arr.isEmpty(),PREFIX_EXPRESSION, 0.17888543819998318, 0.0, 0.0, 0.0, 0.2, 0.8944271909999159
new ArrayList(),CLASS_INSTANCE_CREATION, line no: 32,to_add.addAll(subset),METHOD_INVOCATION, 0.17888543819998318, 0.0, 0.0, 0.0, 0.2, 0.8944271909999159
first,SIMPLE_NAME, line no: 16,to_add.add(first),METHOD_INVOCATION, 0.16666666666666666, 0.0, 0.0, 0.0, 0.16666666666666666, 1.0
arr.get(0),METHOD_INVOCATION, line no: 16,arr,SIMPLE_NAME, 0.16666666666666666, 0.0, 0.0, 0.0, 0.16666666666666666, 1.0
arr.get(0),METHOD_INVOCATION, line no: 16,get,SIMPLE_NAME, 0.16666666666666666, 0.0, 0.0, 0.0, 0.16666666666666666, 1.0
arr.get(0),METHOD_INVOCATION, line no: 16,0,NUMBER_LITERAL, 0.16666666666666666, 0.0, 0.0, 0.0, 0.16666666666666666, 1.0
arr.get(0),METHOD_INVOCATION, line no: 16,new ArrayList<ArrayList>(100),CLASS_INSTANCE_CREATION, 0.16666666666666666, 0.0, 0.0, 0.0, 0.16666666666666666, 1.0
arr,SIMPLE_NAME, line no: 16,arr.isEmpty(),METHOD_INVOCATION, 0.16666666666666666, 0.0, 0.0, 0.0, 0.16666666666666666, 1.0
arr,SIMPLE_NAME, line no: 16,arr.get(0),METHOD_INVOCATION, 0.16666666666666666, 0.0, 0.0, 0.0, 0.16666666666666666, 1.0
arr,SIMPLE_NAME, line no: 16,arr.remove(0),METHOD_INVOCATION, 0.16666666666666666, 0.0, 0.0, 0.0, 0.16666666666666666, 1.0
get,SIMPLE_NAME, line no: 16,arr.get(0),METHOD_INVOCATION, 0.16666666666666666, 0.0, 0.0, 0.0, 0.16666666666666666, 1.0
0,NUMBER_LITERAL, line no: 16,arr.get(0),METHOD_INVOCATION, 0.16666666666666666, 0.0, 0.0, 0.0, 0.16666666666666666, 1.0
0,NUMBER_LITERAL, line no: 16,arr.remove(0),METHOD_INVOCATION, 0.16666666666666666, 0.0, 0.0, 0.0, 0.16666666666666666, 1.0
arr.remove(0),METHOD_INVOCATION, line no: 17,arr,SIMPLE_NAME, 0.16666666666666666, 0.0, 0.0, 0.0, 0.16666666666666666, 1.0
arr.remove(0),METHOD_INVOCATION, line no: 17,0,NUMBER_LITERAL, 0.16666666666666666, 0.0, 0.0, 0.0, 0.16666666666666666, 1.0
arr.remove(0),METHOD_INVOCATION, line no: 17,remove,SIMPLE_NAME, 0.16666666666666666, 0.0, 0.0, 0.0, 0.16666666666666666, 1.0
arr.remove(0),METHOD_INVOCATION, line no: 17,new ArrayList<ArrayList>(100),CLASS_INSTANCE_CREATION, 0.16666666666666666, 0.0, 0.0, 0.0, 0.16666666666666666, 1.0
arr,SIMPLE_NAME, line no: 17,arr.isEmpty(),METHOD_INVOCATION, 0.16666666666666666, 0.0, 0.0, 0.0, 0.16666666666666666, 1.0
arr,SIMPLE_NAME, line no: 17,arr.get(0),METHOD_INVOCATION, 0.16666666666666666, 0.0, 0.0, 0.0, 0.16666666666666666, 1.0
arr,SIMPLE_NAME, line no: 17,arr.remove(0),METHOD_INVOCATION, 0.16666666666666666, 0.0, 0.0, 0.0, 0.16666666666666666, 1.0
remove,SIMPLE_NAME, line no: 17,arr.remove(0),METHOD_INVOCATION, 0.16666666666666666, 0.0, 0.0, 0.0, 0.16666666666666666, 1.0
0,NUMBER_LITERAL, line no: 17,arr.get(0),METHOD_INVOCATION, 0.16666666666666666, 0.0, 0.0, 0.0, 0.16666666666666666, 1.0
0,NUMBER_LITERAL, line no: 17,arr.remove(0),METHOD_INVOCATION, 0.16666666666666666, 0.0, 0.0, 0.0, 0.16666666666666666, 1.0
arr,SIMPLE_NAME, line no: 18,arr.isEmpty(),METHOD_INVOCATION, 0.16666666666666666, 0.0, 0.0, 0.0, 0.16666666666666666, 1.0
arr,SIMPLE_NAME, line no: 18,arr.get(0),METHOD_INVOCATION, 0.16666666666666666, 0.0, 0.0, 0.0, 0.16666666666666666, 1.0
arr,SIMPLE_NAME, line no: 18,arr.remove(0),METHOD_INVOCATION, 0.16666666666666666, 0.0, 0.0, 0.0, 0.16666666666666666, 1.0
output,SIMPLE_NAME, line no: 21,output.add(to_add),METHOD_INVOCATION, 0.16666666666666666, 0.0, 0.0, 0.0, 0.16666666666666666, 1.0
new ArrayList<ArrayList>(100),CLASS_INSTANCE_CREATION, line no: 21,arr.isEmpty(),METHOD_INVOCATION, 0.16666666666666666, 0.0, 0.0, 0.0, 0.16666666666666666, 1.0
new ArrayList<ArrayList>(100),CLASS_INSTANCE_CREATION, line no: 21,arr.get(0),METHOD_INVOCATION, 0.16666666666666666, 0.0, 0.0, 0.0, 0.16666666666666666, 1.0
new ArrayList<ArrayList>(100),CLASS_INSTANCE_CREATION, line no: 21,arr.remove(0),METHOD_INVOCATION, 0.16666666666666666, 0.0, 0.0, 0.0, 0.16666666666666666, 1.0
new ArrayList<ArrayList>(100),CLASS_INSTANCE_CREATION, line no: 21,to_add.add(first),METHOD_INVOCATION, 0.16666666666666666, 0.0, 0.0, 0.0, 0.16666666666666666, 1.0
new ArrayList<ArrayList>(100),CLASS_INSTANCE_CREATION, line no: 21,output.add(to_add),METHOD_INVOCATION, 0.16666666666666666, 0.0, 0.0, 0.0, 0.16666666666666666, 1.0
100,NUMBER_LITERAL, line no: 21,new ArrayList(100),CLASS_INSTANCE_CREATION, 0.16666666666666666, 0.0, 0.0, 0.0, 0.16666666666666666, 1.0
to_add,SIMPLE_NAME, line no: 22,to_add.add(first),METHOD_INVOCATION, 0.16666666666666666, 0.0, 0.0, 0.0, 0.16666666666666666, 1.0
to_add,SIMPLE_NAME, line no: 22,output.add(to_add),METHOD_INVOCATION, 0.16666666666666666, 0.0, 0.0, 0.0, 0.16666666666666666, 1.0
new ArrayList(100),CLASS_INSTANCE_CREATION, line no: 22,100,NUMBER_LITERAL, 0.16666666666666666, 0.0, 0.0, 0.0, 0.16666666666666666, 1.0
100,NUMBER_LITERAL, line no: 22,new ArrayList(100),CLASS_INSTANCE_CREATION, 0.16666666666666666, 0.0, 0.0, 0.0, 0.16666666666666666, 1.0
to_add.add(first),METHOD_INVOCATION, line no: 23,first,SIMPLE_NAME, 0.16666666666666666, 0.0, 0.0, 0.0, 0.16666666666666666, 1.0
to_add.add(first),METHOD_INVOCATION, line no: 23,new ArrayList<ArrayList>(100),CLASS_INSTANCE_CREATION, 0.16666666666666666, 0.0, 0.0, 0.0, 0.16666666666666666, 1.0
to_add.add(first),METHOD_INVOCATION, line no: 23,to_add,SIMPLE_NAME, 0.16666666666666666, 0.0, 0.0, 0.0, 0.16666666666666666, 1.0
to_add.add(first),METHOD_INVOCATION, line no: 23,add,SIMPLE_NAME, 0.16666666666666666, 0.0, 0.0, 0.0, 0.16666666666666666, 1.0
to_add,SIMPLE_NAME, line no: 23,to_add.add(first),METHOD_INVOCATION, 0.16666666666666666, 0.0, 0.0, 0.0, 0.16666666666666666, 1.0
to_add,SIMPLE_NAME, line no: 23,output.add(to_add),METHOD_INVOCATION, 0.16666666666666666, 0.0, 0.0, 0.0, 0.16666666666666666, 1.0
add,SIMPLE_NAME, line no: 23,to_add.add(first),METHOD_INVOCATION, 0.16666666666666666, 0.0, 0.0, 0.0, 0.16666666666666666, 1.0
add,SIMPLE_NAME, line no: 23,output.add(to_add),METHOD_INVOCATION, 0.16666666666666666, 0.0, 0.0, 0.0, 0.16666666666666666, 1.0
first,SIMPLE_NAME, line no: 23,to_add.add(first),METHOD_INVOCATION, 0.16666666666666666, 0.0, 0.0, 0.0, 0.16666666666666666, 1.0
to_add.addAll(subset),METHOD_INVOCATION, line no: 25,new ArrayList<ArrayList>(),CLASS_INSTANCE_CREATION, 0.16666666666666666, 0.0, 0.0, 0.0, 0.16666666666666666, 1.0
to_add,SIMPLE_NAME, line no: 25,to_add.add(first),METHOD_INVOCATION, 0.16666666666666666, 0.0, 0.0, 0.0, 0.16666666666666666, 1.0
to_add,SIMPLE_NAME, line no: 25,output.add(to_add),METHOD_INVOCATION, 0.16666666666666666, 0.0, 0.0, 0.0, 0.16666666666666666, 1.0
output.add(to_add),METHOD_INVOCATION, line no: 27,output,SIMPLE_NAME, 0.16666666666666666, 0.0, 0.0, 0.0, 0.16666666666666666, 1.0
output.add(to_add),METHOD_INVOCATION, line no: 27,new ArrayList<ArrayList>(100),CLASS_INSTANCE_CREATION, 0.16666666666666666, 0.0, 0.0, 0.0, 0.16666666666666666, 1.0
output.add(to_add),METHOD_INVOCATION, line no: 27,to_add,SIMPLE_NAME, 0.16666666666666666, 0.0, 0.0, 0.0, 0.16666666666666666, 1.0
output.add(to_add),METHOD_INVOCATION, line no: 27,add,SIMPLE_NAME, 0.16666666666666666, 0.0, 0.0, 0.0, 0.16666666666666666, 1.0
output,SIMPLE_NAME, line no: 27,output.add(to_add),METHOD_INVOCATION, 0.16666666666666666, 0.0, 0.0, 0.0, 0.16666666666666666, 1.0
add,SIMPLE_NAME, line no: 27,to_add.add(first),METHOD_INVOCATION, 0.16666666666666666, 0.0, 0.0, 0.0, 0.16666666666666666, 1.0
add,SIMPLE_NAME, line no: 27,output.add(to_add),METHOD_INVOCATION, 0.16666666666666666, 0.0, 0.0, 0.0, 0.16666666666666666, 1.0
to_add,SIMPLE_NAME, line no: 27,to_add.add(first),METHOD_INVOCATION, 0.16666666666666666, 0.0, 0.0, 0.0, 0.16666666666666666, 1.0
to_add,SIMPLE_NAME, line no: 27,output.add(to_add),METHOD_INVOCATION, 0.16666666666666666, 0.0, 0.0, 0.0, 0.16666666666666666, 1.0
output,SIMPLE_NAME, line no: 29,output.add(to_add),METHOD_INVOCATION, 0.16666666666666666, 0.0, 0.0, 0.0, 0.16666666666666666, 1.0
!arr.isEmpty(),PREFIX_EXPRESSION, line no: 15,new ArrayList(100),CLASS_INSTANCE_CREATION, 0.16262312563634834, 0.0, 0.0, 0.0, 0.18181818181818182, 0.8944271909999159
arr.isEmpty(),METHOD_INVOCATION, line no: 15,new ArrayList<ArrayList>(),CLASS_INSTANCE_CREATION, 0.16262312563634834, 0.0, 0.0, 0.0, 0.18181818181818182, 0.8944271909999159
new ArrayList<ArrayList>(),CLASS_INSTANCE_CREATION, line no: 31,arr.isEmpty(),METHOD_INVOCATION, 0.16262312563634834, 0.0, 0.0, 0.0, 0.18181818181818182, 0.8944271909999159
new ArrayList<ArrayList>(),CLASS_INSTANCE_CREATION, line no: 31,arr.get(0),METHOD_INVOCATION, 0.16262312563634834, 0.0, 0.0, 0.0, 0.18181818181818182, 0.8944271909999159
new ArrayList<ArrayList>(),CLASS_INSTANCE_CREATION, line no: 31,arr.remove(0),METHOD_INVOCATION, 0.16262312563634834, 0.0, 0.0, 0.0, 0.18181818181818182, 0.8944271909999159
new ArrayList<ArrayList>(),CLASS_INSTANCE_CREATION, line no: 31,to_add.add(first),METHOD_INVOCATION, 0.16262312563634834, 0.0, 0.0, 0.0, 0.18181818181818182, 0.8944271909999159
new ArrayList<ArrayList>(),CLASS_INSTANCE_CREATION, line no: 31,output.add(to_add),METHOD_INVOCATION, 0.16262312563634834, 0.0, 0.0, 0.0, 0.18181818181818182, 0.8944271909999159
new ArrayList<ArrayList>(100),CLASS_INSTANCE_CREATION, line no: 21,!arr.isEmpty(),PREFIX_EXPRESSION, 0.15384615384615385, 0.0, 0.0, 0.0, 0.15384615384615385, 1.0
new ArrayList<ArrayList>(100),CLASS_INSTANCE_CREATION, line no: 21,to_add.addAll(subset),METHOD_INVOCATION, 0.15384615384615385, 0.0, 0.0, 0.0, 0.15384615384615385, 1.0
to_add.addAll(subset),METHOD_INVOCATION, line no: 25,new ArrayList<ArrayList>(100),CLASS_INSTANCE_CREATION, 0.15384615384615385, 0.0, 0.0, 0.0, 0.15384615384615385, 1.0
!arr.isEmpty(),PREFIX_EXPRESSION, line no: 15,new ArrayList<ArrayList>(),CLASS_INSTANCE_CREATION, 0.14907119849998596, 0.0, 0.0, 0.0, 0.16666666666666666, 0.8944271909999159
arr.isEmpty(),METHOD_INVOCATION, line no: 15,arr,SIMPLE_NAME, 0.14907119849998596, 0.0, 0.0, 0.0, 0.16666666666666666, 0.8944271909999159
arr.isEmpty(),METHOD_INVOCATION, line no: 15,new ArrayList<ArrayList>(100),CLASS_INSTANCE_CREATION, 0.14907119849998596, 0.0, 0.0, 0.0, 0.16666666666666666, 0.8944271909999159
arr,SIMPLE_NAME, line no: 15,arr.isEmpty(),METHOD_INVOCATION, 0.14907119849998596, 0.0, 0.0, 0.0, 0.16666666666666666, 0.8944271909999159
arr,SIMPLE_NAME, line no: 15,arr.get(0),METHOD_INVOCATION, 0.14907119849998596, 0.0, 0.0, 0.0, 0.16666666666666666, 0.8944271909999159
arr,SIMPLE_NAME, line no: 15,arr.remove(0),METHOD_INVOCATION, 0.14907119849998596, 0.0, 0.0, 0.0, 0.16666666666666666, 0.8944271909999159
new ArrayList<ArrayList>(),CLASS_INSTANCE_CREATION, line no: 31,!arr.isEmpty(),PREFIX_EXPRESSION, 0.14907119849998596, 0.0, 0.0, 0.0, 0.16666666666666666, 0.8944271909999159
new ArrayList<ArrayList>(),CLASS_INSTANCE_CREATION, line no: 31,to_add.addAll(subset),METHOD_INVOCATION, 0.14907119849998596, 0.0, 0.0, 0.0, 0.16666666666666666, 0.8944271909999159
add,SIMPLE_NAME, line no: 32,to_add.add(first),METHOD_INVOCATION, 0.14907119849998596, 0.0, 0.0, 0.0, 0.16666666666666666, 0.8944271909999159
add,SIMPLE_NAME, line no: 32,output.add(to_add),METHOD_INVOCATION, 0.14907119849998596, 0.0, 0.0, 0.0, 0.16666666666666666, 0.8944271909999159
arr,SIMPLE_NAME, line no: 16,!arr.isEmpty(),PREFIX_EXPRESSION, 0.14285714285714285, 0.0, 0.0, 0.0, 0.14285714285714285, 1.0
arr,SIMPLE_NAME, line no: 17,!arr.isEmpty(),PREFIX_EXPRESSION, 0.14285714285714285, 0.0, 0.0, 0.0, 0.14285714285714285, 1.0
arr,SIMPLE_NAME, line no: 18,!arr.isEmpty(),PREFIX_EXPRESSION, 0.14285714285714285, 0.0, 0.0, 0.0, 0.14285714285714285, 1.0
to_add,SIMPLE_NAME, line no: 22,to_add.addAll(subset),METHOD_INVOCATION, 0.14285714285714285, 0.0, 0.0, 0.0, 0.14285714285714285, 1.0
to_add.add(first),METHOD_INVOCATION, line no: 23,addAll,SIMPLE_NAME, 0.14285714285714285, 0.0, 0.0, 0.0, 0.14285714285714285, 1.0
to_add,SIMPLE_NAME, line no: 23,to_add.addAll(subset),METHOD_INVOCATION, 0.14285714285714285, 0.0, 0.0, 0.0, 0.14285714285714285, 1.0
add,SIMPLE_NAME, line no: 23,to_add.addAll(subset),METHOD_INVOCATION, 0.14285714285714285, 0.0, 0.0, 0.0, 0.14285714285714285, 1.0
subset,SIMPLE_NAME, line no: 24,to_add.addAll(subset),METHOD_INVOCATION, 0.14285714285714285, 0.0, 0.0, 0.0, 0.14285714285714285, 1.0
to_add.addAll(subset),METHOD_INVOCATION, line no: 25,to_add,SIMPLE_NAME, 0.14285714285714285, 0.0, 0.0, 0.0, 0.14285714285714285, 1.0
to_add.addAll(subset),METHOD_INVOCATION, line no: 25,add,SIMPLE_NAME, 0.14285714285714285, 0.0, 0.0, 0.0, 0.14285714285714285, 1.0
to_add.addAll(subset),METHOD_INVOCATION, line no: 25,subset,SIMPLE_NAME, 0.14285714285714285, 0.0, 0.0, 0.0, 0.14285714285714285, 1.0
to_add,SIMPLE_NAME, line no: 25,to_add.addAll(subset),METHOD_INVOCATION, 0.14285714285714285, 0.0, 0.0, 0.0, 0.14285714285714285, 1.0
addAll,SIMPLE_NAME, line no: 25,to_add.add(first),METHOD_INVOCATION, 0.14285714285714285, 0.0, 0.0, 0.0, 0.14285714285714285, 1.0
addAll,SIMPLE_NAME, line no: 25,output.add(to_add),METHOD_INVOCATION, 0.14285714285714285, 0.0, 0.0, 0.0, 0.14285714285714285, 1.0
subset,SIMPLE_NAME, line no: 25,to_add.addAll(subset),METHOD_INVOCATION, 0.14285714285714285, 0.0, 0.0, 0.0, 0.14285714285714285, 1.0
output.add(to_add),METHOD_INVOCATION, line no: 27,addAll,SIMPLE_NAME, 0.14285714285714285, 0.0, 0.0, 0.0, 0.14285714285714285, 1.0
add,SIMPLE_NAME, line no: 27,to_add.addAll(subset),METHOD_INVOCATION, 0.14285714285714285, 0.0, 0.0, 0.0, 0.14285714285714285, 1.0
to_add,SIMPLE_NAME, line no: 27,to_add.addAll(subset),METHOD_INVOCATION, 0.14285714285714285, 0.0, 0.0, 0.0, 0.14285714285714285, 1.0
!arr.isEmpty(),PREFIX_EXPRESSION, line no: 15,new ArrayList<ArrayList>(100),CLASS_INSTANCE_CREATION, 0.1376041832307563, 0.0, 0.0, 0.0, 0.15384615384615385, 0.8944271909999159
!arr.isEmpty(),PREFIX_EXPRESSION, line no: 15,arr,SIMPLE_NAME, 0.12777531299998798, 0.0, 0.0, 0.0, 0.14285714285714285, 0.8944271909999159
arr,SIMPLE_NAME, line no: 15,!arr.isEmpty(),PREFIX_EXPRESSION, 0.12777531299998798, 0.0, 0.0, 0.0, 0.14285714285714285, 0.8944271909999159
add,SIMPLE_NAME, line no: 32,to_add.addAll(subset),METHOD_INVOCATION, 0.12777531299998798, 0.0, 0.0, 0.0, 0.14285714285714285, 0.8944271909999159
arr.get(0),METHOD_INVOCATION, line no: 16,java.util,QUALIFIED_NAME, 0.125, 0.0, 0.0, 0.0, 0.125, 1.0
arr.remove(0),METHOD_INVOCATION, line no: 17,java.util,QUALIFIED_NAME, 0.125, 0.0, 0.0, 0.0, 0.125, 1.0
new ArrayList<ArrayList>(100),CLASS_INSTANCE_CREATION, line no: 21,100,NUMBER_LITERAL, 0.125, 0.0, 0.0, 0.0, 0.125, 1.0
100,NUMBER_LITERAL, line no: 21,new ArrayList<ArrayList>(100),CLASS_INSTANCE_CREATION, 0.125, 0.0, 0.0, 0.0, 0.125, 1.0
100,NUMBER_LITERAL, line no: 22,new ArrayList<ArrayList>(100),CLASS_INSTANCE_CREATION, 0.125, 0.0, 0.0, 0.0, 0.125, 1.0
to_add.add(first),METHOD_INVOCATION, line no: 23,java.util,QUALIFIED_NAME, 0.125, 0.0, 0.0, 0.0, 0.125, 1.0
add,SIMPLE_NAME, line no: 23,empty_set.add(new ArrayList()),METHOD_INVOCATION, 0.125, 0.0, 0.0, 0.0, 0.125, 1.0
output.add(to_add),METHOD_INVOCATION, line no: 27,java.util,QUALIFIED_NAME, 0.125, 0.0, 0.0, 0.0, 0.125, 1.0
add,SIMPLE_NAME, line no: 27,empty_set.add(new ArrayList()),METHOD_INVOCATION, 0.125, 0.0, 0.0, 0.0, 0.125, 1.0
arr.isEmpty(),METHOD_INVOCATION, line no: 15,java.util,QUALIFIED_NAME, 0.11180339887498948, 0.0, 0.0, 0.0, 0.125, 0.8944271909999159
empty_set,SIMPLE_NAME, line no: 31,empty_set.add(new ArrayList()),METHOD_INVOCATION, 0.11180339887498948, 0.0, 0.0, 0.0, 0.125, 0.8944271909999159
empty_set.add(new ArrayList()),METHOD_INVOCATION, line no: 32,add,SIMPLE_NAME, 0.11180339887498948, 0.0, 0.0, 0.0, 0.125, 0.8944271909999159
empty_set.add(new ArrayList()),METHOD_INVOCATION, line no: 32,empty_set,SIMPLE_NAME, 0.11180339887498948, 0.0, 0.0, 0.0, 0.125, 0.8944271909999159
empty_set,SIMPLE_NAME, line no: 32,empty_set.add(new ArrayList()),METHOD_INVOCATION, 0.11180339887498948, 0.0, 0.0, 0.0, 0.125, 0.8944271909999159
add,SIMPLE_NAME, line no: 32,empty_set.add(new ArrayList()),METHOD_INVOCATION, 0.11180339887498948, 0.0, 0.0, 0.0, 0.125, 0.8944271909999159
empty_set,SIMPLE_NAME, line no: 33,empty_set.add(new ArrayList()),METHOD_INVOCATION, 0.11180339887498948, 0.0, 0.0, 0.0, 0.125, 0.8944271909999159
to_add.addAll(subset),METHOD_INVOCATION, line no: 25,java.util,QUALIFIED_NAME, 0.1111111111111111, 0.0, 0.0, 0.0, 0.1111111111111111, 1.0
addAll,SIMPLE_NAME, line no: 25,empty_set.add(new ArrayList()),METHOD_INVOCATION, 0.1111111111111111, 0.0, 0.0, 0.0, 0.1111111111111111, 1.0
!arr.isEmpty(),PREFIX_EXPRESSION, line no: 15,java.util,QUALIFIED_NAME, 0.09938079899999064, 0.0, 0.0, 0.0, 0.1111111111111111, 0.8944271909999159
empty_set.add(new ArrayList()),METHOD_INVOCATION, line no: 32,addAll,SIMPLE_NAME, 0.09938079899999064, 0.0, 0.0, 0.0, 0.1111111111111111, 0.8944271909999159
empty_set.add(new ArrayList()),METHOD_INVOCATION, line no: 32,java.util,QUALIFIED_NAME, 0.08944271909999159, 0.0, 0.0, 0.0, 0.1, 0.8944271909999159
