max_ending_here + x,INFIX_EXPRESSION, line no: 19,max_ending_here,SIMPLE_NAME, 2.2775957257457624, 0.8333333333333334, 1.0, 0.7894736842105263, 0.0, 0.8164965809277261
max_so_far=Math.max(max_so_far max_ending_here),ASSIGNMENT, line no: 20,Math.max(max_so_far max_ending_here),METHOD_INVOCATION, 2.2583947983107318, 1.0, 1.0, 0.7659574468085106, 0.0, 0.8164965809277261
max_ending_here,SIMPLE_NAME, line no: 19,max_ending_here + x,INFIX_EXPRESSION, 2.234622221486408, 0.9473684210526315, 1.0, 0.7894736842105263, 0.0, 0.8164965809277261
max_ending_here,SIMPLE_NAME, line no: 19,max_ending_here + x,INFIX_EXPRESSION, 2.232234804583111, 0.9444444444444444, 1.0, 0.7894736842105263, 0.0, 0.8164965809277261
Math.max(max_so_far max_ending_here),METHOD_INVOCATION, line no: 20,max_so_far=Math.max(max_so_far max_ending_here),ASSIGNMENT, 2.21303387714808, 0.9444444444444444, 1.0, 0.7659574468085106, 0.0, 0.8164965809277261
max_ending_here,SIMPLE_NAME, line no: 20,max_ending_here + x,INFIX_EXPRESSION, 2.1916487172270545, 0.8947368421052632, 1.0, 0.7894736842105263, 0.0, 0.8164965809277261
max_ending_here=max_ending_here + x,ASSIGNMENT, line no: 19,max_ending_here + x,INFIX_EXPRESSION, 2.0762341629305037, 1.0, 1.0, 0.5428571428571428, 0.0, 0.8164965809277261
max_ending_here + x,INFIX_EXPRESSION, line no: 19,max_ending_here=max_ending_here + x,ASSIGNMENT, 2.030873241767852, 0.9444444444444444, 1.0, 0.5428571428571428, 0.0, 0.8164965809277261
max_ending_here=max_ending_here + x,ASSIGNMENT, line no: 19,max_ending_here,SIMPLE_NAME, 1.9829202679673348, 0.8823529411764706, 1.0, 0.42857142857142855, 0.0, 0.8164965809277261
Math.max(max_so_far max_ending_here),METHOD_INVOCATION, line no: 20,max_ending_here,SIMPLE_NAME, 1.973200070575338, 0.8333333333333334, 1.0, 0.4166666666666667, 0.0, 0.8164965809277261
max_ending_here,SIMPLE_NAME, line no: 15,max_so_far,SIMPLE_NAME, 1.9595917942265426, 1.0, 1.0, 0.4, 0.0, 0.8164965809277261
max_so_far,SIMPLE_NAME, line no: 16,max_ending_here,SIMPLE_NAME, 1.9595917942265426, 1.0, 1.0, 0.4, 0.0, 0.8164965809277261
max_ending_here,SIMPLE_NAME, line no: 19,max_so_far,SIMPLE_NAME, 1.9595917942265426, 0.8888888888888888, 1.0, 0.4, 0.0, 0.8164965809277261
max_so_far,SIMPLE_NAME, line no: 20,max_ending_here,SIMPLE_NAME, 1.9595917942265426, 0.8888888888888888, 1.0, 0.4, 0.0, 0.8164965809277261
max_so_far,SIMPLE_NAME, line no: 20,max_ending_here,SIMPLE_NAME, 1.9595917942265426, 0.8421052631578947, 1.0, 0.4, 0.0, 0.8164965809277261
max_ending_here,SIMPLE_NAME, line no: 20,max_so_far,SIMPLE_NAME, 1.9595917942265426, 0.8421052631578947, 1.0, 0.4, 0.0, 0.8164965809277261
max_ending_here,SIMPLE_NAME, line no: 19,max_ending_here=max_ending_here + x,ASSIGNMENT, 1.9375593468046834, 0.9444444444444444, 1.0, 0.42857142857142855, 0.0, 0.8164965809277261
max_ending_here,SIMPLE_NAME, line no: 20,Math.max(max_so_far max_ending_here),METHOD_INVOCATION, 1.9302265663159839, 0.9473684210526315, 1.0, 0.4166666666666667, 0.0, 0.8164965809277261
max_so_far,SIMPLE_NAME, line no: 23,max_ending_here,SIMPLE_NAME, 1.9293511801181082, 0.9629629629629629, 1.0, 0.4, 0.0, 0.8164965809277261
max_ending_here,SIMPLE_NAME, line no: 19,Math.max(max_so_far max_ending_here),METHOD_INVOCATION, 1.9278391494126867, 0.9444444444444444, 1.0, 0.4166666666666667, 0.0, 0.8164965809277261
max_ending_here,SIMPLE_NAME, line no: 19,max_so_far,SIMPLE_NAME, 1.9166182899671886, 0.8421052631578947, 1.0, 0.4, 0.0, 0.8164965809277261
max_ending_here,SIMPLE_NAME, line no: 15,max_ending_here + x,INFIX_EXPRESSION, 1.8985080274578896, 0.5357142857142857, 1.0, 0.7894736842105263, 0.0, 0.8164965809277261
max_ending_here,SIMPLE_NAME, line no: 19,max_ending_here=max_ending_here + x,ASSIGNMENT, 1.8969732594486268, 0.8947368421052632, 1.0, 0.42857142857142855, 0.0, 0.8164965809277261
max_ending_here,SIMPLE_NAME, line no: 20,max_ending_here=max_ending_here + x,ASSIGNMENT, 1.8969732594486268, 0.8947368421052632, 1.0, 0.42857142857142855, 0.0, 0.8164965809277261
max_so_far=Math.max(max_so_far max_ending_here),ASSIGNMENT, line no: 20,max_ending_here,SIMPLE_NAME, 1.893577177045152, 0.8823529411764706, 1.0, 0.3191489361702128, 0.0, 0.8164965809277261
max_ending_here,SIMPLE_NAME, line no: 19,Math.max(max_so_far max_ending_here),METHOD_INVOCATION, 1.8872530620566301, 0.8947368421052632, 1.0, 0.4166666666666667, 0.0, 0.8164965809277261
max_so_far,SIMPLE_NAME, line no: 20,max,SIMPLE_NAME, 1.87794213613377, 1.0, 1.0, 0.3, 0.0, 0.8164965809277261
max,SIMPLE_NAME, line no: 20,max_so_far,SIMPLE_NAME, 1.87794213613377, 0.8421052631578947, 1.0, 0.3, 0.0, 0.8164965809277261
max_so_far,SIMPLE_NAME, line no: 20,max,SIMPLE_NAME, 1.87794213613377, 1.0, 1.0, 0.3, 0.0, 0.8164965809277261
x,SIMPLE_NAME, line no: 19,max,SIMPLE_NAME, 1.862185184572007, 0.9473684210526315, 1.0, 0.3333333333333333, 0.0, 0.8164965809277261
max,SIMPLE_NAME, line no: 20,x,SIMPLE_NAME, 1.862185184572007, 0.8421052631578947, 1.0, 0.3333333333333333, 0.0, 0.8164965809277261
Math.max(max_so_far max_ending_here),METHOD_INVOCATION, line no: 20,max_so_far,SIMPLE_NAME, 1.8597977676687094, 0.8333333333333334, 1.0, 0.2777777777777778, 0.0, 0.8164965809277261
max_ending_here,SIMPLE_NAME, line no: 19,max_so_far=Math.max(max_so_far max_ending_here),ASSIGNMENT, 1.8482162558825008, 0.9444444444444444, 1.0, 0.3191489361702128, 0.0, 0.8164965809277261
max_ending_here + x,INFIX_EXPRESSION, line no: 19,max_so_far,SIMPLE_NAME, 1.8454732662489248, 0.8333333333333334, 1.0, 0.3157894736842105, 0.0, 0.8164965809277261
max_so_far,SIMPLE_NAME, line no: 20,max_ending_here + x,INFIX_EXPRESSION, 1.8454732662489248, 0.9444444444444444, 1.0, 0.3157894736842105, 0.0, 0.8164965809277261
max_so_far,SIMPLE_NAME, line no: 20,Math.max(max_so_far max_ending_here),METHOD_INVOCATION, 1.8168242634093554, 0.9473684210526315, 1.0, 0.2777777777777778, 0.0, 0.8164965809277261
max_so_far,SIMPLE_NAME, line no: 20,Math.max(max_so_far max_ending_here),METHOD_INVOCATION, 1.814436846506058, 0.9444444444444444, 1.0, 0.2777777777777778, 0.0, 0.8164965809277261
max_ending_here,SIMPLE_NAME, line no: 19,max_so_far=Math.max(max_so_far max_ending_here),ASSIGNMENT, 1.8076301685264442, 0.8947368421052632, 1.0, 0.3191489361702128, 0.0, 0.8164965809277261
max_ending_here,SIMPLE_NAME, line no: 20,max_so_far=Math.max(max_so_far max_ending_here),ASSIGNMENT, 1.8076301685264442, 0.8947368421052632, 1.0, 0.3191489361702128, 0.0, 0.8164965809277261
max_so_far=Math.max(max_so_far max_ending_here),ASSIGNMENT, line no: 20,max_so_far,SIMPLE_NAME, 1.8067158386485855, 0.8823529411764706, 1.0, 0.2127659574468085, 0.0, 0.8164965809277261
max_so_far,SIMPLE_NAME, line no: 20,max_ending_here + x,INFIX_EXPRESSION, 1.8048871788928684, 0.8947368421052632, 1.0, 0.3157894736842105, 0.0, 0.8164965809277261
max_ending_here=max_ending_here + x,ASSIGNMENT, line no: 19,max_so_far,SIMPLE_NAME, 1.7962924780409977, 0.8823529411764706, 1.0, 0.2, 0.0, 0.8164965809277261
max_ending_here,SIMPLE_NAME, line no: 19,max,SIMPLE_NAME, 1.7962924780409977, 1.0, 1.0, 0.2, 0.0, 0.8164965809277261
max,SIMPLE_NAME, line no: 20,max_ending_here,SIMPLE_NAME, 1.7962924780409977, 0.8421052631578947, 1.0, 0.2, 0.0, 0.8164965809277261
max_ending_here,SIMPLE_NAME, line no: 20,max,SIMPLE_NAME, 1.7962924780409977, 1.0, 1.0, 0.2, 0.0, 0.8164965809277261
max_so_far,SIMPLE_NAME, line no: 20,max_so_far=Math.max(max_so_far max_ending_here),ASSIGNMENT, 1.761354917485934, 0.9444444444444444, 1.0, 0.2127659574468085, 0.0, 0.8164965809277261
max_ending_here,SIMPLE_NAME, line no: 19,max,SIMPLE_NAME, 1.7533189737816435, 0.9473684210526315, 1.0, 0.2, 0.0, 0.8164965809277261
max_so_far,SIMPLE_NAME, line no: 20,max_ending_here=max_ending_here + x,ASSIGNMENT, 1.7509315568783461, 0.9444444444444444, 1.0, 0.2, 0.0, 0.8164965809277261
max_so_far,SIMPLE_NAME, line no: 20,max_so_far=Math.max(max_so_far max_ending_here),ASSIGNMENT, 1.7207688301298776, 0.8947368421052632, 1.0, 0.2127659574468085, 0.0, 0.8164965809277261
max_ending_here + x,INFIX_EXPRESSION, line no: 19,max,SIMPLE_NAME, 1.7165527534708627, 0.9444444444444444, 1.0, 0.15789473684210525, 0.0, 0.8164965809277261
max_so_far,SIMPLE_NAME, line no: 20,x,SIMPLE_NAME, 1.7146428199482249, 0.8888888888888888, 1.0, 0.1, 0.0, 0.8164965809277261
max_so_far,SIMPLE_NAME, line no: 20,max_ending_here=max_ending_here + x,ASSIGNMENT, 1.7103454695222897, 0.8947368421052632, 1.0, 0.2, 0.0, 0.8164965809277261
max_ending_here=max_ending_here + x,ASSIGNMENT, line no: 19,max,SIMPLE_NAME, 1.702978583077829, 1.0, 1.0, 0.08571428571428572, 0.0, 0.8164965809277261
Math.max(max_so_far max_ending_here),METHOD_INVOCATION, line no: 20,max,SIMPLE_NAME, 1.7010345435994296, 1.0, 1.0, 0.08333333333333333, 0.0, 0.8164965809277261
max_ending_here,SIMPLE_NAME, line no: 19,x,SIMPLE_NAME, 1.6874262672506342, 0.8888888888888888, 1.0, 0.06666666666666667, 0.0, 0.8164965809277261
max_ending_here,SIMPLE_NAME, line no: 19,x,SIMPLE_NAME, 1.6874262672506342, 0.8421052631578947, 1.0, 0.06666666666666667, 0.0, 0.8164965809277261
x,SIMPLE_NAME, line no: 19,max_ending_here,SIMPLE_NAME, 1.6874262672506342, 0.8421052631578947, 1.0, 0.06666666666666667, 0.0, 0.8164965809277261
max_so_far=Math.max(max_so_far max_ending_here),ASSIGNMENT, line no: 20,max,SIMPLE_NAME, 1.6851099648933923, 1.0, 1.0, 0.06382978723404255, 0.0, 0.8164965809277261
max_so_far,SIMPLE_NAME, line no: 23,x,SIMPLE_NAME, 1.6844022058397905, 0.9629629629629629, 1.0, 0.1, 0.0, 0.8164965809277261
max_ending_here + x,INFIX_EXPRESSION, line no: 19,x,SIMPLE_NAME, 1.6759666661148065, 0.8333333333333334, 1.0, 0.05263157894736842, 0.0, 0.8164965809277261
max,SIMPLE_NAME, line no: 20,max_ending_here + x,INFIX_EXPRESSION, 1.6759666661148065, 0.8947368421052632, 1.0, 0.15789473684210525, 0.0, 0.8164965809277261
x,SIMPLE_NAME, line no: 19,max_so_far,SIMPLE_NAME, 1.671669315688871, 0.8421052631578947, 1.0, 0.1, 0.0, 0.8164965809277261
max_so_far,SIMPLE_NAME, line no: 20,x,SIMPLE_NAME, 1.671669315688871, 0.8421052631578947, 1.0, 0.1, 0.0, 0.8164965809277261
max,SIMPLE_NAME, line no: 20,Math.max(max_so_far max_ending_here),METHOD_INVOCATION, 1.6580610393400754, 0.9473684210526315, 1.0, 0.08333333333333333, 0.0, 0.8164965809277261
max_so_far,SIMPLE_NAME, line no: 16,x,SIMPLE_NAME, 1.6563216355962445, 0.9285714285714286, 1.0, 0.1, 0.0, 0.8164965809277261
x,SIMPLE_NAME, line no: 18,max_so_far,SIMPLE_NAME, 1.6563216355962445, 0.9285714285714286, 1.0, 0.1, 0.0, 0.8164965809277261
max_ending_here=max_ending_here + x,ASSIGNMENT, line no: 19,x,SIMPLE_NAME, 1.6563216355962445, 0.8823529411764706, 1.0, 0.02857142857142857, 0.0, 0.8164965809277261
max_so_far=Math.max(max_so_far max_ending_here),ASSIGNMENT, line no: 20,x,SIMPLE_NAME, 1.6503654295347658, 0.8823529411764706, 1.0, 0.02127659574468085, 0.0, 0.8164965809277261
max_ending_here,SIMPLE_NAME, line no: 20,x,SIMPLE_NAME, 1.64445276299128, 0.8421052631578947, 1.0, 0.06666666666666667, 0.0, 0.8164965809277261
x,SIMPLE_NAME, line no: 19,max_ending_here + x,INFIX_EXPRESSION, 1.632993161855452, 0.9473684210526315, 1.0, 0.05263157894736842, 0.0, 0.8164965809277261
max_ending_here,SIMPLE_NAME, line no: 15,x,SIMPLE_NAME, 1.6291050828986535, 0.9285714285714286, 1.0, 0.06666666666666667, 0.0, 0.8164965809277261
x,SIMPLE_NAME, line no: 18,max_ending_here,SIMPLE_NAME, 1.6291050828986535, 0.9285714285714286, 1.0, 0.06666666666666667, 0.0, 0.8164965809277261
max,SIMPLE_NAME, line no: 20,max_ending_here=max_ending_here + x,ASSIGNMENT, 1.6170315745591208, 0.8947368421052632, 1.0, 0.08571428571428572, 0.0, 0.8164965809277261
Math.max(max_so_far max_ending_here),METHOD_INVOCATION, line no: 20,x,SIMPLE_NAME, 1.6103127012741265, 0.8333333333333334, 1.0, 0.027777777777777776, 0.0, 0.8164965809277261
max_ending_here,SIMPLE_NAME, line no: 15,0,NUMBER_LITERAL, 1.6038325696794622, 0.9642857142857143, 1.0, 0.0, 0.0, 0.8164965809277261
0,NUMBER_LITERAL, line no: 15,max_ending_here,SIMPLE_NAME, 1.6038325696794622, 0.9642857142857143, 1.0, 0.0, 0.0, 0.8164965809277261
0,NUMBER_LITERAL, line no: 15,max_so_far,SIMPLE_NAME, 1.6038325696794622, 0.9642857142857143, 1.0, 0.0, 0.0, 0.8164965809277261
max_so_far,SIMPLE_NAME, line no: 16,0,NUMBER_LITERAL, 1.6038325696794622, 0.9642857142857143, 1.0, 0.0, 0.0, 0.8164965809277261
0,NUMBER_LITERAL, line no: 16,max_ending_here,SIMPLE_NAME, 1.6038325696794622, 0.9642857142857143, 1.0, 0.0, 0.0, 0.8164965809277261
0,NUMBER_LITERAL, line no: 16,max_so_far,SIMPLE_NAME, 1.6038325696794622, 0.9642857142857143, 1.0, 0.0, 0.0, 0.8164965809277261
max_ending_here,SIMPLE_NAME, line no: 15,max_ending_here=max_ending_here + x,ASSIGNMENT, 1.603832569679462, 0.5357142857142857, 1.0, 0.42857142857142855, 0.0, 0.8164965809277261
max,SIMPLE_NAME, line no: 20,max_so_far=Math.max(max_so_far max_ending_here),ASSIGNMENT, 1.5991629563746843, 0.8947368421052632, 1.0, 0.06382978723404255, 0.0, 0.8164965809277261
max_ending_here,SIMPLE_NAME, line no: 15,Math.max(max_so_far max_ending_here),METHOD_INVOCATION, 1.5941123722874653, 0.5357142857142857, 1.0, 0.4166666666666667, 0.0, 0.8164965809277261
max_so_far,SIMPLE_NAME, line no: 23,0,NUMBER_LITERAL, 1.5725119336385838, 0.9259259259259259, 1.0, 0.0, 0.0, 0.8164965809277261
x,SIMPLE_NAME, line no: 19,max_ending_here=max_ending_here + x,ASSIGNMENT, 1.5703746270775365, 0.8947368421052632, 1.0, 0.02857142857142857, 0.0, 0.8164965809277261
x,SIMPLE_NAME, line no: 19,Math.max(max_so_far max_ending_here),METHOD_INVOCATION, 1.5697266139180701, 0.8947368421052632, 1.0, 0.027777777777777776, 0.0, 0.8164965809277261
max_ending_here=max_ending_here + x,ASSIGNMENT, line no: 19,Math.max(max_so_far max_ending_here),METHOD_INVOCATION, 1.564951780111475, 1.0, 0.3333333333333333, 0.5833333333333334, 0.0, 0.8164965809277261
x,SIMPLE_NAME, line no: 19,max_so_far=Math.max(max_so_far max_ending_here),ASSIGNMENT, 1.5644184210160577, 0.8947368421052632, 1.0, 0.02127659574468085, 0.0, 0.8164965809277261
x,SIMPLE_NAME, line no: 18,max,SIMPLE_NAME, 1.5552315827194783, 0.5714285714285714, 1.0, 0.3333333333333333, 0.0, 0.8164965809277261
0,NUMBER_LITERAL, line no: 15,x,SIMPLE_NAME, 1.5455113853274816, 0.8928571428571429, 1.0, 0.0, 0.0, 0.8164965809277261
0,NUMBER_LITERAL, line no: 16,x,SIMPLE_NAME, 1.5455113853274816, 0.8928571428571429, 1.0, 0.0, 0.0, 0.8164965809277261
x,SIMPLE_NAME, line no: 18,0,NUMBER_LITERAL, 1.5455113853274816, 0.8928571428571429, 1.0, 0.0, 0.0, 0.8164965809277261
max_so_far,SIMPLE_NAME, line no: 23,max,SIMPLE_NAME, 1.5452953809409928, 0.5925925925925926, 1.0, 0.3, 0.0, 0.8164965809277261
max_ending_here,SIMPLE_NAME, line no: 19,0,NUMBER_LITERAL, 1.5422713195301494, 0.8888888888888888, 1.0, 0.0, 0.0, 0.8164965809277261
max_so_far,SIMPLE_NAME, line no: 20,0,NUMBER_LITERAL, 1.5422713195301494, 0.8888888888888888, 1.0, 0.0, 0.0, 0.8164965809277261
max_ending_here=max_ending_here + x,ASSIGNMENT, line no: 19,0,NUMBER_LITERAL, 1.5369347405698375, 0.8823529411764706, 1.0, 0.0, 0.0, 0.8164965809277261
max_so_far=Math.max(max_so_far max_ending_here),ASSIGNMENT, line no: 20,0,NUMBER_LITERAL, 1.5369347405698375, 0.8823529411764706, 1.0, 0.0, 0.0, 0.8164965809277261
max_so_far,SIMPLE_NAME, line no: 16,max,SIMPLE_NAME, 1.5280150300218875, 0.5714285714285714, 1.0, 0.3, 0.0, 0.8164965809277261
max_so_far,SIMPLE_NAME, line no: 23,max_ending_here + x,INFIX_EXPRESSION, 1.5279468181103646, 0.5555555555555556, 1.0, 0.3157894736842105, 0.0, 0.8164965809277261
Math.max(max_so_far max_ending_here),METHOD_INVOCATION, line no: 20,max_ending_here=max_ending_here + x,ASSIGNMENT, 1.5195908589488236, 0.9444444444444444, 0.3333333333333333, 0.5833333333333334, 0.0, 0.8164965809277261
max_ending_here,SIMPLE_NAME, line no: 15,max_so_far=Math.max(max_so_far max_ending_here),ASSIGNMENT, 1.5144894787572791, 0.5357142857142857, 1.0, 0.3191489361702128, 0.0, 0.8164965809277261
max_so_far,SIMPLE_NAME, line no: 16,max_ending_here + x,INFIX_EXPRESSION, 1.5117464891237034, 0.5357142857142857, 1.0, 0.3157894736842105, 0.0, 0.8164965809277261
max_ending_here,SIMPLE_NAME, line no: 19,0,NUMBER_LITERAL, 1.5040726490773901, 0.8421052631578947, 1.0, 0.0, 0.0, 0.8164965809277261
x,SIMPLE_NAME, line no: 19,0,NUMBER_LITERAL, 1.5040726490773901, 0.8421052631578947, 1.0, 0.0, 0.0, 0.8164965809277261
max,SIMPLE_NAME, line no: 20,0,NUMBER_LITERAL, 1.5040726490773901, 0.8421052631578947, 1.0, 0.0, 0.0, 0.8164965809277261
max_so_far,SIMPLE_NAME, line no: 20,0,NUMBER_LITERAL, 1.5040726490773901, 0.8421052631578947, 1.0, 0.0, 0.0, 0.8164965809277261
max_ending_here,SIMPLE_NAME, line no: 20,0,NUMBER_LITERAL, 1.5040726490773901, 0.8421052631578947, 1.0, 0.0, 0.0, 0.8164965809277261
max_ending_here + x,INFIX_EXPRESSION, line no: 19,0,NUMBER_LITERAL, 1.496910398367498, 0.8333333333333334, 1.0, 0.0, 0.0, 0.8164965809277261
Math.max(max_so_far max_ending_here),METHOD_INVOCATION, line no: 20,0,NUMBER_LITERAL, 1.496910398367498, 0.8333333333333334, 1.0, 0.0, 0.0, 0.8164965809277261
max_so_far,SIMPLE_NAME, line no: 23,Math.max(max_so_far max_ending_here),METHOD_INVOCATION, 1.496910398367498, 0.5555555555555556, 1.0, 0.2777777777777778, 0.0, 0.8164965809277261
max_so_far,SIMPLE_NAME, line no: 16,Math.max(max_so_far max_ending_here),METHOD_INVOCATION, 1.4807100693808366, 0.5357142857142857, 1.0, 0.2777777777777778, 0.0, 0.8164965809277261
max_ending_here=max_ending_here + x,ASSIGNMENT, line no: 19,max_so_far=Math.max(max_so_far max_ending_here),ASSIGNMENT, 1.4708519968485279, 1.0, 0.3333333333333333, 0.46808510638297873, 0.0, 0.8164965809277261
max_so_far=Math.max(max_so_far max_ending_here),ASSIGNMENT, line no: 20,max_ending_here=max_ending_here + x,ASSIGNMENT, 1.4708519968485279, 1.0, 0.3333333333333333, 0.46808510638297873, 0.0, 0.8164965809277261
max_ending_here,SIMPLE_NAME, line no: 15,max,SIMPLE_NAME, 1.4463653719291147, 0.5714285714285714, 1.0, 0.2, 0.0, 0.8164965809277261
max_so_far,SIMPLE_NAME, line no: 23,max_so_far=Math.max(max_so_far max_ending_here),ASSIGNMENT, 1.443828469347374, 0.5555555555555556, 1.0, 0.2127659574468085, 0.0, 0.8164965809277261
max_so_far,SIMPLE_NAME, line no: 23,max_ending_here=max_ending_here + x,ASSIGNMENT, 1.4334051087397859, 0.5555555555555556, 1.0, 0.2, 0.0, 0.8164965809277261
max_so_far,SIMPLE_NAME, line no: 16,max_so_far=Math.max(max_so_far max_ending_here),ASSIGNMENT, 1.4276281403607127, 0.5357142857142857, 1.0, 0.2127659574468085, 0.0, 0.8164965809277261
max_so_far,SIMPLE_NAME, line no: 16,max_ending_here=max_ending_here + x,ASSIGNMENT, 1.4172047797531244, 0.5357142857142857, 1.0, 0.2, 0.0, 0.8164965809277261
max_ending_here + x,INFIX_EXPRESSION, line no: 19,Math.max(max_so_far max_ending_here),METHOD_INVOCATION, 1.3835080954608694, 0.9444444444444444, 0.3333333333333333, 0.4166666666666667, 0.0, 0.8164965809277261
Math.max(max_so_far max_ending_here),METHOD_INVOCATION, line no: 20,max_ending_here + x,INFIX_EXPRESSION, 1.3835080954608694, 0.9444444444444444, 0.3333333333333333, 0.4166666666666667, 0.0, 0.8164965809277261
max_so_far=Math.max(max_so_far max_ending_here),ASSIGNMENT, line no: 20,max_ending_here + x,INFIX_EXPRESSION, 1.3492461230933348, 1.0, 0.3333333333333333, 0.3191489361702128, 0.0, 0.8164965809277261
max_ending_here + x,INFIX_EXPRESSION, line no: 19,max_so_far=Math.max(max_so_far max_ending_here),ASSIGNMENT, 1.303885201930683, 0.9444444444444444, 0.3333333333333333, 0.3191489361702128, 0.0, 0.8164965809277261
x,SIMPLE_NAME, line no: 18,max_ending_here + x,INFIX_EXPRESSION, 1.2968789678269332, 0.5357142857142857, 1.0, 0.05263157894736842, 0.0, 0.8164965809277261
0,NUMBER_LITERAL, line no: 15,max,SIMPLE_NAME, 1.2830660557435696, 0.5714285714285714, 1.0, 0.0, 0.0, 0.8164965809277261
0,NUMBER_LITERAL, line no: 16,max,SIMPLE_NAME, 1.2830660557435696, 0.5714285714285714, 1.0, 0.0, 0.0, 0.8164965809277261
x,SIMPLE_NAME, line no: 18,max_ending_here=max_ending_here + x,ASSIGNMENT, 1.2772339373083714, 0.5357142857142857, 1.0, 0.02857142857142857, 0.0, 0.8164965809277261
x,SIMPLE_NAME, line no: 18,Math.max(max_so_far max_ending_here),METHOD_INVOCATION, 1.276585924148905, 0.5357142857142857, 1.0, 0.027777777777777776, 0.0, 0.8164965809277261
x,SIMPLE_NAME, line no: 18,max_so_far=Math.max(max_so_far max_ending_here),ASSIGNMENT, 1.2712777312468926, 0.5357142857142857, 1.0, 0.02127659574468085, 0.0, 0.8164965809277261
0,NUMBER_LITERAL, line no: 15,max_ending_here=max_ending_here + x,ASSIGNMENT, 1.2539054635675793, 0.5357142857142857, 1.0, 0.0, 0.0, 0.8164965809277261
0,NUMBER_LITERAL, line no: 15,max_ending_here + x,INFIX_EXPRESSION, 1.2539054635675793, 0.5357142857142857, 1.0, 0.0, 0.0, 0.8164965809277261
0,NUMBER_LITERAL, line no: 15,max_so_far=Math.max(max_so_far max_ending_here),ASSIGNMENT, 1.2539054635675793, 0.5357142857142857, 1.0, 0.0, 0.0, 0.8164965809277261
0,NUMBER_LITERAL, line no: 15,Math.max(max_so_far max_ending_here),METHOD_INVOCATION, 1.2539054635675793, 0.5357142857142857, 1.0, 0.0, 0.0, 0.8164965809277261
0,NUMBER_LITERAL, line no: 16,max_ending_here=max_ending_here + x,ASSIGNMENT, 1.2539054635675793, 0.5357142857142857, 1.0, 0.0, 0.0, 0.8164965809277261
0,NUMBER_LITERAL, line no: 16,max_ending_here + x,INFIX_EXPRESSION, 1.2539054635675793, 0.5357142857142857, 1.0, 0.0, 0.0, 0.8164965809277261
0,NUMBER_LITERAL, line no: 16,max_so_far=Math.max(max_so_far max_ending_here),ASSIGNMENT, 1.2539054635675793, 0.5357142857142857, 1.0, 0.0, 0.0, 0.8164965809277261
0,NUMBER_LITERAL, line no: 16,Math.max(max_so_far max_ending_here),METHOD_INVOCATION, 1.2539054635675793, 0.5357142857142857, 1.0, 0.0, 0.0, 0.8164965809277261
max_ending_here,SIMPLE_NAME, line no: 19,max_sublist_sum,SIMPLE_NAME, 1.1884561344614681, 0.05555555555555555, 1.0, 0.4, 0.0, 0.8164965809277261
max_so_far,SIMPLE_NAME, line no: 20,max_sublist_sum,SIMPLE_NAME, 1.1884561344614681, 0.05555555555555555, 1.0, 0.4, 0.0, 0.8164965809277261
max_ending_here,SIMPLE_NAME, line no: 19,max_sublist_sum,SIMPLE_NAME, 1.1860687175581708, 0.05263157894736842, 1.0, 0.4, 0.0, 0.8164965809277261
max_so_far,SIMPLE_NAME, line no: 20,max_sublist_sum,SIMPLE_NAME, 1.1860687175581708, 0.05263157894736842, 1.0, 0.4, 0.0, 0.8164965809277261
max_ending_here,SIMPLE_NAME, line no: 20,max_sublist_sum,SIMPLE_NAME, 1.1860687175581708, 0.05263157894736842, 1.0, 0.4, 0.0, 0.8164965809277261
max_so_far,SIMPLE_NAME, line no: 23,max_sublist_sum,SIMPLE_NAME, 1.173335827407251, 0.037037037037037035, 1.0, 0.4, 0.0, 0.8164965809277261
max_ending_here,SIMPLE_NAME, line no: 15,max_sublist_sum,SIMPLE_NAME, 1.172255805474807, 0.03571428571428571, 1.0, 0.4, 0.0, 0.8164965809277261
max_so_far,SIMPLE_NAME, line no: 16,max_sublist_sum,SIMPLE_NAME, 1.172255805474807, 0.03571428571428571, 1.0, 0.4, 0.0, 0.8164965809277261
max_ending_here + x,INFIX_EXPRESSION, line no: 19,max_sublist_sum,SIMPLE_NAME, 1.1196985276465015, 0.05555555555555555, 1.0, 0.3157894736842105, 0.0, 0.8164965809277261
max_ending_here=max_ending_here + x,ASSIGNMENT, line no: 19,max_sublist_sum,SIMPLE_NAME, 1.0278251077560787, 0.058823529411764705, 1.0, 0.2, 0.0, 0.8164965809277261
max,SIMPLE_NAME, line no: 20,max_sublist_sum,SIMPLE_NAME, 1.0227694013726254, 0.05263157894736842, 1.0, 0.2, 0.0, 0.8164965809277261
max_so_far=Math.max(max_so_far max_ending_here),ASSIGNMENT, line no: 20,max_sublist_sum,SIMPLE_NAME, 1.0208762006843535, 0.058823529411764705, 1.0, 0.19148936170212766, 0.0, 0.8164965809277261
Math.max(max_so_far max_ending_here),METHOD_INVOCATION, line no: 20,max_sublist_sum,SIMPLE_NAME, 1.0206207261596576, 0.05555555555555555, 1.0, 0.19444444444444445, 0.0, 0.8164965809277261
Math,SIMPLE_NAME, line no: 20,max,SIMPLE_NAME, 1.0206207261596576, 1.0, 0.0, 0.25, 0.0, 0.8164965809277261
max,SIMPLE_NAME, line no: 20,Math,SIMPLE_NAME, 1.0206207261596576, 1.0, 0.0, 0.25, 0.0, 0.8164965809277261
max,SIMPLE_NAME, line no: 20,arr,SIMPLE_NAME, 0.9597415951255728, 0.05263157894736842, 0.0, 0.3333333333333333, 0.0, 0.8164965809277261
arr,SIMPLE_NAME, line no: 18,max_so_far,SIMPLE_NAME, 0.949555283004837, 0.9629629629629629, 0.0, 0.2, 0.0, 0.8164965809277261
max_so_far,SIMPLE_NAME, line no: 23,arr,SIMPLE_NAME, 0.949555283004837, 0.037037037037037035, 0.0, 0.2, 0.0, 0.8164965809277261
max_ending_here,SIMPLE_NAME, line no: 19,Math,SIMPLE_NAME, 0.9253627917180897, 1.0, 0.0, 0.13333333333333333, 0.0, 0.8164965809277261
Math,SIMPLE_NAME, line no: 20,max_ending_here,SIMPLE_NAME, 0.9253627917180897, 0.8421052631578947, 0.0, 0.13333333333333333, 0.0, 0.8164965809277261
max_ending_here,SIMPLE_NAME, line no: 20,Math,SIMPLE_NAME, 0.9253627917180897, 1.0, 0.0, 0.13333333333333333, 0.0, 0.8164965809277261
max_so_far,SIMPLE_NAME, line no: 16,arr,SIMPLE_NAME, 0.9214747127612909, 0.03571428571428571, 0.0, 0.2, 0.0, 0.8164965809277261
x,SIMPLE_NAME, line no: 19,max_sublist_sum,SIMPLE_NAME, 0.9139031905822619, 0.05263157894736842, 1.0, 0.06666666666666667, 0.0, 0.8164965809277261
Math.max(max_so_far max_ending_here),METHOD_INVOCATION, line no: 20,Math,SIMPLE_NAME, 0.907218423253029, 1.0, 0.0, 0.1111111111111111, 0.0, 0.8164965809277261
x,SIMPLE_NAME, line no: 18,max_sublist_sum,SIMPLE_NAME, 0.9000902784988982, 0.03571428571428571, 1.0, 0.06666666666666667, 0.0, 0.8164965809277261
max_so_far,SIMPLE_NAME, line no: 20,Math,SIMPLE_NAME, 0.8981462390204988, 1.0, 0.0, 0.1, 0.0, 0.8164965809277261
Math,SIMPLE_NAME, line no: 20,max_so_far,SIMPLE_NAME, 0.8981462390204988, 0.8421052631578947, 0.0, 0.1, 0.0, 0.8164965809277261
max_so_far,SIMPLE_NAME, line no: 20,Math,SIMPLE_NAME, 0.8981462390204988, 1.0, 0.0, 0.1, 0.0, 0.8164965809277261
arr,SIMPLE_NAME, line no: 18,max_ending_here,SIMPLE_NAME, 0.8951221776096554, 0.9629629629629629, 0.0, 0.13333333333333333, 0.0, 0.8164965809277261
Math,SIMPLE_NAME, line no: 20,arr,SIMPLE_NAME, 0.8917002133815957, 0.05263157894736842, 0.0, 0.25, 0.0, 0.8164965809277261
max_so_far,SIMPLE_NAME, line no: 20,arr,SIMPLE_NAME, 0.8890740547879684, 0.05555555555555555, 0.0, 0.2, 0.0, 0.8164965809277261
max_so_far=Math.max(max_so_far max_ending_here),ASSIGNMENT, line no: 20,Math,SIMPLE_NAME, 0.8859856516449793, 1.0, 0.0, 0.0851063829787234, 0.0, 0.8164965809277261
max_ending_here,SIMPLE_NAME, line no: 19,Math,SIMPLE_NAME, 0.8823892874587357, 0.9473684210526315, 0.0, 0.13333333333333333, 0.0, 0.8164965809277261
max_ending_here,SIMPLE_NAME, line no: 15,arr,SIMPLE_NAME, 0.8670416073661092, 0.03571428571428571, 0.0, 0.13333333333333333, 0.0, 0.8164965809277261
Math,SIMPLE_NAME, line no: 20,Math.max(max_so_far max_ending_here),METHOD_INVOCATION, 0.864244918993675, 0.9473684210526315, 0.0, 0.1111111111111111, 0.0, 0.8164965809277261
max_ending_here=max_ending_here + x,ASSIGNMENT, line no: 19,Math,SIMPLE_NAME, 0.8631535284093105, 1.0, 0.0, 0.05714285714285714, 0.0, 0.8164965809277261
max_ending_here + x,INFIX_EXPRESSION, line no: 19,Math,SIMPLE_NAME, 0.8570826682837828, 0.9444444444444444, 0.0, 0.10526315789473684, 0.0, 0.8164965809277261
max_so_far,SIMPLE_NAME, line no: 20,arr,SIMPLE_NAME, 0.8508753843352093, 0.05263157894736842, 0.0, 0.2, 0.0, 0.8164965809277261
0,NUMBER_LITERAL, line no: 15,max_sublist_sum,SIMPLE_NAME, 0.8456571731037165, 0.03571428571428571, 1.0, 0.0, 0.0, 0.8164965809277261
0,NUMBER_LITERAL, line no: 16,max_sublist_sum,SIMPLE_NAME, 0.8456571731037165, 0.03571428571428571, 1.0, 0.0, 0.0, 0.8164965809277261
max_ending_here,SIMPLE_NAME, line no: 19,arr,SIMPLE_NAME, 0.8346409493927867, 0.05555555555555555, 0.0, 0.13333333333333333, 0.0, 0.8164965809277261
arr,SIMPLE_NAME, line no: 18,x,SIMPLE_NAME, 0.8164965809277261, 1.0, 0.0, 0.0, 0.0, 0.8164965809277261
Math,SIMPLE_NAME, line no: 20,max_ending_here + x,INFIX_EXPRESSION, 0.8164965809277261, 0.8947368421052632, 0.0, 0.10526315789473684, 0.0, 0.8164965809277261
Math,SIMPLE_NAME, line no: 20,max_so_far=Math.max(max_so_far max_ending_here),ASSIGNMENT, 0.8000386431262715, 0.8947368421052632, 0.0, 0.0851063829787234, 0.0, 0.8164965809277261
max_ending_here,SIMPLE_NAME, line no: 19,arr,SIMPLE_NAME, 0.7964422789400275, 0.05263157894736842, 0.0, 0.13333333333333333, 0.0, 0.8164965809277261
max_ending_here,SIMPLE_NAME, line no: 20,arr,SIMPLE_NAME, 0.7964422789400275, 0.05263157894736842, 0.0, 0.13333333333333333, 0.0, 0.8164965809277261
max_ending_here=max_ending_here + x,ASSIGNMENT, line no: 19,arr,SIMPLE_NAME, 0.7904235808644878, 0.058823529411764705, 0.0, 0.08571428571428572, 0.0, 0.8164965809277261
x,SIMPLE_NAME, line no: 18,arr,SIMPLE_NAME, 0.7873359887517359, 0.07142857142857142, 0.0, 0.0, 0.0, 0.8164965809277261
Math,SIMPLE_NAME, line no: 20,max_ending_here=max_ending_here + x,ASSIGNMENT, 0.7772065198906025, 0.8947368421052632, 0.0, 0.05714285714285714, 0.0, 0.8164965809277261
x,SIMPLE_NAME, line no: 19,Math,SIMPLE_NAME, 0.7735230766683721, 0.9473684210526315, 0.0, 0.0, 0.0, 0.8164965809277261
Math,SIMPLE_NAME, line no: 20,x,SIMPLE_NAME, 0.7735230766683721, 0.8421052631578947, 0.0, 0.0, 0.0, 0.8164965809277261
max_so_far=Math.max(max_so_far max_ending_here),ASSIGNMENT, line no: 20,arr,SIMPLE_NAME, 0.7725549626800512, 0.058823529411764705, 0.0, 0.06382978723404255, 0.0, 0.8164965809277261
max_ending_here + x,INFIX_EXPRESSION, line no: 19,arr,SIMPLE_NAME, 0.7663608259584799, 0.05555555555555555, 0.0, 0.10526315789473684, 0.0, 0.8164965809277261
arr,SIMPLE_NAME, line no: 18,0,NUMBER_LITERAL, 0.7560153527108575, 0.9259259259259259, 0.0, 0.0, 0.0, 0.8164965809277261
arr,SIMPLE_NAME, line no: 18,max,SIMPLE_NAME, 0.7560153527108574, 0.5925925925925926, 0.0, 0.3333333333333333, 0.0, 0.8164965809277261
Math.max(max_so_far max_ending_here),METHOD_INVOCATION, line no: 20,arr,SIMPLE_NAME, 0.748455199183749, 0.05555555555555555, 0.0, 0.08333333333333333, 0.0, 0.8164965809277261
0,NUMBER_LITERAL, line no: 15,arr,SIMPLE_NAME, 0.7290148043997555, 0.03571428571428571, 0.0, 0.0, 0.0, 0.8164965809277261
0,NUMBER_LITERAL, line no: 16,arr,SIMPLE_NAME, 0.7290148043997555, 0.03571428571428571, 0.0, 0.0, 0.0, 0.8164965809277261
arr,SIMPLE_NAME, line no: 18,Math,SIMPLE_NAME, 0.6879739709668803, 0.5925925925925926, 0.0, 0.25, 0.0, 0.8164965809277261
x,SIMPLE_NAME, line no: 19,arr,SIMPLE_NAME, 0.6875760681496641, 0.05263157894736842, 0.0, 0.0, 0.0, 0.8164965809277261
Math,SIMPLE_NAME, line no: 20,0,NUMBER_LITERAL, 0.6875760681496641, 0.8421052631578947, 0.0, 0.0, 0.0, 0.8164965809277261
max_ending_here,SIMPLE_NAME, line no: 15,Math,SIMPLE_NAME, 0.575435685606207, 0.5714285714285714, 0.0, 0.13333333333333333, 0.0, 0.8164965809277261
max_so_far,SIMPLE_NAME, line no: 23,Math,SIMPLE_NAME, 0.5654994838277214, 0.5925925925925926, 0.0, 0.1, 0.0, 0.8164965809277261
max_so_far,SIMPLE_NAME, line no: 16,Math,SIMPLE_NAME, 0.5482191329086161, 0.5714285714285714, 0.0, 0.1, 0.0, 0.8164965809277261
arr,SIMPLE_NAME, line no: 18,max_ending_here + x,INFIX_EXPRESSION, 0.5395562201452225, 0.5555555555555556, 0.0, 0.10526315789473684, 0.0, 0.8164965809277261
arr,SIMPLE_NAME, line no: 18,max_ending_here=max_ending_here + x,ASSIGNMENT, 0.5235946328488911, 0.5555555555555556, 0.0, 0.08571428571428572, 0.0, 0.8164965809277261
arr,SIMPLE_NAME, line no: 18,Math.max(max_so_far max_ending_here),METHOD_INVOCATION, 0.5216505933704918, 0.5555555555555556, 0.0, 0.08333333333333333, 0.0, 0.8164965809277261
arr,SIMPLE_NAME, line no: 18,max_so_far=Math.max(max_so_far max_ending_here),ASSIGNMENT, 0.5057260146644545, 0.5555555555555556, 0.0, 0.06382978723404255, 0.0, 0.8164965809277261
0,NUMBER_LITERAL, line no: 15,Math,SIMPLE_NAME, 0.4665694748158435, 0.5714285714285714, 0.0, 0.0, 0.0, 0.8164965809277261
0,NUMBER_LITERAL, line no: 16,Math,SIMPLE_NAME, 0.4665694748158435, 0.5714285714285714, 0.0, 0.0, 0.0, 0.8164965809277261
x,SIMPLE_NAME, line no: 18,Math,SIMPLE_NAME, 0.4665694748158435, 0.5714285714285714, 0.0, 0.0, 0.0, 0.8164965809277261
Math,SIMPLE_NAME, line no: 20,java,SIMPLE_NAME, 0.24709764949128554, 0.05263157894736842, 0.0, 0.25, 0.0, 0.8164965809277261
Math,SIMPLE_NAME, line no: 20,util,SIMPLE_NAME, 0.24709764949128554, 0.05263157894736842, 0.0, 0.25, 0.0, 0.8164965809277261
max,SIMPLE_NAME, line no: 20,java,SIMPLE_NAME, 0.24709764949128554, 0.05263157894736842, 0.0, 0.25, 0.0, 0.8164965809277261
arr,SIMPLE_NAME, line no: 18,java,SIMPLE_NAME, 0.23436475934036582, 0.037037037037037035, 0.0, 0.25, 0.0, 0.8164965809277261
max_ending_here,SIMPLE_NAME, line no: 19,buggy_java_programs,SIMPLE_NAME, 0.2172549382000675, 0.05555555555555555, 0.0, 0.21052631578947367, 0.0, 0.8164965809277261
max_ending_here + x,INFIX_EXPRESSION, line no: 19,buggy_java_programs,SIMPLE_NAME, 0.2172549382000675, 0.05555555555555555, 0.0, 0.21052631578947367, 0.0, 0.8164965809277261
max_so_far,SIMPLE_NAME, line no: 20,buggy_java_programs,SIMPLE_NAME, 0.2172549382000675, 0.05555555555555555, 0.0, 0.21052631578947367, 0.0, 0.8164965809277261
max_ending_here,SIMPLE_NAME, line no: 19,buggy_java_programs,SIMPLE_NAME, 0.21486752129677003, 0.05263157894736842, 0.0, 0.21052631578947367, 0.0, 0.8164965809277261
max_so_far,SIMPLE_NAME, line no: 20,buggy_java_programs,SIMPLE_NAME, 0.21486752129677003, 0.05263157894736842, 0.0, 0.21052631578947367, 0.0, 0.8164965809277261
max_ending_here,SIMPLE_NAME, line no: 20,buggy_java_programs,SIMPLE_NAME, 0.21486752129677003, 0.05263157894736842, 0.0, 0.21052631578947367, 0.0, 0.8164965809277261
max_so_far,SIMPLE_NAME, line no: 20,java,SIMPLE_NAME, 0.20866023734819666, 0.05555555555555555, 0.0, 0.2, 0.0, 0.8164965809277261
max_so_far,SIMPLE_NAME, line no: 20,java,SIMPLE_NAME, 0.20627282044489925, 0.05263157894736842, 0.0, 0.2, 0.0, 0.8164965809277261
max_so_far,SIMPLE_NAME, line no: 23,buggy_java_programs,SIMPLE_NAME, 0.2021346311458503, 0.037037037037037035, 0.0, 0.21052631578947367, 0.0, 0.8164965809277261
max_ending_here,SIMPLE_NAME, line no: 15,buggy_java_programs,SIMPLE_NAME, 0.20105460921340623, 0.03571428571428571, 0.0, 0.21052631578947367, 0.0, 0.8164965809277261
max_so_far,SIMPLE_NAME, line no: 16,buggy_java_programs,SIMPLE_NAME, 0.20105460921340623, 0.03571428571428571, 0.0, 0.21052631578947367, 0.0, 0.8164965809277261
max_so_far,SIMPLE_NAME, line no: 23,java,SIMPLE_NAME, 0.19353993029397953, 0.037037037037037035, 0.0, 0.2, 0.0, 0.8164965809277261
max_so_far,SIMPLE_NAME, line no: 16,java,SIMPLE_NAME, 0.19245990836153545, 0.03571428571428571, 0.0, 0.2, 0.0, 0.8164965809277261
max_ending_here=max_ending_here + x,ASSIGNMENT, line no: 19,buggy_java_programs,SIMPLE_NAME, 0.1880000530875605, 0.058823529411764705, 0.0, 0.17142857142857143, 0.0, 0.8164965809277261
Math.max(max_so_far max_ending_here),METHOD_INVOCATION, line no: 20,buggy_java_programs,SIMPLE_NAME, 0.1814436846506058, 0.05555555555555555, 0.0, 0.16666666666666666, 0.0, 0.8164965809277261
Math,SIMPLE_NAME, line no: 20,java.util,QUALIFIED_NAME, 0.1814436846506058, 0.0, 0.0, 0.2222222222222222, 0.0, 0.8164965809277261
max_so_far=Math.max(max_so_far max_ending_here),ASSIGNMENT, line no: 20,buggy_java_programs,SIMPLE_NAME, 0.16963508439800068, 0.058823529411764705, 0.0, 0.14893617021276595, 0.0, 0.8164965809277261
max_so_far,SIMPLE_NAME, line no: 16,java.util,QUALIFIED_NAME, 0.16329931618554525, 0.0, 0.0, 0.2, 0.0, 0.8164965809277261
max_so_far,SIMPLE_NAME, line no: 20,java.util,QUALIFIED_NAME, 0.16329931618554525, 0.0, 0.0, 0.2, 0.0, 0.8164965809277261
max_so_far,SIMPLE_NAME, line no: 20,java.util,QUALIFIED_NAME, 0.16329931618554525, 0.0, 0.0, 0.2, 0.0, 0.8164965809277261
max_so_far,SIMPLE_NAME, line no: 23,java.util,QUALIFIED_NAME, 0.16329931618554525, 0.0, 0.0, 0.2, 0.0, 0.8164965809277261
arr,SIMPLE_NAME, line no: 18,buggy_java_programs,SIMPLE_NAME, 0.1591611268864963, 0.037037037037037035, 0.0, 0.15789473684210525, 0.0, 0.8164965809277261
max_ending_here,SIMPLE_NAME, line no: 19,MAX_SUBLIST_SUM,SIMPLE_NAME, 0.15422713195301493, 0.05555555555555555, 0.0, 0.13333333333333333, 0.0, 0.8164965809277261
max_so_far,SIMPLE_NAME, line no: 20,MAX_SUBLIST_SUM,SIMPLE_NAME, 0.15422713195301493, 0.05555555555555555, 0.0, 0.13333333333333333, 0.0, 0.8164965809277261
max_ending_here,SIMPLE_NAME, line no: 19,MAX_SUBLIST_SUM,SIMPLE_NAME, 0.1518397150497175, 0.05263157894736842, 0.0, 0.13333333333333333, 0.0, 0.8164965809277261
Math,SIMPLE_NAME, line no: 20,max_sublist_sum,SIMPLE_NAME, 0.1518397150497175, 0.05263157894736842, 0.0, 0.13333333333333333, 0.0, 0.8164965809277261
max_so_far,SIMPLE_NAME, line no: 20,MAX_SUBLIST_SUM,SIMPLE_NAME, 0.1518397150497175, 0.05263157894736842, 0.0, 0.13333333333333333, 0.0, 0.8164965809277261
max_ending_here,SIMPLE_NAME, line no: 20,MAX_SUBLIST_SUM,SIMPLE_NAME, 0.1518397150497175, 0.05263157894736842, 0.0, 0.13333333333333333, 0.0, 0.8164965809277261
max_so_far,SIMPLE_NAME, line no: 23,MAX_SUBLIST_SUM,SIMPLE_NAME, 0.13910682489879778, 0.037037037037037035, 0.0, 0.13333333333333333, 0.0, 0.8164965809277261
max_ending_here,SIMPLE_NAME, line no: 15,MAX_SUBLIST_SUM,SIMPLE_NAME, 0.13802680296635372, 0.03571428571428571, 0.0, 0.13333333333333333, 0.0, 0.8164965809277261
max_so_far,SIMPLE_NAME, line no: 16,MAX_SUBLIST_SUM,SIMPLE_NAME, 0.13802680296635372, 0.03571428571428571, 0.0, 0.13333333333333333, 0.0, 0.8164965809277261
max_ending_here + x,INFIX_EXPRESSION, line no: 19,MAX_SUBLIST_SUM,SIMPLE_NAME, 0.13130792968135946, 0.05555555555555555, 0.0, 0.10526315789473684, 0.0, 0.8164965809277261
Math.max(max_so_far max_ending_here),METHOD_INVOCATION, line no: 20,MAX_SUBLIST_SUM,SIMPLE_NAME, 0.11340230290662863, 0.05555555555555555, 0.0, 0.08333333333333333, 0.0, 0.8164965809277261
max_ending_here,SIMPLE_NAME, line no: 15,java.util,QUALIFIED_NAME, 0.10886621079036349, 0.0, 0.0, 0.13333333333333333, 0.0, 0.8164965809277261
max_ending_here,SIMPLE_NAME, line no: 19,java.util,QUALIFIED_NAME, 0.10886621079036349, 0.0, 0.0, 0.13333333333333333, 0.0, 0.8164965809277261
max_ending_here,SIMPLE_NAME, line no: 19,java.util,QUALIFIED_NAME, 0.10886621079036349, 0.0, 0.0, 0.13333333333333333, 0.0, 0.8164965809277261
max_ending_here,SIMPLE_NAME, line no: 20,java.util,QUALIFIED_NAME, 0.10886621079036349, 0.0, 0.0, 0.13333333333333333, 0.0, 0.8164965809277261
max_so_far=Math.max(max_so_far max_ending_here),ASSIGNMENT, line no: 20,MAX_SUBLIST_SUM,SIMPLE_NAME, 0.10014601368074738, 0.058823529411764705, 0.0, 0.06382978723404255, 0.0, 0.8164965809277261
max_ending_here,SIMPLE_NAME, line no: 19,java,SIMPLE_NAME, 0.09979402655783319, 0.05555555555555555, 0.0, 0.06666666666666667, 0.0, 0.8164965809277261
max_ending_here,SIMPLE_NAME, line no: 19,util,SIMPLE_NAME, 0.09979402655783319, 0.05555555555555555, 0.0, 0.06666666666666667, 0.0, 0.8164965809277261
max_ending_here,SIMPLE_NAME, line no: 19,java,SIMPLE_NAME, 0.09740660965453575, 0.05263157894736842, 0.0, 0.06666666666666667, 0.0, 0.8164965809277261
max_ending_here,SIMPLE_NAME, line no: 19,util,SIMPLE_NAME, 0.09740660965453575, 0.05263157894736842, 0.0, 0.06666666666666667, 0.0, 0.8164965809277261
Math,SIMPLE_NAME, line no: 20,MAX_SUBLIST_SUM,SIMPLE_NAME, 0.09740660965453575, 0.05263157894736842, 0.0, 0.06666666666666667, 0.0, 0.8164965809277261
max_ending_here,SIMPLE_NAME, line no: 20,java,SIMPLE_NAME, 0.09740660965453575, 0.05263157894736842, 0.0, 0.06666666666666667, 0.0, 0.8164965809277261
max_ending_here,SIMPLE_NAME, line no: 20,util,SIMPLE_NAME, 0.09740660965453575, 0.05263157894736842, 0.0, 0.06666666666666667, 0.0, 0.8164965809277261
max_ending_here=max_ending_here + x,ASSIGNMENT, line no: 19,java,SIMPLE_NAME, 0.09468615812439178, 0.058823529411764705, 0.0, 0.05714285714285714, 0.0, 0.8164965809277261
max_ending_here=max_ending_here + x,ASSIGNMENT, line no: 19,MAX_SUBLIST_SUM,SIMPLE_NAME, 0.09468615812439178, 0.058823529411764705, 0.0, 0.05714285714285714, 0.0, 0.8164965809277261
arr,SIMPLE_NAME, line no: 18,java.util,QUALIFIED_NAME, 0.0907218423253029, 0.0, 0.0, 0.1111111111111111, 0.0, 0.8164965809277261
Math.max(max_so_far max_ending_here),METHOD_INVOCATION, line no: 20,java,SIMPLE_NAME, 0.0907218423253029, 0.05555555555555555, 0.0, 0.05555555555555555, 0.0, 0.8164965809277261
Math.max(max_so_far max_ending_here),METHOD_INVOCATION, line no: 20,util,SIMPLE_NAME, 0.0907218423253029, 0.05555555555555555, 0.0, 0.05555555555555555, 0.0, 0.8164965809277261
max,SIMPLE_NAME, line no: 20,java.util,QUALIFIED_NAME, 0.0907218423253029, 0.0, 0.0, 0.1111111111111111, 0.0, 0.8164965809277261
max_ending_here + x,INFIX_EXPRESSION, line no: 19,java,SIMPLE_NAME, 0.08833442542200545, 0.05555555555555555, 0.0, 0.05263157894736842, 0.0, 0.8164965809277261
max_ending_here + x,INFIX_EXPRESSION, line no: 19,util,SIMPLE_NAME, 0.08833442542200545, 0.05555555555555555, 0.0, 0.05263157894736842, 0.0, 0.8164965809277261
max_ending_here + x,INFIX_EXPRESSION, line no: 19,java.util,QUALIFIED_NAME, 0.08594700851870801, 0.0, 0.0, 0.10526315789473684, 0.0, 0.8164965809277261
Math,SIMPLE_NAME, line no: 20,buggy_java_programs,SIMPLE_NAME, 0.08594700851870801, 0.05263157894736842, 0.0, 0.05263157894736842, 0.0, 0.8164965809277261
max,SIMPLE_NAME, line no: 20,buggy_java_programs,SIMPLE_NAME, 0.08594700851870801, 0.05263157894736842, 0.0, 0.05263157894736842, 0.0, 0.8164965809277261
arr,SIMPLE_NAME, line no: 18,max_sublist_sum,SIMPLE_NAME, 0.08467371950361605, 0.037037037037037035, 0.0, 0.06666666666666667, 0.0, 0.8164965809277261
max_ending_here,SIMPLE_NAME, line no: 15,java,SIMPLE_NAME, 0.08359369757117197, 0.03571428571428571, 0.0, 0.06666666666666667, 0.0, 0.8164965809277261
max_ending_here,SIMPLE_NAME, line no: 15,util,SIMPLE_NAME, 0.08359369757117197, 0.03571428571428571, 0.0, 0.06666666666666667, 0.0, 0.8164965809277261
max_so_far=Math.max(max_so_far max_ending_here),ASSIGNMENT, line no: 20,java,SIMPLE_NAME, 0.08277374600143406, 0.058823529411764705, 0.0, 0.0425531914893617, 0.0, 0.8164965809277261
max_so_far=Math.max(max_so_far max_ending_here),ASSIGNMENT, line no: 20,util,SIMPLE_NAME, 0.08277374600143406, 0.058823529411764705, 0.0, 0.0425531914893617, 0.0, 0.8164965809277261
max_ending_here=max_ending_here + x,ASSIGNMENT, line no: 19,util,SIMPLE_NAME, 0.07135768438359959, 0.058823529411764705, 0.0, 0.02857142857142857, 0.0, 0.8164965809277261
max_ending_here=max_ending_here + x,ASSIGNMENT, line no: 19,java.util,QUALIFIED_NAME, 0.06998542122237653, 0.0, 0.0, 0.08571428571428572, 0.0, 0.8164965809277261
max_so_far=Math.max(max_so_far max_ending_here),ASSIGNMENT, line no: 20,java.util,QUALIFIED_NAME, 0.06948907071725328, 0.0, 0.0, 0.0851063829787234, 0.0, 0.8164965809277261
Math.max(max_so_far max_ending_here),METHOD_INVOCATION, line no: 20,java.util,QUALIFIED_NAME, 0.06804138174397717, 0.0, 0.0, 0.08333333333333333, 0.0, 0.8164965809277261
max_so_far,SIMPLE_NAME, line no: 20,util,SIMPLE_NAME, 0.04536092116265145, 0.05555555555555555, 0.0, 0.0, 0.0, 0.8164965809277261
x,SIMPLE_NAME, line no: 19,buggy_java_programs,SIMPLE_NAME, 0.042973504259354006, 0.05263157894736842, 0.0, 0.0, 0.0, 0.8164965809277261
x,SIMPLE_NAME, line no: 19,java,SIMPLE_NAME, 0.042973504259354006, 0.05263157894736842, 0.0, 0.0, 0.0, 0.8164965809277261
x,SIMPLE_NAME, line no: 19,util,SIMPLE_NAME, 0.042973504259354006, 0.05263157894736842, 0.0, 0.0, 0.0, 0.8164965809277261
x,SIMPLE_NAME, line no: 19,MAX_SUBLIST_SUM,SIMPLE_NAME, 0.042973504259354006, 0.05263157894736842, 0.0, 0.0, 0.0, 0.8164965809277261
max,SIMPLE_NAME, line no: 20,util,SIMPLE_NAME, 0.042973504259354006, 0.05263157894736842, 0.0, 0.0, 0.0, 0.8164965809277261
max,SIMPLE_NAME, line no: 20,MAX_SUBLIST_SUM,SIMPLE_NAME, 0.042973504259354006, 0.05263157894736842, 0.0, 0.0, 0.0, 0.8164965809277261
max_so_far,SIMPLE_NAME, line no: 20,util,SIMPLE_NAME, 0.042973504259354006, 0.05263157894736842, 0.0, 0.0, 0.0, 0.8164965809277261
arr,SIMPLE_NAME, line no: 18,util,SIMPLE_NAME, 0.0302406141084343, 0.037037037037037035, 0.0, 0.0, 0.0, 0.8164965809277261
arr,SIMPLE_NAME, line no: 18,MAX_SUBLIST_SUM,SIMPLE_NAME, 0.0302406141084343, 0.037037037037037035, 0.0, 0.0, 0.0, 0.8164965809277261
max_so_far,SIMPLE_NAME, line no: 23,util,SIMPLE_NAME, 0.0302406141084343, 0.037037037037037035, 0.0, 0.0, 0.0, 0.8164965809277261
0,NUMBER_LITERAL, line no: 15,buggy_java_programs,SIMPLE_NAME, 0.029160592175990218, 0.03571428571428571, 0.0, 0.0, 0.0, 0.8164965809277261
0,NUMBER_LITERAL, line no: 15,java,SIMPLE_NAME, 0.029160592175990218, 0.03571428571428571, 0.0, 0.0, 0.0, 0.8164965809277261
0,NUMBER_LITERAL, line no: 15,util,SIMPLE_NAME, 0.029160592175990218, 0.03571428571428571, 0.0, 0.0, 0.0, 0.8164965809277261
0,NUMBER_LITERAL, line no: 15,MAX_SUBLIST_SUM,SIMPLE_NAME, 0.029160592175990218, 0.03571428571428571, 0.0, 0.0, 0.0, 0.8164965809277261
max_so_far,SIMPLE_NAME, line no: 16,util,SIMPLE_NAME, 0.029160592175990218, 0.03571428571428571, 0.0, 0.0, 0.0, 0.8164965809277261
0,NUMBER_LITERAL, line no: 16,buggy_java_programs,SIMPLE_NAME, 0.029160592175990218, 0.03571428571428571, 0.0, 0.0, 0.0, 0.8164965809277261
0,NUMBER_LITERAL, line no: 16,java,SIMPLE_NAME, 0.029160592175990218, 0.03571428571428571, 0.0, 0.0, 0.0, 0.8164965809277261
0,NUMBER_LITERAL, line no: 16,util,SIMPLE_NAME, 0.029160592175990218, 0.03571428571428571, 0.0, 0.0, 0.0, 0.8164965809277261
0,NUMBER_LITERAL, line no: 16,MAX_SUBLIST_SUM,SIMPLE_NAME, 0.029160592175990218, 0.03571428571428571, 0.0, 0.0, 0.0, 0.8164965809277261
x,SIMPLE_NAME, line no: 18,buggy_java_programs,SIMPLE_NAME, 0.029160592175990218, 0.03571428571428571, 0.0, 0.0, 0.0, 0.8164965809277261
x,SIMPLE_NAME, line no: 18,java,SIMPLE_NAME, 0.029160592175990218, 0.03571428571428571, 0.0, 0.0, 0.0, 0.8164965809277261
x,SIMPLE_NAME, line no: 18,util,SIMPLE_NAME, 0.029160592175990218, 0.03571428571428571, 0.0, 0.0, 0.0, 0.8164965809277261
x,SIMPLE_NAME, line no: 18,MAX_SUBLIST_SUM,SIMPLE_NAME, 0.029160592175990218, 0.03571428571428571, 0.0, 0.0, 0.0, 0.8164965809277261
